Order_ID,Vendor_ID,Product_Category,Order_Date,Expected_Delivery_Date,Actual_Delivery_Date,Status,Quantity,Price_Per_Unit,Region,Revenue,Month_Name,Lead_Time,Delivery_Delay,Non_Delivered,Late,On_Time,Early,Delivered_Qty,,,
ORD-0001,VND-007,Furniture,01/01/2025,10/01/2025,,Cancelled,2,9500,Central,19000,January,,,1,0,0,0,0,,,
ORD-0002,VND-004,Apparel,01/01/2025,09/01/2025,,Cancelled,18,75,International,1350,January,,,1,0,0,0,0,,,
ORD-0003,VND-013,Office Supplies,01/01/2025,07/01/2025,08/01/2025,Delivered,55,12,South,660,January,7,1,0,1,0,0,55,,,
ORD-0004,VND-015,Apparel,01/01/2025,09/01/2025,,In Transit,48,75,South,3600,January,,,1,0,0,0,0,,,
ORD-0005,VND-011,Office Supplies,01/01/2025,05/01/2025,05/01/2025,Delivered,71,18,West,1278,January,4,0,0,0,1,0,71,,,
ORD-0006,VND-008,Furniture,01/01/2025,07/01/2025,10/01/2025,Delivered,1,12000,East,12000,January,9,3,0,1,0,0,1,,,
ORD-0007,VND-013,Apparel,01/01/2025,10/01/2025,12/01/2025,Delivered,50,110,West,5500,January,11,2,0,1,0,0,50,,,
ORD-0008,VND-005,Electronics,01/01/2025,05/01/2025,05/01/2025,Delivered,2,8500,Central,17000,January,4,0,0,0,1,0,2,,,
ORD-0009,VND-007,Apparel,01/01/2025,09/01/2025,,In Transit,11,195,International,2145,January,,,1,0,0,0,0,,,
ORD-0010,VND-010,Furniture,01/01/2025,07/01/2025,10/01/2025,Delivered,1,3800,North,3800,January,9,3,0,1,0,0,1,,,
ORD-0011,VND-003,Electronics,01/01/2025,05/01/2025,03/01/2025,Delivered,6,1200,West,7200,January,2,-2,0,0,0,1,6,,,
ORD-0012,VND-007,Electronics,01/01/2025,06/01/2025,,Cancelled,8,3000,East,24000,January,,,1,0,0,0,0,,,
ORD-0013,VND-011,Office Supplies,01/01/2025,09/01/2025,12/01/2025,Delivered,22,18,West,396,January,11,3,0,1,0,0,22,,,
ORD-0014,VND-011,Electronics,01/01/2025,10/01/2025,,Cancelled,2,7200,South,14400,January,,,1,0,0,0,0,,,
ORD-0015,VND-008,Electronics,02/01/2025,11/01/2025,,Cancelled,7,8500,Central,59500,January,,,1,0,0,0,0,,,
ORD-0016,VND-005,Apparel,02/01/2025,09/01/2025,09/01/2025,Delivered,44,250,Central,11000,January,7,0,0,0,1,0,44,,,
ORD-0017,VND-004,Furniture,02/01/2025,06/01/2025,06/01/2025,Delivered,2,4500,Central,9000,January,4,0,0,0,1,0,2,,,
ORD-0018,VND-008,Office Supplies,02/01/2025,08/01/2025,09/01/2025,Delivered,41,500,Central,20500,January,7,1,0,1,0,0,41,,,
ORD-0019,VND-008,Apparel,02/01/2025,06/01/2025,05/01/2025,Delivered,31,320,Central,9920,January,3,-1,0,0,0,1,31,,,
ORD-0020,VND-003,Electronics,02/01/2025,11/01/2025,13/01/2025,Delivered,6,5000,Central,30000,January,11,2,0,1,0,0,6,,,
ORD-0021,VND-006,Electronics,02/01/2025,08/01/2025,09/01/2025,Delivered,6,1200,North,7200,January,7,1,0,1,0,0,6,,,
ORD-0022,VND-005,Office Supplies,02/01/2025,09/01/2025,,Cancelled,43,18,East,774,January,,,1,0,0,0,0,,,
ORD-0023,VND-002,Furniture,02/01/2025,10/01/2025,12/01/2025,Delivered,3,7000,Central,21000,January,10,2,0,1,0,0,3,,,
ORD-0024,VND-008,Office Supplies,02/01/2025,06/01/2025,06/01/2025,Delivered,28,40,East,1120,January,4,0,0,0,1,0,28,,,
ORD-0025,VND-012,Apparel,02/01/2025,08/01/2025,10/01/2025,Delivered,34,195,International,6630,January,8,2,0,1,0,0,34,,,
ORD-0026,VND-014,Office Supplies,03/01/2025,12/01/2025,11/01/2025,Delivered,102,95,Central,9690,January,8,-1,0,0,0,1,102,,,
ORD-0027,VND-006,Electronics,03/01/2025,09/01/2025,,Cancelled,2,7200,West,14400,January,,,1,0,0,0,0,,,
ORD-0028,VND-002,Apparel,03/01/2025,10/01/2025,13/01/2025,Delivered,23,195,Central,4485,January,10,3,0,1,0,0,23,,,
ORD-0029,VND-012,Electronics,03/01/2025,11/01/2025,11/01/2025,Delivered,10,45000,South,450000,January,8,0,0,0,1,0,10,,,
ORD-0030,VND-005,Furniture,03/01/2025,07/01/2025,09/01/2025,Delivered,3,6500,North,19500,January,6,2,0,1,0,0,3,,,
ORD-0031,VND-001,Electronics,03/01/2025,10/01/2025,08/01/2025,Delivered,10,3100,West,31000,January,5,-2,0,0,0,1,10,,,
ORD-0032,VND-012,Electronics,03/01/2025,11/01/2025,13/01/2025,Delivered,10,8500,West,85000,January,10,2,0,1,0,0,10,,,
ORD-0033,VND-010,Office Supplies,03/01/2025,09/01/2025,07/01/2025,Delivered,46,22,South,1012,January,4,-2,0,0,0,1,46,,,
ORD-0034,VND-006,Electronics,03/01/2025,11/01/2025,14/01/2025,Delivered,3,13500,Central,40500,January,11,3,0,1,0,0,3,,,
ORD-0035,VND-013,Apparel,03/01/2025,10/01/2025,,Cancelled,40,75,North,3000,January,,,1,0,0,0,0,,,
ORD-0036,VND-012,Apparel,03/01/2025,07/01/2025,,Cancelled,23,320,West,7360,January,,,1,0,0,0,0,,,
ORD-0037,VND-009,Furniture,03/01/2025,12/01/2025,12/01/2025,Delivered,2,15000,North,30000,January,9,0,0,0,1,0,2,,,
ORD-0038,VND-001,Apparel,03/01/2025,08/01/2025,,In Transit,40,195,West,7800,January,,,1,0,0,0,0,,,
ORD-0039,VND-011,Office Supplies,04/01/2025,12/01/2025,11/01/2025,Delivered,99,80,Central,7920,January,7,-1,0,0,0,1,99,,,
ORD-0040,VND-011,Furniture,04/01/2025,12/01/2025,15/01/2025,Delivered,1,12000,International,12000,January,11,3,0,1,0,0,1,,,
ORD-0041,VND-015,Apparel,04/01/2025,10/01/2025,10/01/2025,Delivered,34,110,West,3740,January,6,0,0,0,1,0,34,,,
ORD-0042,VND-010,Office Supplies,04/01/2025,10/01/2025,10/01/2025,Delivered,88,15,International,1320,January,6,0,0,0,1,0,88,,,
ORD-0043,VND-012,Apparel,04/01/2025,08/01/2025,06/01/2025,Delivered,47,110,West,5170,January,2,-2,0,0,0,1,47,,,
ORD-0044,VND-012,Apparel,04/01/2025,12/01/2025,10/01/2025,Delivered,26,140,East,3640,January,6,-2,0,0,0,1,26,,,
ORD-0045,VND-015,Electronics,04/01/2025,12/01/2025,10/01/2025,Delivered,2,13500,Central,27000,January,6,-2,0,0,0,1,2,,,
ORD-0046,VND-014,Apparel,04/01/2025,08/01/2025,,In Transit,10,60,South,600,January,,,1,0,0,0,0,,,
ORD-0047,VND-014,Apparel,04/01/2025,08/01/2025,09/01/2025,Delivered,20,60,International,1200,January,5,1,0,1,0,0,20,,,
ORD-0048,VND-015,Office Supplies,04/01/2025,10/01/2025,11/01/2025,Delivered,8,50,South,400,January,7,1,0,1,0,0,8,,,
ORD-0049,VND-014,Office Supplies,04/01/2025,08/01/2025,,Cancelled,37,80,Central,2960,January,,,1,0,0,0,0,,,
ORD-0050,VND-003,Electronics,04/01/2025,08/01/2025,09/01/2025,Delivered,4,3000,South,12000,January,5,1,0,1,0,0,4,,,
ORD-0051,VND-012,Apparel,04/01/2025,13/01/2025,15/01/2025,Delivered,52,140,Central,7280,January,11,2,0,1,0,0,52,,,
ORD-0052,VND-007,Electronics,04/01/2025,10/01/2025,,In Transit,1,1800,South,1800,January,,,1,0,0,0,0,,,
ORD-0053,VND-004,Apparel,04/01/2025,12/01/2025,15/01/2025,Delivered,50,75,International,3750,January,11,3,0,1,0,0,50,,,
ORD-0054,VND-009,Furniture,05/01/2025,11/01/2025,10/01/2025,Delivered,2,14000,East,28000,January,5,-1,0,0,0,1,2,,,
ORD-0055,VND-003,Furniture,05/01/2025,11/01/2025,13/01/2025,Delivered,1,3800,South,3800,January,8,2,0,1,0,0,1,,,
ORD-0056,VND-005,Electronics,05/01/2025,11/01/2025,,In Transit,2,1100,International,2200,January,,,1,0,0,0,0,,,
ORD-0057,VND-003,Electronics,05/01/2025,10/01/2025,09/01/2025,Delivered,6,8500,West,51000,January,4,-1,0,0,0,1,6,,,
ORD-0058,VND-007,Electronics,05/01/2025,09/01/2025,,In Transit,7,3000,Central,21000,January,,,1,0,0,0,0,,,
ORD-0059,VND-005,Office Supplies,05/01/2025,10/01/2025,11/01/2025,Delivered,39,150,North,5850,January,6,1,0,1,0,0,39,,,
ORD-0060,VND-009,Office Supplies,05/01/2025,13/01/2025,14/01/2025,Delivered,90,150,North,13500,January,9,1,0,1,0,0,90,,,
ORD-0061,VND-007,Office Supplies,05/01/2025,14/01/2025,,In Transit,35,45,Central,1575,January,,,1,0,0,0,0,,,
ORD-0062,VND-002,Electronics,05/01/2025,12/01/2025,14/01/2025,Delivered,10,2400,East,24000,January,9,2,0,1,0,0,10,,,
ORD-0063,VND-004,Apparel,05/01/2025,14/01/2025,15/01/2025,Delivered,29,110,South,3190,January,10,1,0,1,0,0,29,,,
ORD-0064,VND-009,Furniture,05/01/2025,12/01/2025,15/01/2025,Delivered,2,9500,East,19000,January,10,3,0,1,0,0,2,,,
ORD-0065,VND-012,Electronics,05/01/2025,12/01/2025,,In Transit,5,13500,North,67500,January,,,1,0,0,0,0,,,
ORD-0066,VND-014,Office Supplies,05/01/2025,10/01/2025,12/01/2025,Delivered,82,40,International,3280,January,7,2,0,1,0,0,82,,,
ORD-0067,VND-002,Office Supplies,05/01/2025,13/01/2025,15/01/2025,Delivered,78,12,Central,936,January,10,2,0,1,0,0,78,,,
ORD-0068,VND-010,Electronics,05/01/2025,12/01/2025,11/01/2025,Delivered,2,5000,Central,10000,January,6,-1,0,0,0,1,2,,,
ORD-0069,VND-009,Electronics,06/01/2025,14/01/2025,,Cancelled,8,2400,East,19200,January,,,1,0,0,0,0,,,
ORD-0070,VND-010,Office Supplies,06/01/2025,12/01/2025,14/01/2025,Delivered,45,95,International,4275,January,8,2,0,1,0,0,45,,,
ORD-0071,VND-005,Apparel,06/01/2025,10/01/2025,10/01/2025,Delivered,48,220,East,10560,January,4,0,0,0,1,0,48,,,
ORD-0072,VND-002,Office Supplies,06/01/2025,14/01/2025,15/01/2025,Delivered,23,18,South,414,January,9,1,0,1,0,0,23,,,
ORD-0073,VND-004,Office Supplies,06/01/2025,14/01/2025,13/01/2025,Delivered,34,18,West,612,January,7,-1,0,0,0,1,34,,,
ORD-0074,VND-012,Electronics,06/01/2025,11/01/2025,13/01/2025,Delivered,7,45000,International,315000,January,7,2,0,1,0,0,7,,,
ORD-0075,VND-015,Apparel,06/01/2025,13/01/2025,14/01/2025,Delivered,16,250,West,4000,January,8,1,0,1,0,0,16,,,
ORD-0076,VND-012,Office Supplies,06/01/2025,13/01/2025,15/01/2025,Delivered,47,18,South,846,January,9,2,0,1,0,0,47,,,
ORD-0077,VND-007,Office Supplies,06/01/2025,14/01/2025,,In Transit,9,150,West,1350,January,,,1,0,0,0,0,,,
ORD-0078,VND-012,Furniture,06/01/2025,10/01/2025,,In Transit,2,7000,North,14000,January,,,1,0,0,0,0,,,
ORD-0079,VND-013,Electronics,07/01/2025,12/01/2025,12/01/2025,Delivered,8,1200,West,9600,January,5,0,0,0,1,0,8,,,
ORD-0080,VND-008,Furniture,07/01/2025,13/01/2025,,In Transit,2,4500,South,9000,January,,,1,0,0,0,0,,,
ORD-0081,VND-015,Furniture,07/01/2025,12/01/2025,15/01/2025,Delivered,2,3800,West,7600,January,8,3,0,1,0,0,2,,,
ORD-0082,VND-003,Office Supplies,07/01/2025,11/01/2025,,In Transit,27,15,Central,405,January,,,1,0,0,0,0,,,
ORD-0083,VND-014,Electronics,07/01/2025,12/01/2025,10/01/2025,Delivered,9,8500,East,76500,January,3,-2,0,0,0,1,9,,,
ORD-0084,VND-001,Apparel,07/01/2025,16/01/2025,14/01/2025,Delivered,52,250,North,13000,January,7,-2,0,0,0,1,52,,,
ORD-0085,VND-004,Office Supplies,07/01/2025,14/01/2025,,Cancelled,98,40,Central,3920,January,,,1,0,0,0,0,,,
ORD-0086,VND-002,Apparel,07/01/2025,12/01/2025,,In Transit,42,320,Central,13440,January,,,1,0,0,0,0,,,
ORD-0087,VND-008,Apparel,07/01/2025,13/01/2025,15/01/2025,Delivered,7,320,South,2240,January,8,2,0,1,0,0,7,,,
ORD-0088,VND-004,Electronics,07/01/2025,16/01/2025,19/01/2025,Delivered,7,1100,East,7700,January,12,3,0,1,0,0,7,,,
ORD-0089,VND-002,Furniture,07/01/2025,15/01/2025,14/01/2025,Delivered,1,7000,East,7000,January,7,-1,0,0,0,1,1,,,
ORD-0090,VND-014,Electronics,07/01/2025,15/01/2025,13/01/2025,Delivered,6,3100,International,18600,January,6,-2,0,0,0,1,6,,,
ORD-0091,VND-006,Apparel,07/01/2025,15/01/2025,13/01/2025,Delivered,15,75,North,1125,January,6,-2,0,0,0,1,15,,,
ORD-0092,VND-006,Office Supplies,07/01/2025,11/01/2025,11/01/2025,Delivered,11,350,South,3850,January,4,0,0,0,1,0,11,,,
ORD-0093,VND-010,Apparel,08/01/2025,16/01/2025,,In Transit,14,75,North,1050,January,,,1,0,0,0,0,,,
ORD-0094,VND-004,Office Supplies,08/01/2025,14/01/2025,16/01/2025,Delivered,100,30,International,3000,January,8,2,0,1,0,0,100,,,
ORD-0095,VND-006,Office Supplies,08/01/2025,12/01/2025,14/01/2025,Delivered,8,45,West,360,January,6,2,0,1,0,0,8,,,
ORD-0096,VND-013,Electronics,08/01/2025,17/01/2025,20/01/2025,Delivered,8,8500,Central,68000,January,12,3,0,1,0,0,8,,,
ORD-0097,VND-015,Apparel,08/01/2025,14/01/2025,15/01/2025,Delivered,42,45,North,1890,January,7,1,0,1,0,0,42,,,
ORD-0098,VND-002,Furniture,09/01/2025,18/01/2025,18/01/2025,Delivered,3,3800,Central,11400,January,9,0,0,0,1,0,3,,,
ORD-0099,VND-010,Apparel,09/01/2025,16/01/2025,15/01/2025,Delivered,19,110,South,2090,January,6,-1,0,0,0,1,19,,,
ORD-0100,VND-012,Apparel,09/01/2025,15/01/2025,,In Transit,7,60,West,420,January,,,1,0,0,0,0,,,
ORD-0101,VND-002,Furniture,09/01/2025,18/01/2025,,In Transit,3,15000,South,45000,January,,,1,0,0,0,0,,,
ORD-0102,VND-010,Electronics,09/01/2025,18/01/2025,20/01/2025,Delivered,8,1800,West,14400,January,11,2,0,1,0,0,8,,,
ORD-0103,VND-014,Apparel,09/01/2025,16/01/2025,19/01/2025,Delivered,54,110,West,5940,January,10,3,0,1,0,0,54,,,
ORD-0104,VND-004,Apparel,09/01/2025,17/01/2025,18/01/2025,Delivered,16,320,Central,5120,January,9,1,0,1,0,0,16,,,
ORD-0105,VND-014,Office Supplies,09/01/2025,15/01/2025,,In Transit,19,12,South,228,January,,,1,0,0,0,0,,,
ORD-0106,VND-015,Apparel,09/01/2025,15/01/2025,,In Transit,24,180,South,4320,January,,,1,0,0,0,0,,,
ORD-0107,VND-015,Furniture,09/01/2025,17/01/2025,17/01/2025,Delivered,1,8000,North,8000,January,8,0,0,0,1,0,1,,,
ORD-0108,VND-008,Office Supplies,09/01/2025,17/01/2025,15/01/2025,Delivered,67,22,South,1474,January,6,-2,0,0,0,1,67,,,
ORD-0109,VND-014,Electronics,09/01/2025,16/01/2025,,In Transit,6,5000,North,30000,January,,,1,0,0,0,0,,,
ORD-0110,VND-007,Office Supplies,09/01/2025,17/01/2025,18/01/2025,Delivered,112,12,East,1344,January,9,1,0,1,0,0,112,,,
ORD-0111,VND-012,Furniture,09/01/2025,13/01/2025,14/01/2025,Delivered,3,16500,East,49500,January,5,1,0,1,0,0,3,,,
ORD-0112,VND-009,Furniture,09/01/2025,17/01/2025,,Cancelled,2,16500,East,33000,January,,,1,0,0,0,0,,,
ORD-0113,VND-014,Office Supplies,09/01/2025,15/01/2025,16/01/2025,Delivered,78,40,International,3120,January,7,1,0,1,0,0,78,,,
ORD-0114,VND-008,Electronics,09/01/2025,16/01/2025,19/01/2025,Delivered,8,13500,South,108000,January,10,3,0,1,0,0,8,,,
ORD-0115,VND-005,Office Supplies,10/01/2025,19/01/2025,17/01/2025,Delivered,95,45,International,4275,January,7,-2,0,0,0,1,95,,,
ORD-0116,VND-013,Electronics,10/01/2025,15/01/2025,15/01/2025,Delivered,8,45000,South,360000,January,5,0,0,0,1,0,8,,,
ORD-0117,VND-002,Office Supplies,10/01/2025,18/01/2025,16/01/2025,Delivered,54,45,North,2430,January,6,-2,0,0,0,1,54,,,
ORD-0118,VND-015,Furniture,10/01/2025,18/01/2025,20/01/2025,Delivered,2,15000,International,30000,January,10,2,0,1,0,0,2,,,
ORD-0119,VND-005,Apparel,10/01/2025,17/01/2025,15/01/2025,Delivered,7,130,International,910,January,5,-2,0,0,0,1,7,,,
ORD-0120,VND-008,Apparel,10/01/2025,14/01/2025,17/01/2025,Delivered,25,180,International,4500,January,7,3,0,1,0,0,25,,,
ORD-0121,VND-010,Electronics,10/01/2025,16/01/2025,,In Transit,4,2400,West,9600,January,,,1,0,0,0,0,,,
ORD-0122,VND-009,Electronics,10/01/2025,15/01/2025,17/01/2025,Delivered,10,29000,North,290000,January,7,2,0,1,0,0,10,,,
ORD-0123,VND-012,Electronics,10/01/2025,16/01/2025,19/01/2025,Delivered,10,3000,East,30000,January,9,3,0,1,0,0,10,,,
ORD-0124,VND-012,Furniture,10/01/2025,16/01/2025,18/01/2025,Delivered,3,9500,North,28500,January,8,2,0,1,0,0,3,,,
ORD-0125,VND-012,Office Supplies,10/01/2025,17/01/2025,18/01/2025,Delivered,55,95,West,5225,January,8,1,0,1,0,0,55,,,
ORD-0126,VND-013,Furniture,10/01/2025,18/01/2025,21/01/2025,Delivered,2,21000,South,42000,January,11,3,0,1,0,0,2,,,
ORD-0127,VND-009,Apparel,10/01/2025,19/01/2025,17/01/2025,Delivered,6,320,North,1920,January,7,-2,0,0,0,1,6,,,
ORD-0128,VND-013,Electronics,10/01/2025,15/01/2025,,In Transit,3,1200,International,3600,January,,,1,0,0,0,0,,,
ORD-0129,VND-015,Office Supplies,10/01/2025,17/01/2025,16/01/2025,Delivered,56,500,East,28000,January,6,-1,0,0,0,1,56,,,
ORD-0130,VND-013,Apparel,11/01/2025,17/01/2025,,Cancelled,28,320,East,8960,January,,,1,0,0,0,0,,,
ORD-0131,VND-001,Apparel,11/01/2025,17/01/2025,,Cancelled,52,110,South,5720,January,,,1,0,0,0,0,,,
ORD-0132,VND-009,Apparel,11/01/2025,19/01/2025,21/01/2025,Delivered,14,45,North,630,January,10,2,0,1,0,0,14,,,
ORD-0133,VND-007,Furniture,11/01/2025,19/01/2025,22/01/2025,Delivered,1,15000,West,15000,January,11,3,0,1,0,0,1,,,
ORD-0134,VND-009,Electronics,11/01/2025,18/01/2025,,Cancelled,8,2400,South,19200,January,,,1,0,0,0,0,,,
ORD-0135,VND-008,Apparel,11/01/2025,16/01/2025,,Cancelled,33,320,North,10560,January,,,1,0,0,0,0,,,
ORD-0136,VND-001,Electronics,11/01/2025,17/01/2025,16/01/2025,Delivered,10,5000,Central,50000,January,5,-1,0,0,0,1,10,,,
ORD-0137,VND-012,Furniture,11/01/2025,18/01/2025,17/01/2025,Delivered,3,18000,East,54000,January,6,-1,0,0,0,1,3,,,
ORD-0138,VND-008,Apparel,11/01/2025,16/01/2025,19/01/2025,Delivered,11,45,West,495,January,8,3,0,1,0,0,11,,,
ORD-0139,VND-008,Furniture,11/01/2025,19/01/2025,,Cancelled,2,7000,International,14000,January,,,1,0,0,0,0,,,
ORD-0140,VND-015,Furniture,11/01/2025,20/01/2025,23/01/2025,Delivered,2,16500,West,33000,January,12,3,0,1,0,0,2,,,
ORD-0141,VND-011,Electronics,11/01/2025,16/01/2025,15/01/2025,Delivered,10,13500,International,135000,January,4,-1,0,0,0,1,10,,,
ORD-0142,VND-003,Apparel,11/01/2025,20/01/2025,,In Transit,48,60,West,2880,January,,,1,0,0,0,0,,,
ORD-0143,VND-001,Furniture,11/01/2025,16/01/2025,19/01/2025,Delivered,2,12000,East,24000,January,8,3,0,1,0,0,2,,,
ORD-0144,VND-008,Apparel,11/01/2025,15/01/2025,18/01/2025,Delivered,13,110,International,1430,January,7,3,0,1,0,0,13,,,
ORD-0145,VND-003,Electronics,11/01/2025,17/01/2025,17/01/2025,Delivered,8,3000,North,24000,January,6,0,0,0,1,0,8,,,
ORD-0146,VND-003,Furniture,12/01/2025,17/01/2025,,In Transit,2,12000,International,24000,January,,,1,0,0,0,0,,,
ORD-0147,VND-001,Electronics,12/01/2025,21/01/2025,24/01/2025,Delivered,7,8500,South,59500,January,12,3,0,1,0,0,7,,,
ORD-0148,VND-011,Apparel,12/01/2025,20/01/2025,22/01/2025,Delivered,7,45,North,315,January,10,2,0,1,0,0,7,,,
ORD-0149,VND-005,Apparel,12/01/2025,20/01/2025,23/01/2025,Delivered,54,320,South,17280,January,11,3,0,1,0,0,54,,,
ORD-0150,VND-010,Electronics,12/01/2025,21/01/2025,21/01/2025,Delivered,6,13500,West,81000,January,9,0,0,0,1,0,6,,,
ORD-0151,VND-007,Office Supplies,12/01/2025,19/01/2025,18/01/2025,Delivered,65,150,North,9750,January,6,-1,0,0,0,1,65,,,
ORD-0152,VND-010,Furniture,12/01/2025,18/01/2025,20/01/2025,Delivered,1,15000,West,15000,January,8,2,0,1,0,0,1,,,
ORD-0153,VND-009,Apparel,12/01/2025,18/01/2025,18/01/2025,Delivered,30,60,Central,1800,January,6,0,0,0,1,0,30,,,
ORD-0154,VND-012,Apparel,12/01/2025,18/01/2025,,In Transit,15,45,West,675,January,,,1,0,0,0,0,,,
ORD-0155,VND-007,Furniture,12/01/2025,20/01/2025,,In Transit,2,6500,West,13000,January,,,1,0,0,0,0,,,
ORD-0156,VND-009,Electronics,12/01/2025,19/01/2025,17/01/2025,Delivered,7,1200,South,8400,January,5,-2,0,0,0,1,7,,,
ORD-0157,VND-008,Electronics,12/01/2025,17/01/2025,16/01/2025,Delivered,5,1200,International,6000,January,4,-1,0,0,0,1,5,,,
ORD-0158,VND-012,Electronics,12/01/2025,18/01/2025,19/01/2025,Delivered,7,13500,Central,94500,January,7,1,0,1,0,0,7,,,
ORD-0159,VND-002,Office Supplies,12/01/2025,20/01/2025,,In Transit,95,350,West,33250,January,,,1,0,0,0,0,,,
ORD-0160,VND-001,Office Supplies,12/01/2025,16/01/2025,14/01/2025,Delivered,79,80,West,6320,January,2,-2,0,0,0,1,79,,,
ORD-0161,VND-007,Apparel,12/01/2025,18/01/2025,18/01/2025,Delivered,19,195,Central,3705,January,6,0,0,0,1,0,19,,,
ORD-0162,VND-007,Electronics,12/01/2025,20/01/2025,22/01/2025,Delivered,1,45000,Central,45000,January,10,2,0,1,0,0,1,,,
ORD-0163,VND-014,Furniture,12/01/2025,21/01/2025,23/01/2025,Delivered,1,16500,North,16500,January,11,2,0,1,0,0,1,,,
ORD-0164,VND-008,Apparel,12/01/2025,18/01/2025,19/01/2025,Delivered,38,250,South,9500,January,7,1,0,1,0,0,38,,,
ORD-0165,VND-005,Furniture,13/01/2025,19/01/2025,19/01/2025,Delivered,3,9500,Central,28500,January,6,0,0,0,1,0,3,,,
ORD-0166,VND-003,Apparel,13/01/2025,17/01/2025,19/01/2025,Delivered,53,110,Central,5830,January,6,2,0,1,0,0,53,,,
ORD-0167,VND-012,Office Supplies,13/01/2025,18/01/2025,20/01/2025,Delivered,38,25,East,950,January,7,2,0,1,0,0,38,,,
ORD-0168,VND-008,Apparel,13/01/2025,22/01/2025,23/01/2025,Delivered,19,90,International,1710,January,10,1,0,1,0,0,19,,,
ORD-0169,VND-006,Office Supplies,13/01/2025,20/01/2025,22/01/2025,Delivered,114,25,Central,2850,January,9,2,0,1,0,0,114,,,
ORD-0170,VND-011,Apparel,13/01/2025,21/01/2025,21/01/2025,Delivered,32,45,South,1440,January,8,0,0,0,1,0,32,,,
ORD-0171,VND-003,Electronics,13/01/2025,18/01/2025,18/01/2025,Delivered,6,5000,International,30000,January,5,0,0,0,1,0,6,,,
ORD-0172,VND-001,Furniture,13/01/2025,17/01/2025,15/01/2025,Delivered,3,4500,International,13500,January,2,-2,0,0,0,1,3,,,
ORD-0173,VND-003,Electronics,13/01/2025,20/01/2025,21/01/2025,Delivered,7,3100,West,21700,January,8,1,0,1,0,0,7,,,
ORD-0174,VND-005,Apparel,13/01/2025,18/01/2025,19/01/2025,Delivered,13,180,West,2340,January,6,1,0,1,0,0,13,,,
ORD-0175,VND-015,Apparel,13/01/2025,22/01/2025,20/01/2025,Delivered,34,250,West,8500,January,7,-2,0,0,0,1,34,,,
ORD-0176,VND-014,Apparel,13/01/2025,18/01/2025,16/01/2025,Delivered,50,90,West,4500,January,3,-2,0,0,0,1,50,,,
ORD-0177,VND-003,Office Supplies,13/01/2025,21/01/2025,23/01/2025,Delivered,37,350,East,12950,January,10,2,0,1,0,0,37,,,
ORD-0178,VND-001,Furniture,13/01/2025,18/01/2025,,In Transit,1,3800,Central,3800,January,,,1,0,0,0,0,,,
ORD-0179,VND-005,Furniture,13/01/2025,19/01/2025,22/01/2025,Delivered,3,9500,West,28500,January,9,3,0,1,0,0,3,,,
ORD-0180,VND-010,Apparel,13/01/2025,22/01/2025,23/01/2025,Delivered,12,250,North,3000,January,10,1,0,1,0,0,12,,,
ORD-0181,VND-007,Apparel,13/01/2025,18/01/2025,21/01/2025,Delivered,22,250,West,5500,January,8,3,0,1,0,0,22,,,
ORD-0182,VND-015,Office Supplies,13/01/2025,20/01/2025,18/01/2025,Delivered,89,80,Central,7120,January,5,-2,0,0,0,1,89,,,
ORD-0183,VND-014,Electronics,14/01/2025,20/01/2025,21/01/2025,Delivered,1,3000,West,3000,January,7,1,0,1,0,0,1,,,
ORD-0184,VND-007,Electronics,14/01/2025,22/01/2025,24/01/2025,Delivered,6,2400,East,14400,January,10,2,0,1,0,0,6,,,
ORD-0185,VND-011,Furniture,14/01/2025,18/01/2025,17/01/2025,Delivered,1,8000,South,8000,January,3,-1,0,0,0,1,1,,,
ORD-0186,VND-009,Office Supplies,14/01/2025,21/01/2025,19/01/2025,Delivered,23,500,South,11500,January,5,-2,0,0,0,1,23,,,
ORD-0187,VND-015,Apparel,14/01/2025,22/01/2025,24/01/2025,Delivered,50,195,Central,9750,January,10,2,0,1,0,0,50,,,
ORD-0188,VND-015,Furniture,14/01/2025,22/01/2025,,In Transit,1,6500,South,6500,January,,,1,0,0,0,0,,,
ORD-0189,VND-010,Office Supplies,14/01/2025,20/01/2025,,Cancelled,69,18,South,1242,January,,,1,0,0,0,0,,,
ORD-0190,VND-010,Electronics,14/01/2025,20/01/2025,22/01/2025,Delivered,1,13500,North,13500,January,8,2,0,1,0,0,1,,,
ORD-0191,VND-012,Office Supplies,14/01/2025,23/01/2025,22/01/2025,Delivered,52,30,Central,1560,January,8,-1,0,0,0,1,52,,,
ORD-0192,VND-013,Electronics,14/01/2025,20/01/2025,21/01/2025,Delivered,4,29000,Central,116000,January,7,1,0,1,0,0,4,,,
ORD-0193,VND-003,Office Supplies,14/01/2025,20/01/2025,21/01/2025,Delivered,54,500,South,27000,January,7,1,0,1,0,0,54,,,
ORD-0194,VND-015,Furniture,14/01/2025,20/01/2025,22/01/2025,Delivered,2,18000,South,36000,January,8,2,0,1,0,0,2,,,
ORD-0195,VND-007,Electronics,14/01/2025,21/01/2025,20/01/2025,Delivered,2,5000,South,10000,January,6,-1,0,0,0,1,2,,,
ORD-0196,VND-001,Furniture,15/01/2025,21/01/2025,21/01/2025,Delivered,1,8000,International,8000,January,6,0,0,0,1,0,1,,,
ORD-0197,VND-004,Furniture,15/01/2025,23/01/2025,24/01/2025,Delivered,1,3800,East,3800,January,9,1,0,1,0,0,1,,,
ORD-0198,VND-013,Electronics,15/01/2025,24/01/2025,26/01/2025,Delivered,7,5000,West,35000,January,11,2,0,1,0,0,7,,,
ORD-0199,VND-004,Electronics,15/01/2025,22/01/2025,22/01/2025,Delivered,10,3100,East,31000,January,7,0,0,0,1,0,10,,,
ORD-0200,VND-014,Apparel,15/01/2025,21/01/2025,,In Transit,48,180,Central,8640,January,,,1,0,0,0,0,,,
ORD-0201,VND-005,Apparel,15/01/2025,21/01/2025,21/01/2025,Delivered,32,250,North,8000,January,6,0,0,0,1,0,32,,,
ORD-0202,VND-007,Apparel,16/01/2025,20/01/2025,20/01/2025,Delivered,22,60,West,1320,January,4,0,0,0,1,0,22,,,
ORD-0203,VND-007,Furniture,16/01/2025,22/01/2025,25/01/2025,Delivered,2,6500,North,13000,January,9,3,0,1,0,0,2,,,
ORD-0204,VND-013,Furniture,16/01/2025,25/01/2025,26/01/2025,Delivered,2,3800,International,7600,January,10,1,0,1,0,0,2,,,
ORD-0205,VND-015,Apparel,16/01/2025,22/01/2025,22/01/2025,Delivered,47,60,Central,2820,January,6,0,0,0,1,0,47,,,
ORD-0206,VND-011,Furniture,16/01/2025,23/01/2025,23/01/2025,Delivered,2,4500,International,9000,January,7,0,0,0,1,0,2,,,
ORD-0207,VND-013,Furniture,16/01/2025,22/01/2025,24/01/2025,Delivered,2,21000,Central,42000,January,8,2,0,1,0,0,2,,,
ORD-0208,VND-004,Electronics,16/01/2025,20/01/2025,21/01/2025,Delivered,1,1800,North,1800,January,5,1,0,1,0,0,1,,,
ORD-0209,VND-013,Electronics,16/01/2025,24/01/2025,27/01/2025,Delivered,10,5000,North,50000,January,11,3,0,1,0,0,10,,,
ORD-0210,VND-007,Furniture,16/01/2025,21/01/2025,20/01/2025,Delivered,3,3800,North,11400,January,4,-1,0,0,0,1,3,,,
ORD-0211,VND-011,Apparel,16/01/2025,25/01/2025,23/01/2025,Delivered,27,110,Central,2970,January,7,-2,0,0,0,1,27,,,
ORD-0212,VND-003,Office Supplies,16/01/2025,21/01/2025,19/01/2025,Delivered,112,15,South,1680,January,3,-2,0,0,0,1,112,,,
ORD-0213,VND-006,Apparel,16/01/2025,21/01/2025,20/01/2025,Delivered,21,195,North,4095,January,4,-1,0,0,0,1,21,,,
ORD-0214,VND-012,Office Supplies,16/01/2025,24/01/2025,23/01/2025,Delivered,113,30,International,3390,January,7,-1,0,0,0,1,113,,,
ORD-0215,VND-002,Apparel,16/01/2025,25/01/2025,,Cancelled,35,110,West,3850,January,,,1,0,0,0,0,,,
ORD-0216,VND-010,Electronics,16/01/2025,20/01/2025,20/01/2025,Delivered,8,7200,Central,57600,January,4,0,0,0,1,0,8,,,
ORD-0217,VND-013,Furniture,16/01/2025,22/01/2025,22/01/2025,Delivered,2,8000,International,16000,January,6,0,0,0,1,0,2,,,
ORD-0218,VND-014,Furniture,16/01/2025,20/01/2025,18/01/2025,Delivered,3,3800,East,11400,January,2,-2,0,0,0,1,3,,,
ORD-0219,VND-009,Electronics,16/01/2025,22/01/2025,,Cancelled,4,1200,East,4800,January,,,1,0,0,0,0,,,
ORD-0220,VND-005,Office Supplies,16/01/2025,25/01/2025,,In Transit,113,18,West,2034,January,,,1,0,0,0,0,,,
ORD-0221,VND-006,Office Supplies,16/01/2025,21/01/2025,21/01/2025,Delivered,19,12,South,228,January,5,0,0,0,1,0,19,,,
ORD-0222,VND-012,Office Supplies,17/01/2025,24/01/2025,22/01/2025,Delivered,34,95,North,3230,January,5,-2,0,0,0,1,34,,,
ORD-0223,VND-012,Electronics,17/01/2025,24/01/2025,25/01/2025,Delivered,2,1100,Central,2200,January,8,1,0,1,0,0,2,,,
ORD-0224,VND-012,Office Supplies,17/01/2025,21/01/2025,21/01/2025,Delivered,79,22,International,1738,January,4,0,0,0,1,0,79,,,
ORD-0225,VND-012,Electronics,17/01/2025,26/01/2025,28/01/2025,Delivered,3,1100,North,3300,January,11,2,0,1,0,0,3,,,
ORD-0226,VND-004,Apparel,17/01/2025,24/01/2025,24/01/2025,Delivered,38,75,International,2850,January,7,0,0,0,1,0,38,,,
ORD-0227,VND-014,Apparel,17/01/2025,25/01/2025,26/01/2025,Delivered,39,130,Central,5070,January,9,1,0,1,0,0,39,,,
ORD-0228,VND-014,Electronics,17/01/2025,23/01/2025,24/01/2025,Delivered,10,7200,East,72000,January,7,1,0,1,0,0,10,,,
ORD-0229,VND-011,Furniture,17/01/2025,23/01/2025,,In Transit,2,4500,North,9000,January,,,1,0,0,0,0,,,
ORD-0230,VND-010,Apparel,17/01/2025,26/01/2025,25/01/2025,Delivered,54,140,West,7560,January,8,-1,0,0,0,1,54,,,
ORD-0231,VND-007,Office Supplies,17/01/2025,22/01/2025,20/01/2025,Delivered,40,12,South,480,January,3,-2,0,0,0,1,40,,,
ORD-0232,VND-012,Electronics,17/01/2025,25/01/2025,26/01/2025,Delivered,7,8500,West,59500,January,9,1,0,1,0,0,7,,,
ORD-0233,VND-009,Office Supplies,17/01/2025,24/01/2025,,In Transit,108,95,South,10260,January,,,1,0,0,0,0,,,
ORD-0234,VND-007,Office Supplies,17/01/2025,23/01/2025,,In Transit,8,25,International,200,January,,,1,0,0,0,0,,,
ORD-0235,VND-014,Furniture,17/01/2025,25/01/2025,26/01/2025,Delivered,3,3800,North,11400,January,9,1,0,1,0,0,3,,,
ORD-0236,VND-001,Office Supplies,17/01/2025,25/01/2025,27/01/2025,Delivered,17,150,North,2550,January,10,2,0,1,0,0,17,,,
ORD-0237,VND-001,Furniture,18/01/2025,23/01/2025,,In Transit,1,7000,South,7000,January,,,1,0,0,0,0,,,
ORD-0238,VND-009,Apparel,18/01/2025,25/01/2025,26/01/2025,Delivered,6,140,East,840,January,8,1,0,1,0,0,6,,,
ORD-0239,VND-011,Electronics,18/01/2025,22/01/2025,24/01/2025,Delivered,2,45000,Central,90000,January,6,2,0,1,0,0,2,,,
ORD-0240,VND-014,Office Supplies,18/01/2025,24/01/2025,23/01/2025,Delivered,21,15,West,315,January,5,-1,0,0,0,1,21,,,
ORD-0241,VND-009,Electronics,18/01/2025,22/01/2025,21/01/2025,Delivered,2,1200,International,2400,January,3,-1,0,0,0,1,2,,,
ORD-0242,VND-004,Office Supplies,18/01/2025,24/01/2025,22/01/2025,Delivered,106,25,West,2650,January,4,-2,0,0,0,1,106,,,
ORD-0243,VND-013,Electronics,18/01/2025,23/01/2025,,In Transit,9,3100,West,27900,January,,,1,0,0,0,0,,,
ORD-0244,VND-009,Office Supplies,18/01/2025,24/01/2025,27/01/2025,Delivered,86,150,International,12900,January,9,3,0,1,0,0,86,,,
ORD-0245,VND-003,Office Supplies,18/01/2025,22/01/2025,22/01/2025,Delivered,16,80,International,1280,January,4,0,0,0,1,0,16,,,
ORD-0246,VND-007,Office Supplies,18/01/2025,22/01/2025,23/01/2025,Delivered,38,500,North,19000,January,5,1,0,1,0,0,38,,,
ORD-0247,VND-006,Office Supplies,18/01/2025,25/01/2025,24/01/2025,Delivered,100,25,West,2500,January,6,-1,0,0,0,1,100,,,
ORD-0248,VND-008,Office Supplies,18/01/2025,26/01/2025,29/01/2025,Delivered,50,30,Central,1500,January,11,3,0,1,0,0,50,,,
ORD-0249,VND-011,Office Supplies,18/01/2025,26/01/2025,26/01/2025,Delivered,49,150,Central,7350,January,8,0,0,0,1,0,49,,,
ORD-0250,VND-009,Office Supplies,18/01/2025,22/01/2025,23/01/2025,Delivered,79,18,South,1422,January,5,1,0,1,0,0,79,,,
ORD-0251,VND-014,Office Supplies,18/01/2025,26/01/2025,27/01/2025,Delivered,73,18,International,1314,January,9,1,0,1,0,0,73,,,
ORD-0252,VND-005,Office Supplies,18/01/2025,27/01/2025,27/01/2025,Delivered,101,50,North,5050,January,9,0,0,0,1,0,101,,,
ORD-0253,VND-001,Electronics,19/01/2025,28/01/2025,31/01/2025,Delivered,6,13500,Central,81000,January,12,3,0,1,0,0,6,,,
ORD-0254,VND-003,Furniture,19/01/2025,25/01/2025,,Cancelled,2,6500,East,13000,January,,,1,0,0,0,0,,,
ORD-0255,VND-010,Office Supplies,19/01/2025,23/01/2025,26/01/2025,Delivered,25,500,North,12500,January,7,3,0,1,0,0,25,,,
ORD-0256,VND-012,Furniture,19/01/2025,27/01/2025,27/01/2025,Delivered,1,7000,North,7000,January,8,0,0,0,1,0,1,,,
ORD-0257,VND-008,Office Supplies,19/01/2025,25/01/2025,26/01/2025,Delivered,36,150,Central,5400,January,7,1,0,1,0,0,36,,,
ORD-0258,VND-015,Office Supplies,19/01/2025,24/01/2025,27/01/2025,Delivered,28,45,East,1260,January,8,3,0,1,0,0,28,,,
ORD-0259,VND-011,Electronics,19/01/2025,27/01/2025,25/01/2025,Delivered,2,45000,South,90000,January,6,-2,0,0,0,1,2,,,
ORD-0260,VND-006,Apparel,19/01/2025,28/01/2025,26/01/2025,Delivered,50,75,Central,3750,January,7,-2,0,0,0,1,50,,,
ORD-0261,VND-008,Apparel,19/01/2025,26/01/2025,29/01/2025,Delivered,32,140,East,4480,January,10,3,0,1,0,0,32,,,
ORD-0262,VND-009,Electronics,19/01/2025,23/01/2025,26/01/2025,Delivered,4,1100,North,4400,January,7,3,0,1,0,0,4,,,
ORD-0263,VND-004,Furniture,19/01/2025,25/01/2025,28/01/2025,Delivered,3,21000,East,63000,January,9,3,0,1,0,0,3,,,
ORD-0264,VND-001,Apparel,19/01/2025,27/01/2025,30/01/2025,Delivered,45,45,North,2025,January,11,3,0,1,0,0,45,,,
ORD-0265,VND-014,Electronics,19/01/2025,23/01/2025,25/01/2025,Delivered,1,1100,Central,1100,January,6,2,0,1,0,0,1,,,
ORD-0266,VND-001,Electronics,19/01/2025,23/01/2025,22/01/2025,Delivered,10,5000,International,50000,January,3,-1,0,0,0,1,10,,,
ORD-0267,VND-010,Apparel,19/01/2025,24/01/2025,26/01/2025,Delivered,52,250,Central,13000,January,7,2,0,1,0,0,52,,,
ORD-0268,VND-004,Furniture,19/01/2025,24/01/2025,23/01/2025,Delivered,1,6500,West,6500,January,4,-1,0,0,0,1,1,,,
ORD-0269,VND-012,Electronics,20/01/2025,26/01/2025,24/01/2025,Delivered,8,8500,West,68000,January,4,-2,0,0,0,1,8,,,
ORD-0270,VND-014,Office Supplies,20/01/2025,25/01/2025,27/01/2025,Delivered,10,150,West,1500,January,7,2,0,1,0,0,10,,,
ORD-0271,VND-007,Furniture,20/01/2025,26/01/2025,25/01/2025,Delivered,3,3800,Central,11400,January,5,-1,0,0,0,1,3,,,
ORD-0272,VND-002,Furniture,20/01/2025,29/01/2025,31/01/2025,Delivered,2,12000,South,24000,January,11,2,0,1,0,0,2,,,
ORD-0273,VND-003,Apparel,20/01/2025,24/01/2025,,Cancelled,23,140,Central,3220,January,,,1,0,0,0,0,,,
ORD-0274,VND-001,Apparel,20/01/2025,29/01/2025,,In Transit,9,220,International,1980,January,,,1,0,0,0,0,,,
ORD-0275,VND-005,Office Supplies,20/01/2025,25/01/2025,27/01/2025,Delivered,47,25,East,1175,January,7,2,0,1,0,0,47,,,
ORD-0276,VND-001,Electronics,20/01/2025,29/01/2025,31/01/2025,Delivered,3,8500,Central,25500,January,11,2,0,1,0,0,3,,,
ORD-0277,VND-008,Apparel,20/01/2025,27/01/2025,30/01/2025,Delivered,51,140,Central,7140,January,10,3,0,1,0,0,51,,,
ORD-0278,VND-001,Apparel,20/01/2025,28/01/2025,31/01/2025,Delivered,41,140,North,5740,January,11,3,0,1,0,0,41,,,
ORD-0279,VND-011,Furniture,21/01/2025,28/01/2025,26/01/2025,Delivered,3,16500,North,49500,January,5,-2,0,0,0,1,3,,,
ORD-0280,VND-001,Apparel,21/01/2025,25/01/2025,25/01/2025,Delivered,25,140,North,3500,January,4,0,0,0,1,0,25,,,
ORD-0281,VND-002,Apparel,21/01/2025,30/01/2025,31/01/2025,Delivered,45,45,Central,2025,January,10,1,0,1,0,0,45,,,
ORD-0282,VND-002,Apparel,21/01/2025,29/01/2025,,In Transit,24,45,South,1080,January,,,1,0,0,0,0,,,
ORD-0283,VND-012,Apparel,21/01/2025,27/01/2025,30/01/2025,Delivered,44,75,East,3300,January,9,3,0,1,0,0,44,,,
ORD-0284,VND-006,Furniture,21/01/2025,27/01/2025,,In Transit,2,7000,East,14000,January,,,1,0,0,0,0,,,
ORD-0285,VND-007,Office Supplies,21/01/2025,30/01/2025,,In Transit,98,18,International,1764,January,,,1,0,0,0,0,,,
ORD-0286,VND-005,Office Supplies,21/01/2025,25/01/2025,27/01/2025,Delivered,50,25,South,1250,January,6,2,0,1,0,0,50,,,
ORD-0287,VND-001,Electronics,21/01/2025,28/01/2025,26/01/2025,Delivered,8,13500,South,108000,January,5,-2,0,0,0,1,8,,,
ORD-0288,VND-001,Apparel,21/01/2025,27/01/2025,26/01/2025,Delivered,44,110,East,4840,January,5,-1,0,0,0,1,44,,,
ORD-0289,VND-003,Furniture,21/01/2025,27/01/2025,26/01/2025,Delivered,2,16500,West,33000,January,5,-1,0,0,0,1,2,,,
ORD-0290,VND-014,Electronics,21/01/2025,30/01/2025,28/01/2025,Delivered,6,7200,North,43200,January,7,-2,0,0,0,1,6,,,
ORD-0291,VND-002,Electronics,21/01/2025,30/01/2025,31/01/2025,Delivered,1,3100,North,3100,January,10,1,0,1,0,0,1,,,
ORD-0292,VND-005,Office Supplies,21/01/2025,29/01/2025,28/01/2025,Delivered,45,95,East,4275,January,7,-1,0,0,0,1,45,,,
ORD-0293,VND-012,Furniture,21/01/2025,29/01/2025,,Cancelled,1,8000,South,8000,January,,,1,0,0,0,0,,,
ORD-0294,VND-010,Furniture,21/01/2025,30/01/2025,28/01/2025,Delivered,1,18000,International,18000,January,7,-2,0,0,0,1,1,,,
ORD-0295,VND-006,Furniture,21/01/2025,25/01/2025,,Cancelled,2,18000,West,36000,January,,,1,0,0,0,0,,,
ORD-0296,VND-007,Office Supplies,21/01/2025,30/01/2025,02/02/2025,Delivered,47,30,East,1410,January,12,3,0,1,0,0,47,,,
ORD-0297,VND-004,Office Supplies,21/01/2025,25/01/2025,,In Transit,106,150,North,15900,January,,,1,0,0,0,0,,,
ORD-0298,VND-007,Office Supplies,21/01/2025,28/01/2025,27/01/2025,Delivered,51,30,Central,1530,January,6,-1,0,0,0,1,51,,,
ORD-0299,VND-011,Office Supplies,21/01/2025,29/01/2025,29/01/2025,Delivered,35,40,South,1400,January,8,0,0,0,1,0,35,,,
ORD-0300,VND-008,Office Supplies,22/01/2025,31/01/2025,,In Transit,15,25,Central,375,January,,,1,0,0,0,0,,,
ORD-0301,VND-011,Apparel,22/01/2025,31/01/2025,29/01/2025,Delivered,46,130,International,5980,January,7,-2,0,0,0,1,46,,,
ORD-0302,VND-001,Apparel,22/01/2025,30/01/2025,01/02/2025,Delivered,52,320,East,16640,January,10,2,0,1,0,0,52,,,
ORD-0303,VND-015,Furniture,22/01/2025,29/01/2025,28/01/2025,Delivered,1,9500,North,9500,January,6,-1,0,0,0,1,1,,,
ORD-0304,VND-006,Electronics,22/01/2025,29/01/2025,30/01/2025,Delivered,9,13500,West,121500,January,8,1,0,1,0,0,9,,,
ORD-0305,VND-008,Furniture,22/01/2025,30/01/2025,29/01/2025,Delivered,2,16500,Central,33000,January,7,-1,0,0,0,1,2,,,
ORD-0306,VND-005,Electronics,22/01/2025,27/01/2025,26/01/2025,Delivered,1,29000,West,29000,January,4,-1,0,0,0,1,1,,,
ORD-0307,VND-004,Office Supplies,22/01/2025,26/01/2025,25/01/2025,Delivered,32,22,International,704,January,3,-1,0,0,0,1,32,,,
ORD-0308,VND-002,Electronics,22/01/2025,30/01/2025,28/01/2025,Delivered,2,1100,North,2200,January,6,-2,0,0,0,1,2,,,
ORD-0309,VND-006,Furniture,22/01/2025,28/01/2025,,In Transit,3,12000,Central,36000,January,,,1,0,0,0,0,,,
ORD-0310,VND-006,Furniture,22/01/2025,31/01/2025,01/02/2025,Delivered,3,16500,International,49500,January,10,1,0,1,0,0,3,,,
ORD-0311,VND-011,Electronics,22/01/2025,27/01/2025,27/01/2025,Delivered,2,8500,West,17000,January,5,0,0,0,1,0,2,,,
ORD-0312,VND-015,Apparel,22/01/2025,27/01/2025,28/01/2025,Delivered,48,250,West,12000,January,6,1,0,1,0,0,48,,,
ORD-0313,VND-001,Office Supplies,22/01/2025,30/01/2025,01/02/2025,Delivered,57,25,Central,1425,January,10,2,0,1,0,0,57,,,
ORD-0314,VND-009,Office Supplies,22/01/2025,29/01/2025,29/01/2025,Delivered,95,350,North,33250,January,7,0,0,0,1,0,95,,,
ORD-0315,VND-012,Furniture,22/01/2025,26/01/2025,29/01/2025,Delivered,1,21000,West,21000,January,7,3,0,1,0,0,1,,,
ORD-0316,VND-011,Apparel,22/01/2025,31/01/2025,03/02/2025,Delivered,30,180,East,5400,January,12,3,0,1,0,0,30,,,
ORD-0317,VND-006,Electronics,23/01/2025,27/01/2025,26/01/2025,Delivered,3,1200,International,3600,January,3,-1,0,0,0,1,3,,,
ORD-0318,VND-013,Office Supplies,23/01/2025,30/01/2025,31/01/2025,Delivered,32,18,Central,576,January,8,1,0,1,0,0,32,,,
ORD-0319,VND-003,Apparel,23/01/2025,27/01/2025,,In Transit,44,60,South,2640,January,,,1,0,0,0,0,,,
ORD-0320,VND-004,Office Supplies,23/01/2025,29/01/2025,01/02/2025,Delivered,90,12,South,1080,January,9,3,0,1,0,0,90,,,
ORD-0321,VND-012,Apparel,23/01/2025,30/01/2025,01/02/2025,Delivered,31,130,North,4030,January,9,2,0,1,0,0,31,,,
ORD-0322,VND-011,Apparel,23/01/2025,31/01/2025,,Cancelled,49,140,East,6860,January,,,1,0,0,0,0,,,
ORD-0323,VND-004,Furniture,23/01/2025,30/01/2025,02/02/2025,Delivered,1,6500,West,6500,January,10,3,0,1,0,0,1,,,
ORD-0324,VND-003,Office Supplies,23/01/2025,01/02/2025,,In Transit,112,25,South,2800,January,,,1,0,0,0,0,,,
ORD-0325,VND-010,Electronics,23/01/2025,01/02/2025,01/02/2025,Delivered,6,2400,North,14400,January,9,0,0,0,1,0,6,,,
ORD-0326,VND-003,Furniture,23/01/2025,31/01/2025,,In Transit,1,8000,International,8000,January,,,1,0,0,0,0,,,
ORD-0327,VND-015,Furniture,24/01/2025,30/01/2025,28/01/2025,Delivered,1,8000,East,8000,January,4,-2,0,0,0,1,1,,,
ORD-0328,VND-003,Electronics,24/01/2025,29/01/2025,01/02/2025,Delivered,6,29000,East,174000,January,8,3,0,1,0,0,6,,,
ORD-0329,VND-004,Furniture,24/01/2025,28/01/2025,27/01/2025,Delivered,2,3800,North,7600,January,3,-1,0,0,0,1,2,,,
ORD-0330,VND-007,Apparel,24/01/2025,01/02/2025,31/01/2025,Delivered,19,60,North,1140,January,7,-1,0,0,0,1,19,,,
ORD-0331,VND-004,Apparel,24/01/2025,29/01/2025,,In Transit,14,130,West,1820,January,,,1,0,0,0,0,,,
ORD-0332,VND-009,Office Supplies,24/01/2025,31/01/2025,30/01/2025,Delivered,103,25,North,2575,January,6,-1,0,0,0,1,103,,,
ORD-0333,VND-001,Office Supplies,24/01/2025,31/01/2025,30/01/2025,Delivered,55,25,West,1375,January,6,-1,0,0,0,1,55,,,
ORD-0334,VND-008,Electronics,24/01/2025,31/01/2025,02/02/2025,Delivered,6,13500,West,81000,January,9,2,0,1,0,0,6,,,
ORD-0335,VND-007,Office Supplies,24/01/2025,01/02/2025,31/01/2025,Delivered,94,50,Central,4700,January,7,-1,0,0,0,1,94,,,
ORD-0336,VND-002,Apparel,24/01/2025,30/01/2025,01/02/2025,Delivered,43,60,East,2580,January,8,2,0,1,0,0,43,,,
ORD-0337,VND-008,Electronics,24/01/2025,28/01/2025,26/01/2025,Delivered,6,8500,International,51000,January,2,-2,0,0,0,1,6,,,
ORD-0338,VND-001,Electronics,24/01/2025,31/01/2025,31/01/2025,Delivered,7,1200,East,8400,January,7,0,0,0,1,0,7,,,
ORD-0339,VND-011,Office Supplies,24/01/2025,02/02/2025,03/02/2025,Delivered,47,95,East,4465,January,10,1,0,1,0,0,47,,,
ORD-0340,VND-012,Apparel,24/01/2025,29/01/2025,,Cancelled,29,90,Central,2610,January,,,1,0,0,0,0,,,
ORD-0341,VND-009,Electronics,24/01/2025,01/02/2025,01/02/2025,Delivered,9,1200,West,10800,January,8,0,0,0,1,0,9,,,
ORD-0342,VND-009,Apparel,24/01/2025,31/01/2025,01/02/2025,Delivered,17,250,West,4250,January,8,1,0,1,0,0,17,,,
ORD-0343,VND-002,Apparel,24/01/2025,28/01/2025,,In Transit,41,250,North,10250,January,,,1,0,0,0,0,,,
ORD-0344,VND-007,Apparel,24/01/2025,29/01/2025,30/01/2025,Delivered,38,250,Central,9500,January,6,1,0,1,0,0,38,,,
ORD-0345,VND-015,Office Supplies,25/01/2025,29/01/2025,29/01/2025,Delivered,8,350,North,2800,January,4,0,0,0,1,0,8,,,
ORD-0346,VND-014,Furniture,25/01/2025,01/02/2025,04/02/2025,Delivered,2,8000,Central,16000,January,10,3,0,1,0,0,2,,,
ORD-0347,VND-010,Furniture,25/01/2025,03/02/2025,01/02/2025,Delivered,2,12000,North,24000,January,7,-2,0,0,0,1,2,,,
ORD-0348,VND-003,Electronics,25/01/2025,03/02/2025,02/02/2025,Delivered,8,1200,South,9600,January,8,-1,0,0,0,1,8,,,
ORD-0349,VND-007,Apparel,25/01/2025,02/02/2025,05/02/2025,Delivered,11,90,East,990,January,11,3,0,1,0,0,11,,,
ORD-0350,VND-012,Office Supplies,25/01/2025,31/01/2025,01/02/2025,Delivered,87,95,East,8265,January,7,1,0,1,0,0,87,,,
ORD-0351,VND-010,Apparel,25/01/2025,29/01/2025,30/01/2025,Delivered,35,75,International,2625,January,5,1,0,1,0,0,35,,,
ORD-0352,VND-009,Apparel,25/01/2025,02/02/2025,03/02/2025,Delivered,31,320,West,9920,January,9,1,0,1,0,0,31,,,
ORD-0353,VND-004,Office Supplies,25/01/2025,01/02/2025,,Cancelled,40,25,International,1000,January,,,1,0,0,0,0,,,
ORD-0354,VND-012,Furniture,25/01/2025,29/01/2025,31/01/2025,Delivered,3,14000,South,42000,January,6,2,0,1,0,0,3,,,
ORD-0355,VND-001,Apparel,25/01/2025,31/01/2025,29/01/2025,Delivered,37,195,International,7215,January,4,-2,0,0,0,1,37,,,
ORD-0356,VND-002,Apparel,25/01/2025,02/02/2025,04/02/2025,Delivered,23,110,East,2530,January,10,2,0,1,0,0,23,,,
ORD-0357,VND-001,Furniture,25/01/2025,01/02/2025,,Cancelled,1,8000,West,8000,January,,,1,0,0,0,0,,,
ORD-0358,VND-014,Office Supplies,26/01/2025,31/01/2025,30/01/2025,Delivered,96,80,South,7680,January,4,-1,0,0,0,1,96,,,
ORD-0359,VND-012,Electronics,26/01/2025,01/02/2025,02/02/2025,Delivered,8,5000,East,40000,January,7,1,0,1,0,0,8,,,
ORD-0360,VND-005,Furniture,26/01/2025,31/01/2025,,In Transit,3,3800,North,11400,January,,,1,0,0,0,0,,,
ORD-0361,VND-005,Electronics,26/01/2025,30/01/2025,30/01/2025,Delivered,4,8500,Central,34000,January,4,0,0,0,1,0,4,,,
ORD-0362,VND-011,Electronics,26/01/2025,02/02/2025,,In Transit,10,7200,South,72000,January,,,1,0,0,0,0,,,
ORD-0363,VND-007,Furniture,26/01/2025,04/02/2025,02/02/2025,Delivered,1,16500,West,16500,January,7,-2,0,0,0,1,1,,,
ORD-0364,VND-009,Apparel,26/01/2025,31/01/2025,30/01/2025,Delivered,8,75,International,600,January,4,-1,0,0,0,1,8,,,
ORD-0365,VND-009,Electronics,26/01/2025,31/01/2025,,Cancelled,6,29000,International,174000,January,,,1,0,0,0,0,,,
ORD-0366,VND-003,Electronics,26/01/2025,31/01/2025,02/02/2025,Delivered,5,3000,South,15000,January,7,2,0,1,0,0,5,,,
ORD-0367,VND-003,Office Supplies,26/01/2025,04/02/2025,04/02/2025,Delivered,89,150,West,13350,January,9,0,0,0,1,0,89,,,
ORD-0368,VND-003,Apparel,26/01/2025,01/02/2025,31/01/2025,Delivered,39,250,South,9750,January,5,-1,0,0,0,1,39,,,
ORD-0369,VND-004,Electronics,26/01/2025,01/02/2025,,Cancelled,6,1200,West,7200,January,,,1,0,0,0,0,,,
ORD-0370,VND-008,Office Supplies,26/01/2025,04/02/2025,02/02/2025,Delivered,70,22,International,1540,January,7,-2,0,0,0,1,70,,,
ORD-0371,VND-006,Apparel,26/01/2025,30/01/2025,30/01/2025,Delivered,22,195,East,4290,January,4,0,0,0,1,0,22,,,
ORD-0372,VND-008,Furniture,26/01/2025,31/01/2025,01/02/2025,Delivered,3,16500,North,49500,January,6,1,0,1,0,0,3,,,
ORD-0373,VND-001,Furniture,26/01/2025,04/02/2025,03/02/2025,Delivered,2,9500,East,19000,January,8,-1,0,0,0,1,2,,,
ORD-0374,VND-008,Office Supplies,27/01/2025,04/02/2025,05/02/2025,Delivered,104,350,North,36400,January,9,1,0,1,0,0,104,,,
ORD-0375,VND-004,Furniture,27/01/2025,05/02/2025,07/02/2025,Delivered,3,16500,International,49500,January,11,2,0,1,0,0,3,,,
ORD-0376,VND-011,Electronics,27/01/2025,02/02/2025,04/02/2025,Delivered,3,7200,East,21600,January,8,2,0,1,0,0,3,,,
ORD-0377,VND-001,Apparel,27/01/2025,02/02/2025,04/02/2025,Delivered,25,180,East,4500,January,8,2,0,1,0,0,25,,,
ORD-0378,VND-008,Electronics,27/01/2025,03/02/2025,05/02/2025,Delivered,2,5000,South,10000,January,9,2,0,1,0,0,2,,,
ORD-0379,VND-004,Electronics,27/01/2025,01/02/2025,01/02/2025,Delivered,9,5000,Central,45000,January,5,0,0,0,1,0,9,,,
ORD-0380,VND-006,Furniture,27/01/2025,31/01/2025,,In Transit,3,12000,International,36000,January,,,1,0,0,0,0,,,
ORD-0381,VND-008,Electronics,27/01/2025,04/02/2025,,In Transit,8,1100,West,8800,January,,,1,0,0,0,0,,,
ORD-0382,VND-004,Furniture,27/01/2025,02/02/2025,31/01/2025,Delivered,1,6500,International,6500,January,4,-2,0,0,0,1,1,,,
ORD-0383,VND-014,Apparel,27/01/2025,02/02/2025,02/02/2025,Delivered,32,130,West,4160,January,6,0,0,0,1,0,32,,,
ORD-0384,VND-003,Apparel,27/01/2025,31/01/2025,29/01/2025,Delivered,19,90,West,1710,January,2,-2,0,0,0,1,19,,,
ORD-0385,VND-014,Electronics,27/01/2025,03/02/2025,06/02/2025,Delivered,5,1800,North,9000,January,10,3,0,1,0,0,5,,,
ORD-0386,VND-009,Office Supplies,27/01/2025,04/02/2025,06/02/2025,Delivered,71,22,West,1562,January,10,2,0,1,0,0,71,,,
ORD-0387,VND-003,Furniture,27/01/2025,02/02/2025,01/02/2025,Delivered,1,4500,West,4500,January,5,-1,0,0,0,1,1,,,
ORD-0388,VND-009,Furniture,28/01/2025,02/02/2025,05/02/2025,Delivered,2,15000,South,30000,January,8,3,0,1,0,0,2,,,
ORD-0389,VND-013,Electronics,28/01/2025,03/02/2025,,Cancelled,10,7200,East,72000,January,,,1,0,0,0,0,,,
ORD-0390,VND-002,Furniture,28/01/2025,04/02/2025,02/02/2025,Delivered,2,16500,International,33000,January,5,-2,0,0,0,1,2,,,
ORD-0391,VND-014,Furniture,28/01/2025,03/02/2025,05/02/2025,Delivered,3,6500,International,19500,January,8,2,0,1,0,0,3,,,
ORD-0392,VND-002,Office Supplies,28/01/2025,02/02/2025,01/02/2025,Delivered,98,15,West,1470,January,4,-1,0,0,0,1,98,,,
ORD-0393,VND-002,Office Supplies,28/01/2025,02/02/2025,,Cancelled,30,45,Central,1350,January,,,1,0,0,0,0,,,
ORD-0394,VND-006,Electronics,28/01/2025,04/02/2025,06/02/2025,Delivered,10,1100,International,11000,January,9,2,0,1,0,0,10,,,
ORD-0395,VND-003,Office Supplies,28/01/2025,04/02/2025,02/02/2025,Delivered,85,30,West,2550,January,5,-2,0,0,0,1,85,,,
ORD-0396,VND-013,Electronics,28/01/2025,03/02/2025,03/02/2025,Delivered,7,8500,North,59500,January,6,0,0,0,1,0,7,,,
ORD-0397,VND-009,Apparel,28/01/2025,02/02/2025,01/02/2025,Delivered,16,75,North,1200,January,4,-1,0,0,0,1,16,,,
ORD-0398,VND-004,Electronics,29/01/2025,02/02/2025,03/02/2025,Delivered,2,3000,North,6000,January,5,1,0,1,0,0,2,,,
ORD-0399,VND-001,Apparel,29/01/2025,07/02/2025,10/02/2025,Delivered,49,220,West,10780,January,12,3,0,1,0,0,49,,,
ORD-0400,VND-004,Electronics,29/01/2025,07/02/2025,09/02/2025,Delivered,1,3100,South,3100,January,11,2,0,1,0,0,1,,,
ORD-0401,VND-001,Furniture,29/01/2025,02/02/2025,02/02/2025,Delivered,1,16500,Central,16500,January,4,0,0,0,1,0,1,,,
ORD-0402,VND-014,Office Supplies,29/01/2025,04/02/2025,05/02/2025,Delivered,16,40,West,640,January,7,1,0,1,0,0,16,,,
ORD-0403,VND-005,Apparel,29/01/2025,02/02/2025,,In Transit,18,250,South,4500,January,,,1,0,0,0,0,,,
ORD-0404,VND-004,Electronics,29/01/2025,06/02/2025,04/02/2025,Delivered,7,7200,South,50400,January,6,-2,0,0,0,1,7,,,
ORD-0405,VND-008,Office Supplies,29/01/2025,02/02/2025,03/02/2025,Delivered,33,500,International,16500,January,5,1,0,1,0,0,33,,,
ORD-0406,VND-008,Electronics,29/01/2025,06/02/2025,09/02/2025,Delivered,2,3100,West,6200,January,11,3,0,1,0,0,2,,,
ORD-0407,VND-007,Office Supplies,29/01/2025,04/02/2025,03/02/2025,Delivered,76,25,West,1900,January,5,-1,0,0,0,1,76,,,
ORD-0408,VND-003,Office Supplies,30/01/2025,08/02/2025,10/02/2025,Delivered,68,18,South,1224,January,11,2,0,1,0,0,68,,,
ORD-0409,VND-001,Electronics,30/01/2025,05/02/2025,08/02/2025,Delivered,3,3100,South,9300,January,9,3,0,1,0,0,3,,,
ORD-0410,VND-001,Apparel,30/01/2025,06/02/2025,,In Transit,32,220,South,7040,January,,,1,0,0,0,0,,,
ORD-0411,VND-012,Apparel,30/01/2025,07/02/2025,,Cancelled,46,140,International,6440,January,,,1,0,0,0,0,,,
ORD-0412,VND-011,Furniture,30/01/2025,07/02/2025,07/02/2025,Delivered,2,3800,West,7600,January,8,0,0,0,1,0,2,,,
ORD-0413,VND-003,Office Supplies,30/01/2025,05/02/2025,03/02/2025,Delivered,37,18,South,666,January,4,-2,0,0,0,1,37,,,
ORD-0414,VND-006,Furniture,30/01/2025,03/02/2025,05/02/2025,Delivered,1,16500,North,16500,January,6,2,0,1,0,0,1,,,
ORD-0415,VND-007,Furniture,30/01/2025,04/02/2025,05/02/2025,Delivered,3,8000,West,24000,January,6,1,0,1,0,0,3,,,
ORD-0416,VND-006,Electronics,30/01/2025,05/02/2025,03/02/2025,Delivered,9,1800,International,16200,January,4,-2,0,0,0,1,9,,,
ORD-0417,VND-014,Electronics,30/01/2025,06/02/2025,09/02/2025,Delivered,10,13500,North,135000,January,10,3,0,1,0,0,10,,,
ORD-0418,VND-014,Electronics,30/01/2025,08/02/2025,,Cancelled,9,1100,East,9900,January,,,1,0,0,0,0,,,
ORD-0419,VND-006,Office Supplies,30/01/2025,07/02/2025,07/02/2025,Delivered,109,50,West,5450,January,8,0,0,0,1,0,109,,,
ORD-0420,VND-006,Electronics,30/01/2025,08/02/2025,,Cancelled,5,29000,East,145000,January,,,1,0,0,0,0,,,
ORD-0421,VND-013,Electronics,30/01/2025,05/02/2025,,In Transit,10,1200,South,12000,January,,,1,0,0,0,0,,,
ORD-0422,VND-003,Office Supplies,30/01/2025,03/02/2025,06/02/2025,Delivered,108,12,International,1296,January,7,3,0,1,0,0,108,,,
ORD-0423,VND-006,Office Supplies,30/01/2025,04/02/2025,07/02/2025,Delivered,32,80,South,2560,January,8,3,0,1,0,0,32,,,
ORD-0424,VND-008,Apparel,31/01/2025,06/02/2025,05/02/2025,Delivered,33,220,International,7260,January,5,-1,0,0,0,1,33,,,
ORD-0425,VND-011,Electronics,31/01/2025,07/02/2025,10/02/2025,Delivered,9,3100,Central,27900,January,10,3,0,1,0,0,9,,,
ORD-0426,VND-011,Electronics,31/01/2025,06/02/2025,09/02/2025,Delivered,9,1800,South,16200,January,9,3,0,1,0,0,9,,,
ORD-0427,VND-002,Electronics,31/01/2025,09/02/2025,09/02/2025,Delivered,4,3100,East,12400,January,9,0,0,0,1,0,4,,,
ORD-0428,VND-005,Apparel,31/01/2025,05/02/2025,,Cancelled,24,45,International,1080,January,,,1,0,0,0,0,,,
ORD-0429,VND-014,Electronics,31/01/2025,04/02/2025,07/02/2025,Delivered,7,3000,South,21000,January,7,3,0,1,0,0,7,,,
ORD-0430,VND-001,Apparel,31/01/2025,08/02/2025,,In Transit,51,180,West,9180,January,,,1,0,0,0,0,,,
ORD-0431,VND-012,Furniture,31/01/2025,07/02/2025,,In Transit,1,8000,International,8000,January,,,1,0,0,0,0,,,
ORD-0432,VND-015,Apparel,31/01/2025,06/02/2025,09/02/2025,Delivered,49,45,International,2205,January,9,3,0,1,0,0,49,,,
ORD-0433,VND-001,Furniture,31/01/2025,04/02/2025,04/02/2025,Delivered,1,12000,South,12000,January,4,0,0,0,1,0,1,,,
ORD-0434,VND-005,Electronics,31/01/2025,09/02/2025,10/02/2025,Delivered,6,3000,Central,18000,January,10,1,0,1,0,0,6,,,
ORD-0435,VND-012,Furniture,31/01/2025,08/02/2025,08/02/2025,Delivered,2,8000,South,16000,January,8,0,0,0,1,0,2,,,
ORD-0436,VND-013,Apparel,31/01/2025,09/02/2025,,In Transit,29,45,East,1305,January,,,1,0,0,0,0,,,
ORD-0437,VND-003,Office Supplies,31/01/2025,05/02/2025,03/02/2025,Delivered,63,15,East,945,January,3,-2,0,0,0,1,63,,,
ORD-0438,VND-004,Furniture,01/02/2025,09/02/2025,09/02/2025,Delivered,3,9500,International,28500,February,8,0,0,0,1,0,3,,,
ORD-0439,VND-003,Furniture,01/02/2025,10/02/2025,12/02/2025,Delivered,2,4500,International,9000,February,11,2,0,1,0,0,2,,,
ORD-0440,VND-001,Electronics,01/02/2025,06/02/2025,06/02/2025,Delivered,3,2400,South,7200,February,5,0,0,0,1,0,3,,,
ORD-0441,VND-001,Apparel,01/02/2025,09/02/2025,09/02/2025,Delivered,11,180,East,1980,February,8,0,0,0,1,0,11,,,
ORD-0442,VND-012,Furniture,01/02/2025,07/02/2025,,In Transit,1,18000,East,18000,February,,,1,0,0,0,0,,,
ORD-0443,VND-012,Furniture,01/02/2025,09/02/2025,09/02/2025,Delivered,2,14000,Central,28000,February,8,0,0,0,1,0,2,,,
ORD-0444,VND-014,Furniture,01/02/2025,06/02/2025,08/02/2025,Delivered,3,15000,West,45000,February,7,2,0,1,0,0,3,,,
ORD-0445,VND-013,Furniture,01/02/2025,10/02/2025,12/02/2025,Delivered,3,3800,Central,11400,February,11,2,0,1,0,0,3,,,
ORD-0446,VND-014,Office Supplies,01/02/2025,06/02/2025,05/02/2025,Delivered,61,45,North,2745,February,4,-1,0,0,0,1,61,,,
ORD-0447,VND-005,Apparel,01/02/2025,06/02/2025,09/02/2025,Delivered,48,60,Central,2880,February,8,3,0,1,0,0,48,,,
ORD-0448,VND-006,Electronics,01/02/2025,10/02/2025,,Cancelled,5,7200,South,36000,February,,,1,0,0,0,0,,,
ORD-0449,VND-003,Electronics,01/02/2025,07/02/2025,07/02/2025,Delivered,2,1100,West,2200,February,6,0,0,0,1,0,2,,,
ORD-0450,VND-012,Office Supplies,01/02/2025,08/02/2025,08/02/2025,Delivered,59,22,South,1298,February,7,0,0,0,1,0,59,,,
ORD-0451,VND-009,Apparel,01/02/2025,06/02/2025,07/02/2025,Delivered,13,75,North,975,February,6,1,0,1,0,0,13,,,
ORD-0452,VND-005,Furniture,01/02/2025,06/02/2025,04/02/2025,Delivered,3,4500,West,13500,February,3,-2,0,0,0,1,3,,,
ORD-0453,VND-008,Office Supplies,01/02/2025,10/02/2025,12/02/2025,Delivered,91,500,International,45500,February,11,2,0,1,0,0,91,,,
ORD-0454,VND-013,Apparel,01/02/2025,05/02/2025,08/02/2025,Delivered,44,45,East,1980,February,7,3,0,1,0,0,44,,,
ORD-0455,VND-001,Furniture,01/02/2025,10/02/2025,09/02/2025,Delivered,3,6500,Central,19500,February,8,-1,0,0,0,1,3,,,
ORD-0456,VND-014,Office Supplies,02/02/2025,08/02/2025,,In Transit,101,80,South,8080,February,,,1,0,0,0,0,,,
ORD-0457,VND-005,Apparel,02/02/2025,10/02/2025,10/02/2025,Delivered,46,320,North,14720,February,8,0,0,0,1,0,46,,,
ORD-0458,VND-015,Electronics,02/02/2025,08/02/2025,10/02/2025,Delivered,6,2400,East,14400,February,8,2,0,1,0,0,6,,,
ORD-0459,VND-003,Electronics,02/02/2025,10/02/2025,08/02/2025,Delivered,1,1100,Central,1100,February,6,-2,0,0,0,1,1,,,
ORD-0460,VND-012,Apparel,02/02/2025,07/02/2025,07/02/2025,Delivered,9,320,East,2880,February,5,0,0,0,1,0,9,,,
ORD-0461,VND-001,Electronics,02/02/2025,07/02/2025,,In Transit,8,1100,Central,8800,February,,,1,0,0,0,0,,,
ORD-0462,VND-004,Apparel,02/02/2025,07/02/2025,,Cancelled,54,140,International,7560,February,,,1,0,0,0,0,,,
ORD-0463,VND-015,Furniture,02/02/2025,09/02/2025,07/02/2025,Delivered,2,6500,West,13000,February,5,-2,0,0,0,1,2,,,
ORD-0464,VND-013,Apparel,02/02/2025,08/02/2025,,In Transit,15,320,East,4800,February,,,1,0,0,0,0,,,
ORD-0465,VND-005,Furniture,02/02/2025,11/02/2025,,In Transit,1,14000,East,14000,February,,,1,0,0,0,0,,,
ORD-0466,VND-007,Office Supplies,02/02/2025,10/02/2025,,Cancelled,72,50,East,3600,February,,,1,0,0,0,0,,,
ORD-0467,VND-001,Apparel,02/02/2025,10/02/2025,09/02/2025,Delivered,32,60,West,1920,February,7,-1,0,0,0,1,32,,,
ORD-0468,VND-003,Office Supplies,03/02/2025,07/02/2025,05/02/2025,Delivered,85,350,North,29750,February,2,-2,0,0,0,1,85,,,
ORD-0469,VND-002,Electronics,03/02/2025,09/02/2025,09/02/2025,Delivered,2,2400,Central,4800,February,6,0,0,0,1,0,2,,,
ORD-0470,VND-009,Furniture,03/02/2025,08/02/2025,,In Transit,2,6500,International,13000,February,,,1,0,0,0,0,,,
ORD-0471,VND-010,Apparel,03/02/2025,08/02/2025,07/02/2025,Delivered,8,130,East,1040,February,4,-1,0,0,0,1,8,,,
ORD-0472,VND-015,Office Supplies,03/02/2025,10/02/2025,08/02/2025,Delivered,94,25,West,2350,February,5,-2,0,0,0,1,94,,,
ORD-0473,VND-006,Furniture,03/02/2025,08/02/2025,06/02/2025,Delivered,2,6500,North,13000,February,3,-2,0,0,0,1,2,,,
ORD-0474,VND-010,Furniture,03/02/2025,12/02/2025,14/02/2025,Delivered,2,18000,Central,36000,February,11,2,0,1,0,0,2,,,
ORD-0475,VND-003,Electronics,03/02/2025,11/02/2025,09/02/2025,Delivered,3,3000,West,9000,February,6,-2,0,0,0,1,3,,,
ORD-0476,VND-008,Electronics,03/02/2025,12/02/2025,,In Transit,5,2400,International,12000,February,,,1,0,0,0,0,,,
ORD-0477,VND-014,Furniture,03/02/2025,11/02/2025,13/02/2025,Delivered,2,9500,International,19000,February,10,2,0,1,0,0,2,,,
ORD-0478,VND-008,Furniture,03/02/2025,11/02/2025,,In Transit,1,9500,Central,9500,February,,,1,0,0,0,0,,,
ORD-0479,VND-002,Apparel,03/02/2025,09/02/2025,12/02/2025,Delivered,23,130,East,2990,February,9,3,0,1,0,0,23,,,
ORD-0480,VND-015,Furniture,04/02/2025,10/02/2025,08/02/2025,Delivered,2,18000,International,36000,February,4,-2,0,0,0,1,2,,,
ORD-0481,VND-006,Apparel,04/02/2025,08/02/2025,09/02/2025,Delivered,42,60,North,2520,February,5,1,0,1,0,0,42,,,
ORD-0482,VND-007,Furniture,04/02/2025,10/02/2025,08/02/2025,Delivered,1,18000,West,18000,February,4,-2,0,0,0,1,1,,,
ORD-0483,VND-002,Electronics,04/02/2025,10/02/2025,11/02/2025,Delivered,3,3000,North,9000,February,7,1,0,1,0,0,3,,,
ORD-0484,VND-015,Apparel,04/02/2025,08/02/2025,06/02/2025,Delivered,51,90,East,4590,February,2,-2,0,0,0,1,51,,,
ORD-0485,VND-011,Office Supplies,04/02/2025,08/02/2025,06/02/2025,Delivered,30,22,North,660,February,2,-2,0,0,0,1,30,,,
ORD-0486,VND-010,Electronics,04/02/2025,09/02/2025,12/02/2025,Delivered,8,5000,North,40000,February,8,3,0,1,0,0,8,,,
ORD-0487,VND-002,Apparel,04/02/2025,13/02/2025,13/02/2025,Delivered,30,195,South,5850,February,9,0,0,0,1,0,30,,,
ORD-0488,VND-010,Apparel,04/02/2025,10/02/2025,10/02/2025,Delivered,21,110,North,2310,February,6,0,0,0,1,0,21,,,
ORD-0489,VND-001,Office Supplies,04/02/2025,11/02/2025,10/02/2025,Delivered,11,30,Central,330,February,6,-1,0,0,0,1,11,,,
ORD-0490,VND-008,Apparel,04/02/2025,10/02/2025,10/02/2025,Delivered,21,130,West,2730,February,6,0,0,0,1,0,21,,,
ORD-0491,VND-001,Furniture,04/02/2025,08/02/2025,06/02/2025,Delivered,1,3800,South,3800,February,2,-2,0,0,0,1,1,,,
ORD-0492,VND-009,Office Supplies,04/02/2025,08/02/2025,08/02/2025,Delivered,79,15,West,1185,February,4,0,0,0,1,0,79,,,
ORD-0493,VND-011,Electronics,04/02/2025,08/02/2025,08/02/2025,Delivered,10,3100,West,31000,February,4,0,0,0,1,0,10,,,
ORD-0494,VND-006,Electronics,04/02/2025,11/02/2025,12/02/2025,Delivered,6,3100,East,18600,February,8,1,0,1,0,0,6,,,
ORD-0495,VND-007,Furniture,04/02/2025,12/02/2025,11/02/2025,Delivered,3,9500,East,28500,February,7,-1,0,0,0,1,3,,,
ORD-0496,VND-013,Electronics,04/02/2025,08/02/2025,11/02/2025,Delivered,4,1200,South,4800,February,7,3,0,1,0,0,4,,,
ORD-0497,VND-010,Apparel,04/02/2025,08/02/2025,07/02/2025,Delivered,10,220,International,2200,February,3,-1,0,0,0,1,10,,,
ORD-0498,VND-007,Apparel,04/02/2025,09/02/2025,11/02/2025,Delivered,41,250,East,10250,February,7,2,0,1,0,0,41,,,
ORD-0499,VND-010,Furniture,04/02/2025,09/02/2025,09/02/2025,Delivered,1,18000,East,18000,February,5,0,0,0,1,0,1,,,
ORD-0500,VND-003,Electronics,05/02/2025,09/02/2025,08/02/2025,Delivered,6,1800,East,10800,February,3,-1,0,0,0,1,6,,,
ORD-0501,VND-002,Electronics,05/02/2025,11/02/2025,10/02/2025,Delivered,5,13500,West,67500,February,5,-1,0,0,0,1,5,,,
ORD-0502,VND-009,Furniture,05/02/2025,14/02/2025,14/02/2025,Delivered,1,14000,South,14000,February,9,0,0,0,1,0,1,,,
ORD-0503,VND-008,Office Supplies,05/02/2025,12/02/2025,12/02/2025,Delivered,38,18,West,684,February,7,0,0,0,1,0,38,,,
ORD-0504,VND-013,Electronics,05/02/2025,13/02/2025,13/02/2025,Delivered,9,1800,Central,16200,February,8,0,0,0,1,0,9,,,
ORD-0505,VND-012,Office Supplies,05/02/2025,10/02/2025,11/02/2025,Delivered,31,80,West,2480,February,6,1,0,1,0,0,31,,,
ORD-0506,VND-010,Electronics,05/02/2025,12/02/2025,,Cancelled,9,5000,Central,45000,February,,,1,0,0,0,0,,,
ORD-0507,VND-007,Electronics,05/02/2025,11/02/2025,,In Transit,4,13500,North,54000,February,,,1,0,0,0,0,,,
ORD-0508,VND-009,Electronics,05/02/2025,10/02/2025,11/02/2025,Delivered,9,1800,North,16200,February,6,1,0,1,0,0,9,,,
ORD-0509,VND-004,Electronics,05/02/2025,14/02/2025,14/02/2025,Delivered,3,1200,Central,3600,February,9,0,0,0,1,0,3,,,
ORD-0510,VND-013,Apparel,05/02/2025,11/02/2025,11/02/2025,Delivered,46,75,Central,3450,February,6,0,0,0,1,0,46,,,
ORD-0511,VND-004,Office Supplies,05/02/2025,12/02/2025,10/02/2025,Delivered,70,22,West,1540,February,5,-2,0,0,0,1,70,,,
ORD-0512,VND-001,Office Supplies,05/02/2025,10/02/2025,12/02/2025,Delivered,63,25,Central,1575,February,7,2,0,1,0,0,63,,,
ORD-0513,VND-008,Electronics,05/02/2025,13/02/2025,12/02/2025,Delivered,2,1800,South,3600,February,7,-1,0,0,0,1,2,,,
ORD-0514,VND-014,Electronics,05/02/2025,09/02/2025,08/02/2025,Delivered,1,1200,North,1200,February,3,-1,0,0,0,1,1,,,
ORD-0515,VND-014,Office Supplies,05/02/2025,11/02/2025,14/02/2025,Delivered,88,15,North,1320,February,9,3,0,1,0,0,88,,,
ORD-0516,VND-012,Apparel,05/02/2025,10/02/2025,,Cancelled,5,250,International,1250,February,,,1,0,0,0,0,,,
ORD-0517,VND-003,Furniture,05/02/2025,10/02/2025,13/02/2025,Delivered,1,16500,Central,16500,February,8,3,0,1,0,0,1,,,
ORD-0518,VND-007,Furniture,05/02/2025,12/02/2025,,Cancelled,1,14000,East,14000,February,,,1,0,0,0,0,,,
ORD-0519,VND-015,Office Supplies,05/02/2025,13/02/2025,,Cancelled,76,45,East,3420,February,,,1,0,0,0,0,,,
ORD-0520,VND-012,Electronics,06/02/2025,14/02/2025,14/02/2025,Delivered,7,45000,Central,315000,February,8,0,0,0,1,0,7,,,
ORD-0521,VND-002,Electronics,06/02/2025,15/02/2025,15/02/2025,Delivered,4,5000,South,20000,February,9,0,0,0,1,0,4,,,
ORD-0522,VND-002,Apparel,06/02/2025,13/02/2025,13/02/2025,Delivered,42,75,East,3150,February,7,0,0,0,1,0,42,,,
ORD-0523,VND-007,Furniture,06/02/2025,15/02/2025,18/02/2025,Delivered,1,21000,International,21000,February,12,3,0,1,0,0,1,,,
ORD-0524,VND-015,Apparel,06/02/2025,10/02/2025,11/02/2025,Delivered,30,195,Central,5850,February,5,1,0,1,0,0,30,,,
ORD-0525,VND-006,Furniture,06/02/2025,15/02/2025,18/02/2025,Delivered,2,8000,South,16000,February,12,3,0,1,0,0,2,,,
ORD-0526,VND-003,Office Supplies,06/02/2025,13/02/2025,12/02/2025,Delivered,63,40,South,2520,February,6,-1,0,0,0,1,63,,,
ORD-0527,VND-009,Furniture,06/02/2025,11/02/2025,09/02/2025,Delivered,1,12000,West,12000,February,3,-2,0,0,0,1,1,,,
ORD-0528,VND-010,Apparel,06/02/2025,15/02/2025,16/02/2025,Delivered,8,250,South,2000,February,10,1,0,1,0,0,8,,,
ORD-0529,VND-015,Apparel,06/02/2025,13/02/2025,12/02/2025,Delivered,44,130,East,5720,February,6,-1,0,0,0,1,44,,,
ORD-0530,VND-014,Apparel,06/02/2025,14/02/2025,16/02/2025,Delivered,34,220,East,7480,February,10,2,0,1,0,0,34,,,
ORD-0531,VND-013,Office Supplies,06/02/2025,15/02/2025,14/02/2025,Delivered,101,40,Central,4040,February,8,-1,0,0,0,1,101,,,
ORD-0532,VND-006,Furniture,06/02/2025,15/02/2025,15/02/2025,Delivered,3,7000,Central,21000,February,9,0,0,0,1,0,3,,,
ORD-0533,VND-010,Furniture,06/02/2025,13/02/2025,16/02/2025,Delivered,3,14000,South,42000,February,10,3,0,1,0,0,3,,,
ORD-0534,VND-010,Apparel,06/02/2025,10/02/2025,12/02/2025,Delivered,43,90,International,3870,February,6,2,0,1,0,0,43,,,
ORD-0535,VND-006,Furniture,06/02/2025,15/02/2025,15/02/2025,Delivered,1,7000,North,7000,February,9,0,0,0,1,0,1,,,
ORD-0536,VND-001,Electronics,06/02/2025,13/02/2025,,In Transit,1,29000,West,29000,February,,,1,0,0,0,0,,,
ORD-0537,VND-004,Electronics,06/02/2025,12/02/2025,15/02/2025,Delivered,7,1100,North,7700,February,9,3,0,1,0,0,7,,,
ORD-0538,VND-010,Electronics,06/02/2025,13/02/2025,14/02/2025,Delivered,10,13500,South,135000,February,8,1,0,1,0,0,10,,,
ORD-0539,VND-006,Furniture,06/02/2025,11/02/2025,10/02/2025,Delivered,3,6500,South,19500,February,4,-1,0,0,0,1,3,,,
ORD-0540,VND-015,Office Supplies,06/02/2025,10/02/2025,,In Transit,50,18,North,900,February,,,1,0,0,0,0,,,
ORD-0541,VND-006,Office Supplies,06/02/2025,10/02/2025,10/02/2025,Delivered,83,12,West,996,February,4,0,0,0,1,0,83,,,
ORD-0542,VND-011,Office Supplies,06/02/2025,11/02/2025,12/02/2025,Delivered,107,500,North,53500,February,6,1,0,1,0,0,107,,,
ORD-0543,VND-012,Office Supplies,06/02/2025,11/02/2025,12/02/2025,Delivered,104,500,Central,52000,February,6,1,0,1,0,0,104,,,
ORD-0544,VND-005,Electronics,06/02/2025,11/02/2025,12/02/2025,Delivered,8,1100,East,8800,February,6,1,0,1,0,0,8,,,
ORD-0545,VND-001,Electronics,06/02/2025,12/02/2025,11/02/2025,Delivered,6,5000,International,30000,February,5,-1,0,0,0,1,6,,,
ORD-0546,VND-008,Apparel,06/02/2025,14/02/2025,16/02/2025,Delivered,30,320,Central,9600,February,10,2,0,1,0,0,30,,,
ORD-0547,VND-005,Furniture,06/02/2025,13/02/2025,,Cancelled,2,7000,East,14000,February,,,1,0,0,0,0,,,
ORD-0548,VND-012,Furniture,07/02/2025,13/02/2025,14/02/2025,Delivered,3,6500,International,19500,February,7,1,0,1,0,0,3,,,
ORD-0549,VND-012,Office Supplies,07/02/2025,13/02/2025,11/02/2025,Delivered,20,50,International,1000,February,4,-2,0,0,0,1,20,,,
ORD-0550,VND-012,Electronics,07/02/2025,12/02/2025,12/02/2025,Delivered,7,1200,International,8400,February,5,0,0,0,1,0,7,,,
ORD-0551,VND-005,Office Supplies,07/02/2025,14/02/2025,12/02/2025,Delivered,114,150,South,17100,February,5,-2,0,0,0,1,114,,,
ORD-0552,VND-007,Apparel,07/02/2025,14/02/2025,,In Transit,42,195,International,8190,February,,,1,0,0,0,0,,,
ORD-0553,VND-004,Furniture,07/02/2025,15/02/2025,17/02/2025,Delivered,3,18000,West,54000,February,10,2,0,1,0,0,3,,,
ORD-0554,VND-006,Furniture,07/02/2025,12/02/2025,15/02/2025,Delivered,2,6500,North,13000,February,8,3,0,1,0,0,2,,,
ORD-0555,VND-013,Office Supplies,07/02/2025,12/02/2025,10/02/2025,Delivered,90,22,West,1980,February,3,-2,0,0,0,1,90,,,
ORD-0556,VND-004,Apparel,07/02/2025,15/02/2025,,In Transit,29,250,North,7250,February,,,1,0,0,0,0,,,
ORD-0557,VND-014,Furniture,07/02/2025,13/02/2025,15/02/2025,Delivered,1,14000,Central,14000,February,8,2,0,1,0,0,1,,,
ORD-0558,VND-015,Apparel,07/02/2025,16/02/2025,15/02/2025,Delivered,21,320,Central,6720,February,8,-1,0,0,0,1,21,,,
ORD-0559,VND-003,Apparel,08/02/2025,15/02/2025,13/02/2025,Delivered,53,140,North,7420,February,5,-2,0,0,0,1,53,,,
ORD-0560,VND-007,Office Supplies,08/02/2025,17/02/2025,19/02/2025,Delivered,42,500,West,21000,February,11,2,0,1,0,0,42,,,
ORD-0561,VND-008,Electronics,08/02/2025,14/02/2025,,Cancelled,7,8500,North,59500,February,,,1,0,0,0,0,,,
ORD-0562,VND-004,Office Supplies,08/02/2025,17/02/2025,17/02/2025,Delivered,90,18,International,1620,February,9,0,0,0,1,0,90,,,
ORD-0563,VND-013,Electronics,08/02/2025,14/02/2025,12/02/2025,Delivered,2,13500,South,27000,February,4,-2,0,0,0,1,2,,,
ORD-0564,VND-002,Apparel,08/02/2025,14/02/2025,14/02/2025,Delivered,53,195,Central,10335,February,6,0,0,0,1,0,53,,,
ORD-0565,VND-012,Electronics,08/02/2025,16/02/2025,14/02/2025,Delivered,6,3100,South,18600,February,6,-2,0,0,0,1,6,,,
ORD-0566,VND-010,Apparel,08/02/2025,15/02/2025,16/02/2025,Delivered,31,110,International,3410,February,8,1,0,1,0,0,31,,,
ORD-0567,VND-014,Furniture,08/02/2025,14/02/2025,,Cancelled,1,18000,International,18000,February,,,1,0,0,0,0,,,
ORD-0568,VND-003,Furniture,08/02/2025,17/02/2025,16/02/2025,Delivered,1,4500,Central,4500,February,8,-1,0,0,0,1,1,,,
ORD-0569,VND-001,Furniture,08/02/2025,12/02/2025,,In Transit,2,15000,Central,30000,February,,,1,0,0,0,0,,,
ORD-0570,VND-008,Office Supplies,08/02/2025,13/02/2025,11/02/2025,Delivered,90,80,International,7200,February,3,-2,0,0,0,1,90,,,
ORD-0571,VND-015,Office Supplies,08/02/2025,12/02/2025,14/02/2025,Delivered,43,80,East,3440,February,6,2,0,1,0,0,43,,,
ORD-0572,VND-003,Apparel,09/02/2025,15/02/2025,17/02/2025,Delivered,44,130,South,5720,February,8,2,0,1,0,0,44,,,
ORD-0573,VND-012,Furniture,09/02/2025,18/02/2025,17/02/2025,Delivered,1,12000,South,12000,February,8,-1,0,0,0,1,1,,,
ORD-0574,VND-010,Office Supplies,09/02/2025,14/02/2025,,Cancelled,14,22,East,308,February,,,1,0,0,0,0,,,
ORD-0575,VND-007,Furniture,09/02/2025,16/02/2025,,In Transit,3,21000,West,63000,February,,,1,0,0,0,0,,,
ORD-0576,VND-010,Office Supplies,09/02/2025,18/02/2025,21/02/2025,Delivered,55,30,South,1650,February,12,3,0,1,0,0,55,,,
ORD-0577,VND-005,Electronics,09/02/2025,17/02/2025,19/02/2025,Delivered,9,1800,North,16200,February,10,2,0,1,0,0,9,,,
ORD-0578,VND-010,Electronics,09/02/2025,18/02/2025,20/02/2025,Delivered,8,5000,International,40000,February,11,2,0,1,0,0,8,,,
ORD-0579,VND-005,Furniture,09/02/2025,16/02/2025,,Cancelled,2,6500,International,13000,February,,,1,0,0,0,0,,,
ORD-0580,VND-014,Apparel,09/02/2025,17/02/2025,,In Transit,11,220,East,2420,February,,,1,0,0,0,0,,,
ORD-0581,VND-007,Office Supplies,09/02/2025,17/02/2025,,In Transit,32,150,South,4800,February,,,1,0,0,0,0,,,
ORD-0582,VND-015,Office Supplies,09/02/2025,18/02/2025,21/02/2025,Delivered,106,80,West,8480,February,12,3,0,1,0,0,106,,,
ORD-0583,VND-009,Electronics,09/02/2025,17/02/2025,19/02/2025,Delivered,9,7200,South,64800,February,10,2,0,1,0,0,9,,,
ORD-0584,VND-012,Electronics,10/02/2025,19/02/2025,18/02/2025,Delivered,3,7200,International,21600,February,8,-1,0,0,0,1,3,,,
ORD-0585,VND-005,Apparel,10/02/2025,16/02/2025,15/02/2025,Delivered,16,90,Central,1440,February,5,-1,0,0,0,1,16,,,
ORD-0586,VND-001,Apparel,10/02/2025,18/02/2025,16/02/2025,Delivered,10,320,North,3200,February,6,-2,0,0,0,1,10,,,
ORD-0587,VND-010,Apparel,10/02/2025,14/02/2025,15/02/2025,Delivered,14,60,East,840,February,5,1,0,1,0,0,14,,,
ORD-0588,VND-010,Furniture,10/02/2025,15/02/2025,18/02/2025,Delivered,1,15000,Central,15000,February,8,3,0,1,0,0,1,,,
ORD-0589,VND-001,Electronics,10/02/2025,17/02/2025,,In Transit,7,7200,West,50400,February,,,1,0,0,0,0,,,
ORD-0590,VND-015,Furniture,10/02/2025,17/02/2025,15/02/2025,Delivered,3,18000,Central,54000,February,5,-2,0,0,0,1,3,,,
ORD-0591,VND-002,Electronics,10/02/2025,15/02/2025,15/02/2025,Delivered,10,2400,Central,24000,February,5,0,0,0,1,0,10,,,
ORD-0592,VND-014,Electronics,10/02/2025,19/02/2025,18/02/2025,Delivered,1,1800,West,1800,February,8,-1,0,0,0,1,1,,,
ORD-0593,VND-006,Office Supplies,10/02/2025,17/02/2025,19/02/2025,Delivered,94,95,Central,8930,February,9,2,0,1,0,0,94,,,
ORD-0594,VND-009,Electronics,10/02/2025,17/02/2025,16/02/2025,Delivered,7,29000,East,203000,February,6,-1,0,0,0,1,7,,,
ORD-0595,VND-008,Electronics,10/02/2025,14/02/2025,,In Transit,3,1100,International,3300,February,,,1,0,0,0,0,,,
ORD-0596,VND-013,Furniture,10/02/2025,15/02/2025,,In Transit,2,15000,South,30000,February,,,1,0,0,0,0,,,
ORD-0597,VND-005,Electronics,10/02/2025,16/02/2025,19/02/2025,Delivered,6,45000,Central,270000,February,9,3,0,1,0,0,6,,,
ORD-0598,VND-001,Furniture,11/02/2025,20/02/2025,22/02/2025,Delivered,3,3800,East,11400,February,11,2,0,1,0,0,3,,,
ORD-0599,VND-013,Apparel,11/02/2025,19/02/2025,20/02/2025,Delivered,37,90,South,3330,February,9,1,0,1,0,0,37,,,
ORD-0600,VND-007,Electronics,11/02/2025,16/02/2025,19/02/2025,Delivered,7,29000,South,203000,February,8,3,0,1,0,0,7,,,
ORD-0601,VND-015,Electronics,11/02/2025,15/02/2025,15/02/2025,Delivered,8,13500,Central,108000,February,4,0,0,0,1,0,8,,,
ORD-0602,VND-005,Furniture,11/02/2025,18/02/2025,17/02/2025,Delivered,1,3800,East,3800,February,6,-1,0,0,0,1,1,,,
ORD-0603,VND-006,Apparel,11/02/2025,15/02/2025,14/02/2025,Delivered,8,90,International,720,February,3,-1,0,0,0,1,8,,,
ORD-0604,VND-013,Office Supplies,11/02/2025,15/02/2025,14/02/2025,Delivered,46,12,Central,552,February,3,-1,0,0,0,1,46,,,
ORD-0605,VND-007,Apparel,11/02/2025,16/02/2025,19/02/2025,Delivered,45,180,West,8100,February,8,3,0,1,0,0,45,,,
ORD-0606,VND-003,Furniture,11/02/2025,18/02/2025,,Cancelled,2,4500,South,9000,February,,,1,0,0,0,0,,,
ORD-0607,VND-012,Apparel,11/02/2025,16/02/2025,15/02/2025,Delivered,28,250,Central,7000,February,4,-1,0,0,0,1,28,,,
ORD-0608,VND-010,Furniture,11/02/2025,18/02/2025,19/02/2025,Delivered,2,3800,South,7600,February,8,1,0,1,0,0,2,,,
ORD-0609,VND-003,Furniture,11/02/2025,19/02/2025,21/02/2025,Delivered,1,12000,East,12000,February,10,2,0,1,0,0,1,,,
ORD-0610,VND-005,Office Supplies,11/02/2025,20/02/2025,21/02/2025,Delivered,16,150,North,2400,February,10,1,0,1,0,0,16,,,
ORD-0611,VND-006,Electronics,11/02/2025,17/02/2025,20/02/2025,Delivered,3,5000,Central,15000,February,9,3,0,1,0,0,3,,,
ORD-0612,VND-009,Furniture,11/02/2025,15/02/2025,16/02/2025,Delivered,2,12000,International,24000,February,5,1,0,1,0,0,2,,,
ORD-0613,VND-013,Furniture,12/02/2025,20/02/2025,19/02/2025,Delivered,3,16500,Central,49500,February,7,-1,0,0,0,1,3,,,
ORD-0614,VND-014,Office Supplies,12/02/2025,19/02/2025,,In Transit,8,500,South,4000,February,,,1,0,0,0,0,,,
ORD-0615,VND-012,Furniture,12/02/2025,19/02/2025,21/02/2025,Delivered,3,16500,East,49500,February,9,2,0,1,0,0,3,,,
ORD-0616,VND-005,Electronics,12/02/2025,20/02/2025,20/02/2025,Delivered,1,3000,West,3000,February,8,0,0,0,1,0,1,,,
ORD-0617,VND-015,Office Supplies,12/02/2025,21/02/2025,,Cancelled,74,12,International,888,February,,,1,0,0,0,0,,,
ORD-0618,VND-001,Electronics,12/02/2025,20/02/2025,22/02/2025,Delivered,2,13500,East,27000,February,10,2,0,1,0,0,2,,,
ORD-0619,VND-014,Electronics,12/02/2025,20/02/2025,23/02/2025,Delivered,5,29000,Central,145000,February,11,3,0,1,0,0,5,,,
ORD-0620,VND-014,Office Supplies,12/02/2025,17/02/2025,,In Transit,64,30,West,1920,February,,,1,0,0,0,0,,,
ORD-0621,VND-014,Furniture,12/02/2025,19/02/2025,20/02/2025,Delivered,2,4500,East,9000,February,8,1,0,1,0,0,2,,,
ORD-0622,VND-004,Electronics,12/02/2025,20/02/2025,23/02/2025,Delivered,8,29000,North,232000,February,11,3,0,1,0,0,8,,,
ORD-0623,VND-005,Electronics,12/02/2025,18/02/2025,20/02/2025,Delivered,8,3100,International,24800,February,8,2,0,1,0,0,8,,,
ORD-0624,VND-012,Electronics,12/02/2025,21/02/2025,24/02/2025,Delivered,10,5000,South,50000,February,12,3,0,1,0,0,10,,,
ORD-0625,VND-010,Electronics,12/02/2025,18/02/2025,21/02/2025,Delivered,1,45000,East,45000,February,9,3,0,1,0,0,1,,,
ORD-0626,VND-010,Office Supplies,13/02/2025,20/02/2025,,In Transit,16,25,East,400,February,,,1,0,0,0,0,,,
ORD-0627,VND-005,Office Supplies,13/02/2025,19/02/2025,19/02/2025,Delivered,80,15,North,1200,February,6,0,0,0,1,0,80,,,
ORD-0628,VND-007,Apparel,13/02/2025,17/02/2025,17/02/2025,Delivered,34,180,Central,6120,February,4,0,0,0,1,0,34,,,
ORD-0629,VND-004,Apparel,13/02/2025,19/02/2025,,Cancelled,27,250,International,6750,February,,,1,0,0,0,0,,,
ORD-0630,VND-001,Electronics,13/02/2025,18/02/2025,19/02/2025,Delivered,4,1800,International,7200,February,6,1,0,1,0,0,4,,,
ORD-0631,VND-014,Furniture,13/02/2025,21/02/2025,19/02/2025,Delivered,2,16500,South,33000,February,6,-2,0,0,0,1,2,,,
ORD-0632,VND-014,Electronics,13/02/2025,19/02/2025,18/02/2025,Delivered,8,2400,East,19200,February,5,-1,0,0,0,1,8,,,
ORD-0633,VND-005,Furniture,13/02/2025,18/02/2025,21/02/2025,Delivered,2,8000,West,16000,February,8,3,0,1,0,0,2,,,
ORD-0634,VND-007,Electronics,13/02/2025,21/02/2025,23/02/2025,Delivered,2,2400,East,4800,February,10,2,0,1,0,0,2,,,
ORD-0635,VND-010,Apparel,13/02/2025,20/02/2025,23/02/2025,Delivered,11,75,South,825,February,10,3,0,1,0,0,11,,,
ORD-0636,VND-010,Apparel,13/02/2025,19/02/2025,,Cancelled,34,45,East,1530,February,,,1,0,0,0,0,,,
ORD-0637,VND-006,Furniture,13/02/2025,18/02/2025,,Cancelled,1,14000,North,14000,February,,,1,0,0,0,0,,,
ORD-0638,VND-005,Electronics,13/02/2025,17/02/2025,,In Transit,8,3100,East,24800,February,,,1,0,0,0,0,,,
ORD-0639,VND-004,Furniture,13/02/2025,20/02/2025,,In Transit,3,16500,East,49500,February,,,1,0,0,0,0,,,
ORD-0640,VND-002,Apparel,13/02/2025,19/02/2025,22/02/2025,Delivered,31,60,West,1860,February,9,3,0,1,0,0,31,,,
ORD-0641,VND-004,Electronics,13/02/2025,21/02/2025,24/02/2025,Delivered,5,45000,North,225000,February,11,3,0,1,0,0,5,,,
ORD-0642,VND-015,Electronics,14/02/2025,20/02/2025,,In Transit,7,8500,North,59500,February,,,1,0,0,0,0,,,
ORD-0643,VND-010,Furniture,14/02/2025,23/02/2025,25/02/2025,Delivered,1,6500,East,6500,February,11,2,0,1,0,0,1,,,
ORD-0644,VND-010,Office Supplies,14/02/2025,20/02/2025,,Cancelled,13,500,International,6500,February,,,1,0,0,0,0,,,
ORD-0645,VND-003,Furniture,14/02/2025,18/02/2025,19/02/2025,Delivered,3,9500,West,28500,February,5,1,0,1,0,0,3,,,
ORD-0646,VND-010,Apparel,14/02/2025,23/02/2025,25/02/2025,Delivered,37,90,East,3330,February,11,2,0,1,0,0,37,,,
ORD-0647,VND-001,Apparel,14/02/2025,18/02/2025,17/02/2025,Delivered,42,180,East,7560,February,3,-1,0,0,0,1,42,,,
ORD-0648,VND-008,Apparel,14/02/2025,18/02/2025,,Cancelled,30,90,South,2700,February,,,1,0,0,0,0,,,
ORD-0649,VND-005,Apparel,15/02/2025,19/02/2025,17/02/2025,Delivered,52,250,South,13000,February,2,-2,0,0,0,1,52,,,
ORD-0650,VND-013,Apparel,15/02/2025,23/02/2025,22/02/2025,Delivered,23,180,International,4140,February,7,-1,0,0,0,1,23,,,
ORD-0651,VND-004,Office Supplies,15/02/2025,22/02/2025,20/02/2025,Delivered,104,22,West,2288,February,5,-2,0,0,0,1,104,,,
ORD-0652,VND-008,Electronics,15/02/2025,23/02/2025,25/02/2025,Delivered,8,13500,Central,108000,February,10,2,0,1,0,0,8,,,
ORD-0653,VND-007,Furniture,15/02/2025,22/02/2025,,In Transit,2,4500,South,9000,February,,,1,0,0,0,0,,,
ORD-0654,VND-002,Furniture,15/02/2025,21/02/2025,20/02/2025,Delivered,3,7000,Central,21000,February,5,-1,0,0,0,1,3,,,
ORD-0655,VND-001,Apparel,15/02/2025,20/02/2025,23/02/2025,Delivered,20,60,North,1200,February,8,3,0,1,0,0,20,,,
ORD-0656,VND-012,Furniture,15/02/2025,19/02/2025,19/02/2025,Delivered,3,9500,South,28500,February,4,0,0,0,1,0,3,,,
ORD-0657,VND-011,Apparel,15/02/2025,20/02/2025,23/02/2025,Delivered,36,250,South,9000,February,8,3,0,1,0,0,36,,,
ORD-0658,VND-004,Office Supplies,15/02/2025,19/02/2025,19/02/2025,Delivered,90,45,West,4050,February,4,0,0,0,1,0,90,,,
ORD-0659,VND-008,Office Supplies,15/02/2025,23/02/2025,21/02/2025,Delivered,72,18,International,1296,February,6,-2,0,0,0,1,72,,,
ORD-0660,VND-012,Electronics,15/02/2025,21/02/2025,22/02/2025,Delivered,5,1200,Central,6000,February,7,1,0,1,0,0,5,,,
ORD-0661,VND-002,Office Supplies,16/02/2025,21/02/2025,,Cancelled,19,150,South,2850,February,,,1,0,0,0,0,,,
ORD-0662,VND-003,Office Supplies,16/02/2025,20/02/2025,23/02/2025,Delivered,92,95,South,8740,February,7,3,0,1,0,0,92,,,
ORD-0663,VND-012,Electronics,16/02/2025,24/02/2025,27/02/2025,Delivered,10,1800,West,18000,February,11,3,0,1,0,0,10,,,
ORD-0664,VND-001,Furniture,16/02/2025,20/02/2025,19/02/2025,Delivered,3,15000,West,45000,February,3,-1,0,0,0,1,3,,,
ORD-0665,VND-001,Apparel,16/02/2025,21/02/2025,21/02/2025,Delivered,47,45,International,2115,February,5,0,0,0,1,0,47,,,
ORD-0666,VND-013,Apparel,16/02/2025,25/02/2025,28/02/2025,Delivered,52,90,Central,4680,February,12,3,0,1,0,0,52,,,
ORD-0667,VND-003,Furniture,16/02/2025,24/02/2025,24/02/2025,Delivered,2,9500,North,19000,February,8,0,0,0,1,0,2,,,
ORD-0668,VND-011,Electronics,16/02/2025,24/02/2025,22/02/2025,Delivered,9,1800,International,16200,February,6,-2,0,0,0,1,9,,,
ORD-0669,VND-005,Furniture,16/02/2025,20/02/2025,23/02/2025,Delivered,3,6500,North,19500,February,7,3,0,1,0,0,3,,,
ORD-0670,VND-012,Office Supplies,16/02/2025,22/02/2025,23/02/2025,Delivered,102,150,East,15300,February,7,1,0,1,0,0,102,,,
ORD-0671,VND-003,Electronics,16/02/2025,21/02/2025,21/02/2025,Delivered,5,5000,South,25000,February,5,0,0,0,1,0,5,,,
ORD-0672,VND-001,Electronics,16/02/2025,22/02/2025,20/02/2025,Delivered,5,29000,Central,145000,February,4,-2,0,0,0,1,5,,,
ORD-0673,VND-001,Electronics,16/02/2025,21/02/2025,21/02/2025,Delivered,8,3000,International,24000,February,5,0,0,0,1,0,8,,,
ORD-0674,VND-008,Apparel,17/02/2025,21/02/2025,19/02/2025,Delivered,43,130,South,5590,February,2,-2,0,0,0,1,43,,,
ORD-0675,VND-010,Furniture,17/02/2025,26/02/2025,,Cancelled,2,16500,Central,33000,February,,,1,0,0,0,0,,,
ORD-0676,VND-011,Electronics,17/02/2025,26/02/2025,26/02/2025,Delivered,2,1800,Central,3600,February,9,0,0,0,1,0,2,,,
ORD-0677,VND-012,Electronics,17/02/2025,23/02/2025,21/02/2025,Delivered,4,3000,Central,12000,February,4,-2,0,0,0,1,4,,,
ORD-0678,VND-013,Electronics,17/02/2025,26/02/2025,26/02/2025,Delivered,9,3100,South,27900,February,9,0,0,0,1,0,9,,,
ORD-0679,VND-013,Furniture,17/02/2025,22/02/2025,,Cancelled,1,6500,International,6500,February,,,1,0,0,0,0,,,
ORD-0680,VND-012,Apparel,17/02/2025,21/02/2025,19/02/2025,Delivered,44,140,West,6160,February,2,-2,0,0,0,1,44,,,
ORD-0681,VND-015,Office Supplies,17/02/2025,23/02/2025,,In Transit,12,80,South,960,February,,,1,0,0,0,0,,,
ORD-0682,VND-014,Apparel,17/02/2025,23/02/2025,23/02/2025,Delivered,28,195,Central,5460,February,6,0,0,0,1,0,28,,,
ORD-0683,VND-002,Electronics,17/02/2025,22/02/2025,,Cancelled,7,29000,International,203000,February,,,1,0,0,0,0,,,
ORD-0684,VND-013,Apparel,18/02/2025,22/02/2025,,In Transit,13,45,East,585,February,,,1,0,0,0,0,,,
ORD-0685,VND-003,Apparel,18/02/2025,25/02/2025,,In Transit,34,195,North,6630,February,,,1,0,0,0,0,,,
ORD-0686,VND-002,Office Supplies,18/02/2025,23/02/2025,22/02/2025,Delivered,10,30,Central,300,February,4,-1,0,0,0,1,10,,,
ORD-0687,VND-003,Furniture,18/02/2025,27/02/2025,25/02/2025,Delivered,3,7000,East,21000,February,7,-2,0,0,0,1,3,,,
ORD-0688,VND-007,Furniture,18/02/2025,25/02/2025,23/02/2025,Delivered,3,21000,West,63000,February,5,-2,0,0,0,1,3,,,
ORD-0689,VND-001,Apparel,18/02/2025,23/02/2025,23/02/2025,Delivered,11,90,Central,990,February,5,0,0,0,1,0,11,,,
ORD-0690,VND-010,Apparel,18/02/2025,22/02/2025,,In Transit,29,75,East,2175,February,,,1,0,0,0,0,,,
ORD-0691,VND-008,Furniture,18/02/2025,22/02/2025,22/02/2025,Delivered,1,7000,Central,7000,February,4,0,0,0,1,0,1,,,
ORD-0692,VND-013,Furniture,18/02/2025,25/02/2025,26/02/2025,Delivered,3,7000,South,21000,February,8,1,0,1,0,0,3,,,
ORD-0693,VND-010,Office Supplies,18/02/2025,22/02/2025,22/02/2025,Delivered,68,150,International,10200,February,4,0,0,0,1,0,68,,,
ORD-0694,VND-010,Electronics,18/02/2025,27/02/2025,25/02/2025,Delivered,1,1100,East,1100,February,7,-2,0,0,0,1,1,,,
ORD-0695,VND-010,Apparel,18/02/2025,24/02/2025,23/02/2025,Delivered,21,60,International,1260,February,5,-1,0,0,0,1,21,,,
ORD-0696,VND-014,Furniture,18/02/2025,27/02/2025,,In Transit,2,21000,South,42000,February,,,1,0,0,0,0,,,
ORD-0697,VND-002,Apparel,18/02/2025,24/02/2025,22/02/2025,Delivered,15,110,South,1650,February,4,-2,0,0,0,1,15,,,
ORD-0698,VND-003,Apparel,18/02/2025,26/02/2025,27/02/2025,Delivered,47,60,International,2820,February,9,1,0,1,0,0,47,,,
ORD-0699,VND-009,Furniture,18/02/2025,22/02/2025,22/02/2025,Delivered,1,12000,East,12000,February,4,0,0,0,1,0,1,,,
ORD-0700,VND-007,Office Supplies,19/02/2025,28/02/2025,03/03/2025,Delivered,35,500,International,17500,February,12,3,0,1,0,0,35,,,
ORD-0701,VND-004,Apparel,19/02/2025,25/02/2025,26/02/2025,Delivered,20,320,International,6400,February,7,1,0,1,0,0,20,,,
ORD-0702,VND-010,Office Supplies,19/02/2025,23/02/2025,26/02/2025,Delivered,48,22,North,1056,February,7,3,0,1,0,0,48,,,
ORD-0703,VND-005,Furniture,19/02/2025,28/02/2025,02/03/2025,Delivered,1,12000,East,12000,February,11,2,0,1,0,0,1,,,
ORD-0704,VND-002,Electronics,19/02/2025,24/02/2025,26/02/2025,Delivered,5,3000,North,15000,February,7,2,0,1,0,0,5,,,
ORD-0705,VND-013,Electronics,19/02/2025,24/02/2025,27/02/2025,Delivered,3,8500,Central,25500,February,8,3,0,1,0,0,3,,,
ORD-0706,VND-011,Apparel,20/02/2025,25/02/2025,23/02/2025,Delivered,49,220,International,10780,February,3,-2,0,0,0,1,49,,,
ORD-0707,VND-013,Furniture,20/02/2025,01/03/2025,,Cancelled,1,9500,Central,9500,February,,,1,0,0,0,0,,,
ORD-0708,VND-008,Office Supplies,20/02/2025,01/03/2025,,In Transit,17,40,East,680,February,,,1,0,0,0,0,,,
ORD-0709,VND-004,Apparel,20/02/2025,25/02/2025,,Cancelled,13,195,International,2535,February,,,1,0,0,0,0,,,
ORD-0710,VND-009,Furniture,20/02/2025,26/02/2025,25/02/2025,Delivered,2,16500,Central,33000,February,5,-1,0,0,0,1,2,,,
ORD-0711,VND-005,Furniture,20/02/2025,25/02/2025,,Cancelled,2,16500,West,33000,February,,,1,0,0,0,0,,,
ORD-0712,VND-013,Office Supplies,20/02/2025,27/02/2025,,In Transit,92,40,South,3680,February,,,1,0,0,0,0,,,
ORD-0713,VND-009,Apparel,20/02/2025,27/02/2025,,In Transit,48,320,International,15360,February,,,1,0,0,0,0,,,
ORD-0714,VND-004,Furniture,20/02/2025,24/02/2025,22/02/2025,Delivered,1,6500,South,6500,February,2,-2,0,0,0,1,1,,,
ORD-0715,VND-010,Furniture,20/02/2025,26/02/2025,27/02/2025,Delivered,2,21000,North,42000,February,7,1,0,1,0,0,2,,,
ORD-0716,VND-005,Furniture,20/02/2025,28/02/2025,,Cancelled,1,14000,Central,14000,February,,,1,0,0,0,0,,,
ORD-0717,VND-009,Office Supplies,20/02/2025,24/02/2025,22/02/2025,Delivered,73,30,North,2190,February,2,-2,0,0,0,1,73,,,
ORD-0718,VND-008,Apparel,20/02/2025,27/02/2025,28/02/2025,Delivered,43,320,International,13760,February,8,1,0,1,0,0,43,,,
ORD-0719,VND-003,Apparel,21/02/2025,27/02/2025,,Cancelled,43,75,South,3225,February,,,1,0,0,0,0,,,
ORD-0720,VND-001,Apparel,21/02/2025,28/02/2025,27/02/2025,Delivered,18,195,South,3510,February,6,-1,0,0,0,1,18,,,
ORD-0721,VND-003,Apparel,21/02/2025,02/03/2025,04/03/2025,Delivered,54,250,Central,13500,February,11,2,0,1,0,0,54,,,
ORD-0722,VND-004,Electronics,21/02/2025,02/03/2025,01/03/2025,Delivered,3,29000,International,87000,February,8,-1,0,0,0,1,3,,,
ORD-0723,VND-002,Electronics,21/02/2025,26/02/2025,,Cancelled,2,29000,West,58000,February,,,1,0,0,0,0,,,
ORD-0724,VND-001,Apparel,21/02/2025,02/03/2025,01/03/2025,Delivered,29,90,West,2610,February,8,-1,0,0,0,1,29,,,
ORD-0725,VND-007,Office Supplies,21/02/2025,25/02/2025,28/02/2025,Delivered,58,350,Central,20300,February,7,3,0,1,0,0,58,,,
ORD-0726,VND-008,Electronics,21/02/2025,26/02/2025,24/02/2025,Delivered,4,13500,International,54000,February,3,-2,0,0,0,1,4,,,
ORD-0727,VND-007,Furniture,21/02/2025,28/02/2025,,In Transit,1,9500,Central,9500,February,,,1,0,0,0,0,,,
ORD-0728,VND-014,Electronics,21/02/2025,01/03/2025,03/03/2025,Delivered,5,1800,International,9000,February,10,2,0,1,0,0,5,,,
ORD-0729,VND-005,Furniture,21/02/2025,26/02/2025,,Cancelled,2,14000,North,28000,February,,,1,0,0,0,0,,,
ORD-0730,VND-012,Apparel,21/02/2025,01/03/2025,,Cancelled,43,75,Central,3225,February,,,1,0,0,0,0,,,
ORD-0731,VND-001,Electronics,21/02/2025,25/02/2025,26/02/2025,Delivered,1,3000,International,3000,February,5,1,0,1,0,0,1,,,
ORD-0732,VND-007,Office Supplies,22/02/2025,27/02/2025,27/02/2025,Delivered,72,30,West,2160,February,5,0,0,0,1,0,72,,,
ORD-0733,VND-013,Electronics,22/02/2025,03/03/2025,05/03/2025,Delivered,7,45000,International,315000,February,11,2,0,1,0,0,7,,,
ORD-0734,VND-007,Electronics,22/02/2025,02/03/2025,01/03/2025,Delivered,5,2400,International,12000,February,7,-1,0,0,0,1,5,,,
ORD-0735,VND-009,Electronics,22/02/2025,03/03/2025,06/03/2025,Delivered,2,3000,Central,6000,February,12,3,0,1,0,0,2,,,
ORD-0736,VND-003,Apparel,22/02/2025,02/03/2025,,Cancelled,13,90,North,1170,February,,,1,0,0,0,0,,,
ORD-0737,VND-009,Office Supplies,22/02/2025,02/03/2025,,In Transit,89,350,North,31150,February,,,1,0,0,0,0,,,
ORD-0738,VND-014,Electronics,22/02/2025,28/02/2025,03/03/2025,Delivered,6,7200,North,43200,February,9,3,0,1,0,0,6,,,
ORD-0739,VND-001,Office Supplies,22/02/2025,26/02/2025,25/02/2025,Delivered,105,50,North,5250,February,3,-1,0,0,0,1,105,,,
ORD-0740,VND-001,Apparel,22/02/2025,27/02/2025,27/02/2025,Delivered,11,60,East,660,February,5,0,0,0,1,0,11,,,
ORD-0741,VND-014,Furniture,22/02/2025,28/02/2025,26/02/2025,Delivered,3,8000,Central,24000,February,4,-2,0,0,0,1,3,,,
ORD-0742,VND-004,Electronics,22/02/2025,01/03/2025,28/02/2025,Delivered,5,5000,South,25000,February,6,-1,0,0,0,1,5,,,
ORD-0743,VND-009,Office Supplies,23/02/2025,04/03/2025,,In Transit,36,25,Central,900,February,,,1,0,0,0,0,,,
ORD-0744,VND-006,Office Supplies,23/02/2025,03/03/2025,,Cancelled,114,500,East,57000,February,,,1,0,0,0,0,,,
ORD-0745,VND-013,Apparel,23/02/2025,27/02/2025,26/02/2025,Delivered,26,195,North,5070,February,3,-1,0,0,0,1,26,,,
ORD-0746,VND-011,Electronics,23/02/2025,04/03/2025,,In Transit,3,1800,East,5400,February,,,1,0,0,0,0,,,
ORD-0747,VND-003,Furniture,23/02/2025,27/02/2025,28/02/2025,Delivered,2,21000,West,42000,February,5,1,0,1,0,0,2,,,
ORD-0748,VND-001,Office Supplies,23/02/2025,04/03/2025,03/03/2025,Delivered,77,150,West,11550,February,8,-1,0,0,0,1,77,,,
ORD-0749,VND-004,Electronics,23/02/2025,03/03/2025,06/03/2025,Delivered,10,1800,Central,18000,February,11,3,0,1,0,0,10,,,
ORD-0750,VND-012,Furniture,23/02/2025,28/02/2025,26/02/2025,Delivered,2,4500,Central,9000,February,3,-2,0,0,0,1,2,,,
ORD-0751,VND-013,Office Supplies,23/02/2025,02/03/2025,,Cancelled,9,25,South,225,February,,,1,0,0,0,0,,,
ORD-0752,VND-009,Office Supplies,23/02/2025,04/03/2025,02/03/2025,Delivered,22,150,South,3300,February,7,-2,0,0,0,1,22,,,
ORD-0753,VND-003,Furniture,23/02/2025,27/02/2025,27/02/2025,Delivered,1,3800,West,3800,February,4,0,0,0,1,0,1,,,
ORD-0754,VND-012,Furniture,23/02/2025,27/02/2025,02/03/2025,Delivered,2,4500,North,9000,February,7,3,0,1,0,0,2,,,
ORD-0755,VND-009,Apparel,23/02/2025,02/03/2025,04/03/2025,Delivered,51,90,East,4590,February,9,2,0,1,0,0,51,,,
ORD-0756,VND-007,Electronics,23/02/2025,01/03/2025,27/02/2025,Delivered,7,1800,South,12600,February,4,-2,0,0,0,1,7,,,
ORD-0757,VND-012,Electronics,23/02/2025,04/03/2025,03/03/2025,Delivered,5,29000,International,145000,February,8,-1,0,0,0,1,5,,,
ORD-0758,VND-014,Apparel,23/02/2025,01/03/2025,02/03/2025,Delivered,45,110,South,4950,February,7,1,0,1,0,0,45,,,
ORD-0759,VND-015,Office Supplies,23/02/2025,28/02/2025,01/03/2025,Delivered,64,12,North,768,February,6,1,0,1,0,0,64,,,
ORD-0760,VND-004,Furniture,24/02/2025,01/03/2025,03/03/2025,Delivered,1,8000,North,8000,February,7,2,0,1,0,0,1,,,
ORD-0761,VND-003,Furniture,24/02/2025,03/03/2025,02/03/2025,Delivered,1,21000,Central,21000,February,6,-1,0,0,0,1,1,,,
ORD-0762,VND-010,Furniture,24/02/2025,03/03/2025,03/03/2025,Delivered,2,14000,East,28000,February,7,0,0,0,1,0,2,,,
ORD-0763,VND-015,Office Supplies,24/02/2025,03/03/2025,06/03/2025,Delivered,105,18,North,1890,February,10,3,0,1,0,0,105,,,
ORD-0764,VND-005,Furniture,24/02/2025,03/03/2025,,Cancelled,3,15000,South,45000,February,,,1,0,0,0,0,,,
ORD-0765,VND-005,Furniture,24/02/2025,01/03/2025,02/03/2025,Delivered,1,8000,South,8000,February,6,1,0,1,0,0,1,,,
ORD-0766,VND-003,Apparel,24/02/2025,04/03/2025,02/03/2025,Delivered,29,220,West,6380,February,6,-2,0,0,0,1,29,,,
ORD-0767,VND-012,Office Supplies,24/02/2025,02/03/2025,05/03/2025,Delivered,26,500,North,13000,February,9,3,0,1,0,0,26,,,
ORD-0768,VND-009,Electronics,24/02/2025,01/03/2025,02/03/2025,Delivered,4,5000,International,20000,February,6,1,0,1,0,0,4,,,
ORD-0769,VND-004,Apparel,24/02/2025,03/03/2025,04/03/2025,Delivered,22,180,Central,3960,February,8,1,0,1,0,0,22,,,
ORD-0770,VND-011,Apparel,24/02/2025,02/03/2025,05/03/2025,Delivered,25,45,East,1125,February,9,3,0,1,0,0,25,,,
ORD-0771,VND-005,Electronics,24/02/2025,28/02/2025,02/03/2025,Delivered,3,8500,International,25500,February,6,2,0,1,0,0,3,,,
ORD-0772,VND-004,Apparel,25/02/2025,06/03/2025,08/03/2025,Delivered,12,45,Central,540,February,11,2,0,1,0,0,12,,,
ORD-0773,VND-005,Office Supplies,25/02/2025,06/03/2025,,In Transit,69,40,South,2760,February,,,1,0,0,0,0,,,
ORD-0774,VND-007,Furniture,25/02/2025,02/03/2025,28/02/2025,Delivered,3,14000,International,42000,February,3,-2,0,0,0,1,3,,,
ORD-0775,VND-009,Office Supplies,25/02/2025,01/03/2025,01/03/2025,Delivered,26,12,Central,312,February,4,0,0,0,1,0,26,,,
ORD-0776,VND-007,Electronics,25/02/2025,06/03/2025,07/03/2025,Delivered,9,1100,South,9900,February,10,1,0,1,0,0,9,,,
ORD-0777,VND-013,Electronics,25/02/2025,01/03/2025,,In Transit,6,8500,South,51000,February,,,1,0,0,0,0,,,
ORD-0778,VND-005,Apparel,25/02/2025,06/03/2025,07/03/2025,Delivered,54,90,South,4860,February,10,1,0,1,0,0,54,,,
ORD-0779,VND-010,Office Supplies,25/02/2025,03/03/2025,06/03/2025,Delivered,73,22,South,1606,February,9,3,0,1,0,0,73,,,
ORD-0780,VND-010,Office Supplies,25/02/2025,06/03/2025,05/03/2025,Delivered,99,12,South,1188,February,8,-1,0,0,0,1,99,,,
ORD-0781,VND-007,Electronics,25/02/2025,06/03/2025,05/03/2025,Delivered,3,7200,West,21600,February,8,-1,0,0,0,1,3,,,
ORD-0782,VND-014,Office Supplies,25/02/2025,04/03/2025,05/03/2025,Delivered,12,22,International,264,February,8,1,0,1,0,0,12,,,
ORD-0783,VND-015,Electronics,26/02/2025,02/03/2025,,In Transit,5,3100,Central,15500,February,,,1,0,0,0,0,,,
ORD-0784,VND-010,Office Supplies,26/02/2025,04/03/2025,03/03/2025,Delivered,44,150,West,6600,February,5,-1,0,0,0,1,44,,,
ORD-0785,VND-005,Office Supplies,26/02/2025,02/03/2025,04/03/2025,Delivered,18,150,West,2700,February,6,2,0,1,0,0,18,,,
ORD-0786,VND-003,Office Supplies,26/02/2025,02/03/2025,03/03/2025,Delivered,93,50,North,4650,February,5,1,0,1,0,0,93,,,
ORD-0787,VND-007,Electronics,26/02/2025,06/03/2025,04/03/2025,Delivered,5,3100,North,15500,February,6,-2,0,0,0,1,5,,,
ORD-0788,VND-013,Apparel,26/02/2025,07/03/2025,07/03/2025,Delivered,7,320,North,2240,February,9,0,0,0,1,0,7,,,
ORD-0789,VND-011,Office Supplies,26/02/2025,03/03/2025,06/03/2025,Delivered,18,95,East,1710,February,8,3,0,1,0,0,18,,,
ORD-0790,VND-011,Electronics,26/02/2025,06/03/2025,06/03/2025,Delivered,5,2400,North,12000,February,8,0,0,0,1,0,5,,,
ORD-0791,VND-002,Electronics,26/02/2025,02/03/2025,05/03/2025,Delivered,5,5000,Central,25000,February,7,3,0,1,0,0,5,,,
ORD-0792,VND-015,Office Supplies,26/02/2025,05/03/2025,06/03/2025,Delivered,24,500,West,12000,February,8,1,0,1,0,0,24,,,
ORD-0793,VND-012,Office Supplies,26/02/2025,04/03/2025,05/03/2025,Delivered,70,12,Central,840,February,7,1,0,1,0,0,70,,,
ORD-0794,VND-009,Apparel,26/02/2025,03/03/2025,03/03/2025,Delivered,15,45,International,675,February,5,0,0,0,1,0,15,,,
ORD-0795,VND-010,Electronics,26/02/2025,04/03/2025,05/03/2025,Delivered,2,8500,North,17000,February,7,1,0,1,0,0,2,,,
ORD-0796,VND-010,Electronics,26/02/2025,04/03/2025,02/03/2025,Delivered,5,8500,East,42500,February,4,-2,0,0,0,1,5,,,
ORD-0797,VND-012,Furniture,26/02/2025,06/03/2025,09/03/2025,Delivered,1,8000,International,8000,February,11,3,0,1,0,0,1,,,
ORD-0798,VND-001,Electronics,26/02/2025,06/03/2025,09/03/2025,Delivered,7,3100,East,21700,February,11,3,0,1,0,0,7,,,
ORD-0799,VND-013,Apparel,27/02/2025,06/03/2025,05/03/2025,Delivered,38,75,International,2850,February,6,-1,0,0,0,1,38,,,
ORD-0800,VND-006,Furniture,27/02/2025,04/03/2025,,Cancelled,1,7000,West,7000,February,,,1,0,0,0,0,,,
ORD-0801,VND-007,Furniture,27/02/2025,06/03/2025,07/03/2025,Delivered,2,18000,Central,36000,February,8,1,0,1,0,0,2,,,
ORD-0802,VND-014,Furniture,27/02/2025,05/03/2025,04/03/2025,Delivered,2,14000,South,28000,February,5,-1,0,0,0,1,2,,,
ORD-0803,VND-013,Office Supplies,27/02/2025,07/03/2025,,In Transit,31,18,Central,558,February,,,1,0,0,0,0,,,
ORD-0804,VND-008,Office Supplies,27/02/2025,06/03/2025,08/03/2025,Delivered,11,12,North,132,February,9,2,0,1,0,0,11,,,
ORD-0805,VND-010,Electronics,27/02/2025,08/03/2025,10/03/2025,Delivered,2,8500,South,17000,February,11,2,0,1,0,0,2,,,
ORD-0806,VND-009,Furniture,27/02/2025,04/03/2025,,In Transit,3,21000,East,63000,February,,,1,0,0,0,0,,,
ORD-0807,VND-002,Apparel,27/02/2025,08/03/2025,10/03/2025,Delivered,14,220,West,3080,February,11,2,0,1,0,0,14,,,
ORD-0808,VND-011,Office Supplies,27/02/2025,05/03/2025,05/03/2025,Delivered,57,150,West,8550,February,6,0,0,0,1,0,57,,,
ORD-0809,VND-010,Apparel,27/02/2025,04/03/2025,04/03/2025,Delivered,52,140,East,7280,February,5,0,0,0,1,0,52,,,
ORD-0810,VND-002,Apparel,27/02/2025,06/03/2025,09/03/2025,Delivered,10,180,North,1800,February,10,3,0,1,0,0,10,,,
ORD-0811,VND-005,Office Supplies,27/02/2025,04/03/2025,07/03/2025,Delivered,31,25,East,775,February,8,3,0,1,0,0,31,,,
ORD-0812,VND-013,Office Supplies,27/02/2025,07/03/2025,08/03/2025,Delivered,113,80,International,9040,February,9,1,0,1,0,0,113,,,
ORD-0813,VND-005,Office Supplies,27/02/2025,04/03/2025,,Cancelled,112,500,North,56000,February,,,1,0,0,0,0,,,
ORD-0814,VND-006,Office Supplies,28/02/2025,08/03/2025,,Cancelled,63,15,South,945,February,,,1,0,0,0,0,,,
ORD-0815,VND-003,Furniture,28/02/2025,08/03/2025,,In Transit,2,21000,East,42000,February,,,1,0,0,0,0,,,
ORD-0816,VND-008,Furniture,28/02/2025,08/03/2025,,In Transit,3,12000,North,36000,February,,,1,0,0,0,0,,,
ORD-0817,VND-013,Furniture,28/02/2025,08/03/2025,,Cancelled,1,14000,South,14000,February,,,1,0,0,0,0,,,
ORD-0818,VND-001,Furniture,28/02/2025,08/03/2025,07/03/2025,Delivered,1,9500,East,9500,February,7,-1,0,0,0,1,1,,,
ORD-0819,VND-006,Electronics,28/02/2025,06/03/2025,08/03/2025,Delivered,1,45000,West,45000,February,8,2,0,1,0,0,1,,,
ORD-0820,VND-004,Furniture,28/02/2025,07/03/2025,06/03/2025,Delivered,1,9500,East,9500,February,6,-1,0,0,0,1,1,,,
ORD-0821,VND-001,Office Supplies,28/02/2025,04/03/2025,,In Transit,99,30,Central,2970,February,,,1,0,0,0,0,,,
ORD-0822,VND-015,Apparel,28/02/2025,06/03/2025,07/03/2025,Delivered,12,45,East,540,February,7,1,0,1,0,0,12,,,
ORD-0823,VND-007,Furniture,28/02/2025,08/03/2025,07/03/2025,Delivered,1,18000,Central,18000,February,7,-1,0,0,0,1,1,,,
ORD-0824,VND-009,Electronics,28/02/2025,05/03/2025,07/03/2025,Delivered,2,1200,South,2400,February,7,2,0,1,0,0,2,,,
ORD-0825,VND-013,Office Supplies,28/02/2025,07/03/2025,06/03/2025,Delivered,84,30,East,2520,February,6,-1,0,0,0,1,84,,,
ORD-0826,VND-004,Apparel,28/02/2025,09/03/2025,09/03/2025,Delivered,18,250,South,4500,February,9,0,0,0,1,0,18,,,
ORD-0827,VND-004,Apparel,28/02/2025,07/03/2025,09/03/2025,Delivered,43,60,South,2580,February,9,2,0,1,0,0,43,,,
ORD-0828,VND-006,Furniture,28/02/2025,07/03/2025,10/03/2025,Delivered,1,9500,North,9500,February,10,3,0,1,0,0,1,,,
ORD-0829,VND-012,Apparel,01/03/2025,08/03/2025,06/03/2025,Delivered,40,45,South,1800,March,5,-2,0,0,0,1,40,,,
ORD-0830,VND-015,Furniture,01/03/2025,09/03/2025,09/03/2025,Delivered,3,16500,South,49500,March,8,0,0,0,1,0,3,,,
ORD-0831,VND-003,Furniture,01/03/2025,09/03/2025,07/03/2025,Delivered,1,9500,East,9500,March,6,-2,0,0,0,1,1,,,
ORD-0832,VND-013,Office Supplies,01/03/2025,09/03/2025,11/03/2025,Delivered,64,22,East,1408,March,10,2,0,1,0,0,64,,,
ORD-0833,VND-012,Office Supplies,01/03/2025,07/03/2025,05/03/2025,Delivered,18,350,West,6300,March,4,-2,0,0,0,1,18,,,
ORD-0834,VND-006,Electronics,01/03/2025,09/03/2025,12/03/2025,Delivered,8,13500,North,108000,March,11,3,0,1,0,0,8,,,
ORD-0835,VND-007,Office Supplies,01/03/2025,09/03/2025,,In Transit,99,95,South,9405,March,,,1,0,0,0,0,,,
ORD-0836,VND-011,Office Supplies,01/03/2025,06/03/2025,08/03/2025,Delivered,106,45,North,4770,March,7,2,0,1,0,0,106,,,
ORD-0837,VND-010,Furniture,01/03/2025,07/03/2025,06/03/2025,Delivered,2,18000,Central,36000,March,5,-1,0,0,0,1,2,,,
ORD-0838,VND-010,Office Supplies,01/03/2025,10/03/2025,13/03/2025,Delivered,28,12,South,336,March,12,3,0,1,0,0,28,,,
ORD-0839,VND-003,Furniture,01/03/2025,10/03/2025,08/03/2025,Delivered,1,14000,North,14000,March,7,-2,0,0,0,1,1,,,
ORD-0840,VND-007,Furniture,01/03/2025,10/03/2025,,In Transit,2,14000,West,28000,March,,,1,0,0,0,0,,,
ORD-0841,VND-014,Office Supplies,01/03/2025,08/03/2025,08/03/2025,Delivered,106,12,West,1272,March,7,0,0,0,1,0,106,,,
ORD-0842,VND-003,Electronics,02/03/2025,06/03/2025,05/03/2025,Delivered,4,8500,South,34000,March,3,-1,0,0,0,1,4,,,
ORD-0843,VND-013,Electronics,02/03/2025,09/03/2025,07/03/2025,Delivered,9,1100,Central,9900,March,5,-2,0,0,0,1,9,,,
ORD-0844,VND-013,Apparel,02/03/2025,08/03/2025,,Cancelled,35,140,West,4900,March,,,1,0,0,0,0,,,
ORD-0845,VND-002,Apparel,02/03/2025,07/03/2025,07/03/2025,Delivered,10,140,West,1400,March,5,0,0,0,1,0,10,,,
ORD-0846,VND-012,Office Supplies,02/03/2025,08/03/2025,07/03/2025,Delivered,14,45,Central,630,March,5,-1,0,0,0,1,14,,,
ORD-0847,VND-014,Electronics,02/03/2025,11/03/2025,13/03/2025,Delivered,8,13500,North,108000,March,11,2,0,1,0,0,8,,,
ORD-0848,VND-010,Furniture,02/03/2025,08/03/2025,,In Transit,2,18000,West,36000,March,,,1,0,0,0,0,,,
ORD-0849,VND-004,Apparel,02/03/2025,11/03/2025,10/03/2025,Delivered,38,320,East,12160,March,8,-1,0,0,0,1,38,,,
ORD-0850,VND-012,Furniture,02/03/2025,08/03/2025,,In Transit,1,18000,International,18000,March,,,1,0,0,0,0,,,
ORD-0851,VND-008,Apparel,02/03/2025,10/03/2025,09/03/2025,Delivered,16,180,International,2880,March,7,-1,0,0,0,1,16,,,
ORD-0852,VND-013,Office Supplies,02/03/2025,06/03/2025,04/03/2025,Delivered,87,500,West,43500,March,2,-2,0,0,0,1,87,,,
ORD-0853,VND-015,Electronics,02/03/2025,11/03/2025,09/03/2025,Delivered,3,45000,North,135000,March,7,-2,0,0,0,1,3,,,
ORD-0854,VND-009,Apparel,02/03/2025,09/03/2025,09/03/2025,Delivered,33,320,North,10560,March,7,0,0,0,1,0,33,,,
ORD-0855,VND-007,Electronics,02/03/2025,08/03/2025,07/03/2025,Delivered,3,1200,South,3600,March,5,-1,0,0,0,1,3,,,
ORD-0856,VND-001,Furniture,02/03/2025,09/03/2025,,Cancelled,1,14000,East,14000,March,,,1,0,0,0,0,,,
ORD-0857,VND-003,Office Supplies,02/03/2025,08/03/2025,07/03/2025,Delivered,69,50,North,3450,March,5,-1,0,0,0,1,69,,,
ORD-0858,VND-013,Electronics,03/03/2025,11/03/2025,11/03/2025,Delivered,9,29000,Central,261000,March,8,0,0,0,1,0,9,,,
ORD-0859,VND-012,Office Supplies,03/03/2025,12/03/2025,12/03/2025,Delivered,47,25,East,1175,March,9,0,0,0,1,0,47,,,
ORD-0860,VND-014,Electronics,03/03/2025,11/03/2025,13/03/2025,Delivered,1,8500,International,8500,March,10,2,0,1,0,0,1,,,
ORD-0861,VND-009,Furniture,03/03/2025,09/03/2025,,In Transit,2,21000,East,42000,March,,,1,0,0,0,0,,,
ORD-0862,VND-015,Furniture,03/03/2025,11/03/2025,,In Transit,3,12000,Central,36000,March,,,1,0,0,0,0,,,
ORD-0863,VND-012,Office Supplies,03/03/2025,08/03/2025,08/03/2025,Delivered,95,350,West,33250,March,5,0,0,0,1,0,95,,,
ORD-0864,VND-001,Furniture,03/03/2025,09/03/2025,,Cancelled,1,9500,Central,9500,March,,,1,0,0,0,0,,,
ORD-0865,VND-009,Apparel,03/03/2025,07/03/2025,10/03/2025,Delivered,16,140,Central,2240,March,7,3,0,1,0,0,16,,,
ORD-0866,VND-008,Electronics,03/03/2025,09/03/2025,,In Transit,7,1200,West,8400,March,,,1,0,0,0,0,,,
ORD-0867,VND-001,Furniture,03/03/2025,07/03/2025,09/03/2025,Delivered,2,18000,West,36000,March,6,2,0,1,0,0,2,,,
ORD-0868,VND-006,Apparel,04/03/2025,13/03/2025,,In Transit,32,45,West,1440,March,,,1,0,0,0,0,,,
ORD-0869,VND-005,Office Supplies,04/03/2025,13/03/2025,15/03/2025,Delivered,31,25,West,775,March,11,2,0,1,0,0,31,,,
ORD-0870,VND-006,Apparel,04/03/2025,09/03/2025,07/03/2025,Delivered,38,75,West,2850,March,3,-2,0,0,0,1,38,,,
ORD-0871,VND-010,Office Supplies,04/03/2025,10/03/2025,,In Transit,93,80,Central,7440,March,,,1,0,0,0,0,,,
ORD-0872,VND-012,Office Supplies,04/03/2025,08/03/2025,10/03/2025,Delivered,79,25,South,1975,March,6,2,0,1,0,0,79,,,
ORD-0873,VND-013,Electronics,04/03/2025,12/03/2025,11/03/2025,Delivered,5,5000,South,25000,March,7,-1,0,0,0,1,5,,,
ORD-0874,VND-013,Electronics,04/03/2025,13/03/2025,,In Transit,10,3000,North,30000,March,,,1,0,0,0,0,,,
ORD-0875,VND-013,Apparel,04/03/2025,13/03/2025,,In Transit,36,195,South,7020,March,,,1,0,0,0,0,,,
ORD-0876,VND-015,Electronics,04/03/2025,12/03/2025,10/03/2025,Delivered,6,5000,International,30000,March,6,-2,0,0,0,1,6,,,
ORD-0877,VND-005,Electronics,04/03/2025,13/03/2025,,In Transit,8,3000,South,24000,March,,,1,0,0,0,0,,,
ORD-0878,VND-006,Electronics,04/03/2025,10/03/2025,10/03/2025,Delivered,4,45000,Central,180000,March,6,0,0,0,1,0,4,,,
ORD-0879,VND-005,Apparel,04/03/2025,08/03/2025,07/03/2025,Delivered,19,180,West,3420,March,3,-1,0,0,0,1,19,,,
ORD-0880,VND-011,Furniture,05/03/2025,11/03/2025,,In Transit,2,15000,West,30000,March,,,1,0,0,0,0,,,
ORD-0881,VND-012,Electronics,05/03/2025,09/03/2025,07/03/2025,Delivered,1,1800,Central,1800,March,2,-2,0,0,0,1,1,,,
ORD-0882,VND-005,Electronics,05/03/2025,13/03/2025,16/03/2025,Delivered,4,5000,International,20000,March,11,3,0,1,0,0,4,,,
ORD-0883,VND-004,Apparel,05/03/2025,13/03/2025,16/03/2025,Delivered,10,220,South,2200,March,11,3,0,1,0,0,10,,,
ORD-0884,VND-003,Furniture,05/03/2025,10/03/2025,09/03/2025,Delivered,2,18000,Central,36000,March,4,-1,0,0,0,1,2,,,
ORD-0885,VND-003,Electronics,05/03/2025,10/03/2025,08/03/2025,Delivered,1,2400,North,2400,March,3,-2,0,0,0,1,1,,,
ORD-0886,VND-004,Office Supplies,05/03/2025,09/03/2025,,In Transit,13,18,West,234,March,,,1,0,0,0,0,,,
ORD-0887,VND-009,Apparel,05/03/2025,13/03/2025,,In Transit,35,60,East,2100,March,,,1,0,0,0,0,,,
ORD-0888,VND-002,Electronics,05/03/2025,11/03/2025,14/03/2025,Delivered,2,13500,North,27000,March,9,3,0,1,0,0,2,,,
ORD-0889,VND-015,Electronics,05/03/2025,14/03/2025,,In Transit,4,1100,International,4400,March,,,1,0,0,0,0,,,
ORD-0890,VND-009,Office Supplies,05/03/2025,10/03/2025,13/03/2025,Delivered,113,15,North,1695,March,8,3,0,1,0,0,113,,,
ORD-0891,VND-001,Office Supplies,05/03/2025,12/03/2025,11/03/2025,Delivered,87,350,Central,30450,March,6,-1,0,0,0,1,87,,,
ORD-0892,VND-014,Apparel,05/03/2025,14/03/2025,,In Transit,51,60,South,3060,March,,,1,0,0,0,0,,,
ORD-0893,VND-015,Apparel,05/03/2025,13/03/2025,16/03/2025,Delivered,40,45,West,1800,March,11,3,0,1,0,0,40,,,
ORD-0894,VND-015,Office Supplies,05/03/2025,09/03/2025,11/03/2025,Delivered,46,40,International,1840,March,6,2,0,1,0,0,46,,,
ORD-0895,VND-001,Apparel,05/03/2025,13/03/2025,15/03/2025,Delivered,30,250,International,7500,March,10,2,0,1,0,0,30,,,
ORD-0896,VND-005,Office Supplies,06/03/2025,13/03/2025,14/03/2025,Delivered,113,12,East,1356,March,8,1,0,1,0,0,113,,,
ORD-0897,VND-006,Electronics,06/03/2025,15/03/2025,,In Transit,8,13500,North,108000,March,,,1,0,0,0,0,,,
ORD-0898,VND-006,Office Supplies,06/03/2025,11/03/2025,14/03/2025,Delivered,21,500,East,10500,March,8,3,0,1,0,0,21,,,
ORD-0899,VND-003,Office Supplies,06/03/2025,15/03/2025,18/03/2025,Delivered,78,40,South,3120,March,12,3,0,1,0,0,78,,,
ORD-0900,VND-007,Furniture,06/03/2025,10/03/2025,12/03/2025,Delivered,3,9500,South,28500,March,6,2,0,1,0,0,3,,,
ORD-0901,VND-009,Office Supplies,06/03/2025,12/03/2025,11/03/2025,Delivered,67,22,East,1474,March,5,-1,0,0,0,1,67,,,
ORD-0902,VND-011,Office Supplies,06/03/2025,11/03/2025,13/03/2025,Delivered,34,45,West,1530,March,7,2,0,1,0,0,34,,,
ORD-0903,VND-012,Furniture,06/03/2025,11/03/2025,13/03/2025,Delivered,2,12000,South,24000,March,7,2,0,1,0,0,2,,,
ORD-0904,VND-010,Apparel,06/03/2025,11/03/2025,,In Transit,50,75,East,3750,March,,,1,0,0,0,0,,,
ORD-0905,VND-008,Furniture,06/03/2025,15/03/2025,,Cancelled,2,12000,North,24000,March,,,1,0,0,0,0,,,
ORD-0906,VND-006,Electronics,06/03/2025,10/03/2025,09/03/2025,Delivered,3,3000,East,9000,March,3,-1,0,0,0,1,3,,,
ORD-0907,VND-012,Furniture,06/03/2025,11/03/2025,11/03/2025,Delivered,2,7000,East,14000,March,5,0,0,0,1,0,2,,,
ORD-0908,VND-008,Electronics,06/03/2025,10/03/2025,13/03/2025,Delivered,7,5000,Central,35000,March,7,3,0,1,0,0,7,,,
ORD-0909,VND-012,Apparel,06/03/2025,10/03/2025,,Cancelled,54,180,South,9720,March,,,1,0,0,0,0,,,
ORD-0910,VND-005,Furniture,07/03/2025,11/03/2025,,Cancelled,2,21000,West,42000,March,,,1,0,0,0,0,,,
ORD-0911,VND-008,Furniture,07/03/2025,12/03/2025,13/03/2025,Delivered,2,15000,West,30000,March,6,1,0,1,0,0,2,,,
ORD-0912,VND-010,Apparel,07/03/2025,12/03/2025,14/03/2025,Delivered,42,110,Central,4620,March,7,2,0,1,0,0,42,,,
ORD-0913,VND-012,Electronics,07/03/2025,13/03/2025,11/03/2025,Delivered,1,1100,International,1100,March,4,-2,0,0,0,1,1,,,
ORD-0914,VND-004,Furniture,07/03/2025,15/03/2025,18/03/2025,Delivered,1,7000,West,7000,March,11,3,0,1,0,0,1,,,
ORD-0915,VND-010,Electronics,07/03/2025,15/03/2025,16/03/2025,Delivered,1,29000,East,29000,March,9,1,0,1,0,0,1,,,
ORD-0916,VND-008,Furniture,07/03/2025,11/03/2025,10/03/2025,Delivered,2,21000,Central,42000,March,3,-1,0,0,0,1,2,,,
ORD-0917,VND-010,Office Supplies,07/03/2025,11/03/2025,11/03/2025,Delivered,74,30,North,2220,March,4,0,0,0,1,0,74,,,
ORD-0918,VND-012,Furniture,07/03/2025,11/03/2025,13/03/2025,Delivered,2,18000,South,36000,March,6,2,0,1,0,0,2,,,
ORD-0919,VND-002,Apparel,07/03/2025,15/03/2025,14/03/2025,Delivered,49,250,South,12250,March,7,-1,0,0,0,1,49,,,
ORD-0920,VND-012,Apparel,07/03/2025,12/03/2025,11/03/2025,Delivered,12,220,South,2640,March,4,-1,0,0,0,1,12,,,
ORD-0921,VND-012,Electronics,07/03/2025,16/03/2025,16/03/2025,Delivered,2,7200,East,14400,March,9,0,0,0,1,0,2,,,
ORD-0922,VND-005,Furniture,07/03/2025,16/03/2025,19/03/2025,Delivered,2,3800,North,7600,March,12,3,0,1,0,0,2,,,
ORD-0923,VND-009,Electronics,07/03/2025,16/03/2025,14/03/2025,Delivered,2,7200,Central,14400,March,7,-2,0,0,0,1,2,,,
ORD-0924,VND-004,Electronics,08/03/2025,15/03/2025,13/03/2025,Delivered,7,3000,Central,21000,March,5,-2,0,0,0,1,7,,,
ORD-0925,VND-011,Office Supplies,08/03/2025,13/03/2025,13/03/2025,Delivered,70,350,South,24500,March,5,0,0,0,1,0,70,,,
ORD-0926,VND-006,Office Supplies,08/03/2025,17/03/2025,15/03/2025,Delivered,55,80,North,4400,March,7,-2,0,0,0,1,55,,,
ORD-0927,VND-015,Apparel,08/03/2025,16/03/2025,19/03/2025,Delivered,38,195,North,7410,March,11,3,0,1,0,0,38,,,
ORD-0928,VND-001,Electronics,08/03/2025,12/03/2025,14/03/2025,Delivered,5,7200,North,36000,March,6,2,0,1,0,0,5,,,
ORD-0929,VND-009,Apparel,08/03/2025,12/03/2025,10/03/2025,Delivered,33,90,West,2970,March,2,-2,0,0,0,1,33,,,
ORD-0930,VND-001,Furniture,08/03/2025,17/03/2025,15/03/2025,Delivered,2,15000,West,30000,March,7,-2,0,0,0,1,2,,,
ORD-0931,VND-005,Electronics,08/03/2025,13/03/2025,15/03/2025,Delivered,10,5000,South,50000,March,7,2,0,1,0,0,10,,,
ORD-0932,VND-004,Electronics,08/03/2025,14/03/2025,15/03/2025,Delivered,2,1800,North,3600,March,7,1,0,1,0,0,2,,,
ORD-0933,VND-013,Furniture,08/03/2025,17/03/2025,19/03/2025,Delivered,2,4500,International,9000,March,11,2,0,1,0,0,2,,,
ORD-0934,VND-012,Furniture,08/03/2025,13/03/2025,15/03/2025,Delivered,1,4500,North,4500,March,7,2,0,1,0,0,1,,,
ORD-0935,VND-013,Apparel,08/03/2025,14/03/2025,17/03/2025,Delivered,36,110,Central,3960,March,9,3,0,1,0,0,36,,,
ORD-0936,VND-013,Apparel,08/03/2025,16/03/2025,15/03/2025,Delivered,33,195,Central,6435,March,7,-1,0,0,0,1,33,,,
ORD-0937,VND-014,Furniture,09/03/2025,18/03/2025,17/03/2025,Delivered,2,15000,South,30000,March,8,-1,0,0,0,1,2,,,
ORD-0938,VND-003,Apparel,09/03/2025,18/03/2025,19/03/2025,Delivered,43,140,International,6020,March,10,1,0,1,0,0,43,,,
ORD-0939,VND-013,Furniture,09/03/2025,15/03/2025,,Cancelled,2,8000,North,16000,March,,,1,0,0,0,0,,,
ORD-0940,VND-006,Electronics,09/03/2025,16/03/2025,14/03/2025,Delivered,8,5000,International,40000,March,5,-2,0,0,0,1,8,,,
ORD-0941,VND-002,Electronics,09/03/2025,14/03/2025,15/03/2025,Delivered,6,1200,South,7200,March,6,1,0,1,0,0,6,,,
ORD-0942,VND-003,Office Supplies,09/03/2025,14/03/2025,17/03/2025,Delivered,109,500,Central,54500,March,8,3,0,1,0,0,109,,,
ORD-0943,VND-005,Electronics,09/03/2025,14/03/2025,,Cancelled,2,1100,Central,2200,March,,,1,0,0,0,0,,,
ORD-0944,VND-015,Furniture,09/03/2025,13/03/2025,,In Transit,1,8000,West,8000,March,,,1,0,0,0,0,,,
ORD-0945,VND-009,Apparel,09/03/2025,14/03/2025,17/03/2025,Delivered,14,220,South,3080,March,8,3,0,1,0,0,14,,,
ORD-0946,VND-002,Office Supplies,09/03/2025,18/03/2025,,In Transit,11,150,South,1650,March,,,1,0,0,0,0,,,
ORD-0947,VND-010,Apparel,10/03/2025,17/03/2025,17/03/2025,Delivered,12,110,North,1320,March,7,0,0,0,1,0,12,,,
ORD-0948,VND-008,Furniture,10/03/2025,18/03/2025,,In Transit,2,12000,North,24000,March,,,1,0,0,0,0,,,
ORD-0949,VND-014,Electronics,10/03/2025,17/03/2025,,In Transit,3,7200,West,21600,March,,,1,0,0,0,0,,,
ORD-0950,VND-002,Office Supplies,10/03/2025,14/03/2025,16/03/2025,Delivered,111,18,East,1998,March,6,2,0,1,0,0,111,,,
ORD-0951,VND-011,Furniture,10/03/2025,15/03/2025,16/03/2025,Delivered,1,14000,International,14000,March,6,1,0,1,0,0,1,,,
ORD-0952,VND-013,Office Supplies,10/03/2025,18/03/2025,19/03/2025,Delivered,88,45,East,3960,March,9,1,0,1,0,0,88,,,
ORD-0953,VND-005,Office Supplies,10/03/2025,15/03/2025,18/03/2025,Delivered,51,95,East,4845,March,8,3,0,1,0,0,51,,,
ORD-0954,VND-007,Electronics,10/03/2025,17/03/2025,15/03/2025,Delivered,4,3100,South,12400,March,5,-2,0,0,0,1,4,,,
ORD-0955,VND-008,Furniture,10/03/2025,18/03/2025,20/03/2025,Delivered,2,16500,International,33000,March,10,2,0,1,0,0,2,,,
ORD-0956,VND-001,Apparel,11/03/2025,19/03/2025,20/03/2025,Delivered,41,140,South,5740,March,9,1,0,1,0,0,41,,,
ORD-0957,VND-006,Office Supplies,11/03/2025,16/03/2025,17/03/2025,Delivered,84,12,International,1008,March,6,1,0,1,0,0,84,,,
ORD-0958,VND-001,Office Supplies,11/03/2025,18/03/2025,21/03/2025,Delivered,64,500,Central,32000,March,10,3,0,1,0,0,64,,,
ORD-0959,VND-002,Apparel,11/03/2025,19/03/2025,18/03/2025,Delivered,31,90,South,2790,March,7,-1,0,0,0,1,31,,,
ORD-0960,VND-015,Furniture,11/03/2025,17/03/2025,16/03/2025,Delivered,2,8000,South,16000,March,5,-1,0,0,0,1,2,,,
ORD-0961,VND-001,Office Supplies,11/03/2025,18/03/2025,16/03/2025,Delivered,90,40,South,3600,March,5,-2,0,0,0,1,90,,,
ORD-0962,VND-011,Office Supplies,11/03/2025,16/03/2025,18/03/2025,Delivered,106,350,West,37100,March,7,2,0,1,0,0,106,,,
ORD-0963,VND-005,Office Supplies,11/03/2025,15/03/2025,15/03/2025,Delivered,85,350,South,29750,March,4,0,0,0,1,0,85,,,
ORD-0964,VND-010,Furniture,11/03/2025,17/03/2025,15/03/2025,Delivered,2,7000,North,14000,March,4,-2,0,0,0,1,2,,,
ORD-0965,VND-015,Furniture,11/03/2025,17/03/2025,,Cancelled,3,8000,North,24000,March,,,1,0,0,0,0,,,
ORD-0966,VND-009,Apparel,11/03/2025,15/03/2025,16/03/2025,Delivered,18,195,International,3510,March,5,1,0,1,0,0,18,,,
ORD-0967,VND-006,Furniture,11/03/2025,15/03/2025,16/03/2025,Delivered,2,12000,Central,24000,March,5,1,0,1,0,0,2,,,
ORD-0968,VND-011,Furniture,11/03/2025,19/03/2025,21/03/2025,Delivered,2,15000,West,30000,March,10,2,0,1,0,0,2,,,
ORD-0969,VND-011,Electronics,12/03/2025,18/03/2025,21/03/2025,Delivered,9,45000,International,405000,March,9,3,0,1,0,0,9,,,
ORD-0970,VND-001,Apparel,12/03/2025,21/03/2025,19/03/2025,Delivered,6,45,North,270,March,7,-2,0,0,0,1,6,,,
ORD-0971,VND-013,Office Supplies,12/03/2025,19/03/2025,21/03/2025,Delivered,66,22,West,1452,March,9,2,0,1,0,0,66,,,
ORD-0972,VND-001,Furniture,12/03/2025,20/03/2025,22/03/2025,Delivered,1,4500,West,4500,March,10,2,0,1,0,0,1,,,
ORD-0973,VND-002,Office Supplies,12/03/2025,18/03/2025,,In Transit,10,18,Central,180,March,,,1,0,0,0,0,,,
ORD-0974,VND-009,Office Supplies,12/03/2025,20/03/2025,23/03/2025,Delivered,44,12,West,528,March,11,3,0,1,0,0,44,,,
ORD-0975,VND-003,Electronics,12/03/2025,17/03/2025,17/03/2025,Delivered,9,7200,South,64800,March,5,0,0,0,1,0,9,,,
ORD-0976,VND-015,Furniture,12/03/2025,16/03/2025,,In Transit,3,4500,West,13500,March,,,1,0,0,0,0,,,
ORD-0977,VND-001,Apparel,12/03/2025,17/03/2025,17/03/2025,Delivered,37,320,Central,11840,March,5,0,0,0,1,0,37,,,
ORD-0978,VND-005,Furniture,12/03/2025,18/03/2025,19/03/2025,Delivered,2,16500,International,33000,March,7,1,0,1,0,0,2,,,
ORD-0979,VND-007,Office Supplies,12/03/2025,17/03/2025,16/03/2025,Delivered,88,500,Central,44000,March,4,-1,0,0,0,1,88,,,
ORD-0980,VND-006,Apparel,12/03/2025,21/03/2025,20/03/2025,Delivered,47,110,Central,5170,March,8,-1,0,0,0,1,47,,,
ORD-0981,VND-012,Furniture,12/03/2025,20/03/2025,23/03/2025,Delivered,1,18000,North,18000,March,11,3,0,1,0,0,1,,,
ORD-0982,VND-001,Office Supplies,12/03/2025,20/03/2025,23/03/2025,Delivered,16,350,South,5600,March,11,3,0,1,0,0,16,,,
ORD-0983,VND-005,Office Supplies,13/03/2025,17/03/2025,,In Transit,67,22,North,1474,March,,,1,0,0,0,0,,,
ORD-0984,VND-015,Electronics,13/03/2025,22/03/2025,,Cancelled,7,29000,International,203000,March,,,1,0,0,0,0,,,
ORD-0985,VND-005,Electronics,13/03/2025,17/03/2025,,Cancelled,7,2400,East,16800,March,,,1,0,0,0,0,,,
ORD-0986,VND-006,Electronics,13/03/2025,22/03/2025,,Cancelled,5,29000,International,145000,March,,,1,0,0,0,0,,,
ORD-0987,VND-003,Office Supplies,13/03/2025,17/03/2025,19/03/2025,Delivered,80,40,South,3200,March,6,2,0,1,0,0,80,,,
ORD-0988,VND-005,Furniture,13/03/2025,22/03/2025,23/03/2025,Delivered,3,16500,West,49500,March,10,1,0,1,0,0,3,,,
ORD-0989,VND-007,Electronics,13/03/2025,22/03/2025,20/03/2025,Delivered,7,8500,Central,59500,March,7,-2,0,0,0,1,7,,,
ORD-0990,VND-005,Furniture,13/03/2025,19/03/2025,21/03/2025,Delivered,1,9500,East,9500,March,8,2,0,1,0,0,1,,,
ORD-0991,VND-005,Electronics,13/03/2025,20/03/2025,,In Transit,3,1100,South,3300,March,,,1,0,0,0,0,,,
ORD-0992,VND-005,Apparel,13/03/2025,19/03/2025,19/03/2025,Delivered,52,320,North,16640,March,6,0,0,0,1,0,52,,,
ORD-0993,VND-010,Apparel,13/03/2025,21/03/2025,,Cancelled,22,180,Central,3960,March,,,1,0,0,0,0,,,
ORD-0994,VND-010,Electronics,13/03/2025,22/03/2025,,In Transit,1,13500,International,13500,March,,,1,0,0,0,0,,,
ORD-0995,VND-003,Office Supplies,13/03/2025,18/03/2025,,Cancelled,14,25,North,350,March,,,1,0,0,0,0,,,
ORD-0996,VND-001,Electronics,13/03/2025,20/03/2025,,In Transit,6,7200,South,43200,March,,,1,0,0,0,0,,,
ORD-0997,VND-005,Electronics,13/03/2025,22/03/2025,24/03/2025,Delivered,4,3100,South,12400,March,11,2,0,1,0,0,4,,,
ORD-0998,VND-014,Office Supplies,13/03/2025,18/03/2025,20/03/2025,Delivered,21,95,International,1995,March,7,2,0,1,0,0,21,,,
ORD-0999,VND-009,Apparel,13/03/2025,21/03/2025,21/03/2025,Delivered,23,140,East,3220,March,8,0,0,0,1,0,23,,,
ORD-1000,VND-014,Furniture,14/03/2025,23/03/2025,25/03/2025,Delivered,2,21000,International,42000,March,11,2,0,1,0,0,2,,,
ORD-1001,VND-001,Electronics,14/03/2025,23/03/2025,22/03/2025,Delivered,8,5000,West,40000,March,8,-1,0,0,0,1,8,,,
ORD-1002,VND-003,Office Supplies,14/03/2025,20/03/2025,,In Transit,51,150,North,7650,March,,,1,0,0,0,0,,,
ORD-1003,VND-013,Electronics,14/03/2025,19/03/2025,,In Transit,8,1200,East,9600,March,,,1,0,0,0,0,,,
ORD-1004,VND-013,Office Supplies,14/03/2025,19/03/2025,19/03/2025,Delivered,35,22,Central,770,March,5,0,0,0,1,0,35,,,
ORD-1005,VND-004,Furniture,14/03/2025,23/03/2025,22/03/2025,Delivered,1,21000,West,21000,March,8,-1,0,0,0,1,1,,,
ORD-1006,VND-014,Furniture,14/03/2025,18/03/2025,21/03/2025,Delivered,1,9500,East,9500,March,7,3,0,1,0,0,1,,,
ORD-1007,VND-001,Apparel,14/03/2025,22/03/2025,22/03/2025,Delivered,53,90,North,4770,March,8,0,0,0,1,0,53,,,
ORD-1008,VND-001,Office Supplies,14/03/2025,20/03/2025,23/03/2025,Delivered,69,22,South,1518,March,9,3,0,1,0,0,69,,,
ORD-1009,VND-008,Office Supplies,14/03/2025,18/03/2025,16/03/2025,Delivered,33,45,Central,1485,March,2,-2,0,0,0,1,33,,,
ORD-1010,VND-002,Apparel,14/03/2025,18/03/2025,16/03/2025,Delivered,30,130,International,3900,March,2,-2,0,0,0,1,30,,,
ORD-1011,VND-012,Apparel,14/03/2025,21/03/2025,21/03/2025,Delivered,13,110,North,1430,March,7,0,0,0,1,0,13,,,
ORD-1012,VND-015,Office Supplies,14/03/2025,19/03/2025,19/03/2025,Delivered,88,12,West,1056,March,5,0,0,0,1,0,88,,,
ORD-1013,VND-008,Apparel,14/03/2025,20/03/2025,20/03/2025,Delivered,38,60,West,2280,March,6,0,0,0,1,0,38,,,
ORD-1014,VND-007,Furniture,14/03/2025,18/03/2025,16/03/2025,Delivered,1,12000,South,12000,March,2,-2,0,0,0,1,1,,,
ORD-1015,VND-010,Electronics,14/03/2025,21/03/2025,24/03/2025,Delivered,7,2400,South,16800,March,10,3,0,1,0,0,7,,,
ORD-1016,VND-010,Furniture,14/03/2025,20/03/2025,22/03/2025,Delivered,1,7000,Central,7000,March,8,2,0,1,0,0,1,,,
ORD-1017,VND-002,Apparel,14/03/2025,23/03/2025,,Cancelled,34,250,International,8500,March,,,1,0,0,0,0,,,
ORD-1018,VND-006,Office Supplies,14/03/2025,21/03/2025,19/03/2025,Delivered,102,80,Central,8160,March,5,-2,0,0,0,1,102,,,
ORD-1019,VND-006,Office Supplies,15/03/2025,21/03/2025,19/03/2025,Delivered,74,95,South,7030,March,4,-2,0,0,0,1,74,,,
ORD-1020,VND-003,Furniture,15/03/2025,24/03/2025,23/03/2025,Delivered,2,6500,South,13000,March,8,-1,0,0,0,1,2,,,
ORD-1021,VND-011,Office Supplies,15/03/2025,19/03/2025,17/03/2025,Delivered,63,12,West,756,March,2,-2,0,0,0,1,63,,,
ORD-1022,VND-002,Apparel,15/03/2025,22/03/2025,,Cancelled,52,90,South,4680,March,,,1,0,0,0,0,,,
ORD-1023,VND-012,Furniture,15/03/2025,20/03/2025,23/03/2025,Delivered,3,8000,East,24000,March,8,3,0,1,0,0,3,,,
ORD-1024,VND-001,Office Supplies,15/03/2025,23/03/2025,25/03/2025,Delivered,105,12,North,1260,March,10,2,0,1,0,0,105,,,
ORD-1025,VND-006,Electronics,15/03/2025,23/03/2025,23/03/2025,Delivered,6,3000,South,18000,March,8,0,0,0,1,0,6,,,
ORD-1026,VND-012,Electronics,15/03/2025,23/03/2025,23/03/2025,Delivered,3,29000,Central,87000,March,8,0,0,0,1,0,3,,,
ORD-1027,VND-005,Apparel,15/03/2025,24/03/2025,27/03/2025,Delivered,51,250,International,12750,March,12,3,0,1,0,0,51,,,
ORD-1028,VND-014,Office Supplies,15/03/2025,19/03/2025,21/03/2025,Delivered,71,15,International,1065,March,6,2,0,1,0,0,71,,,
ORD-1029,VND-014,Apparel,15/03/2025,22/03/2025,25/03/2025,Delivered,25,195,International,4875,March,10,3,0,1,0,0,25,,,
ORD-1030,VND-011,Furniture,15/03/2025,20/03/2025,19/03/2025,Delivered,2,6500,East,13000,March,4,-1,0,0,0,1,2,,,
ORD-1031,VND-009,Electronics,15/03/2025,24/03/2025,22/03/2025,Delivered,6,3000,Central,18000,March,7,-2,0,0,0,1,6,,,
ORD-1032,VND-001,Furniture,15/03/2025,20/03/2025,19/03/2025,Delivered,1,8000,East,8000,March,4,-1,0,0,0,1,1,,,
ORD-1033,VND-015,Office Supplies,15/03/2025,19/03/2025,17/03/2025,Delivered,85,40,South,3400,March,2,-2,0,0,0,1,85,,,
ORD-1034,VND-015,Apparel,15/03/2025,19/03/2025,20/03/2025,Delivered,45,320,North,14400,March,5,1,0,1,0,0,45,,,
ORD-1035,VND-007,Apparel,15/03/2025,19/03/2025,17/03/2025,Delivered,35,45,International,1575,March,2,-2,0,0,0,1,35,,,
ORD-1036,VND-015,Apparel,15/03/2025,19/03/2025,22/03/2025,Delivered,39,180,Central,7020,March,7,3,0,1,0,0,39,,,
ORD-1037,VND-005,Furniture,16/03/2025,24/03/2025,27/03/2025,Delivered,2,8000,International,16000,March,11,3,0,1,0,0,2,,,
ORD-1038,VND-005,Electronics,16/03/2025,24/03/2025,25/03/2025,Delivered,10,1200,East,12000,March,9,1,0,1,0,0,10,,,
ORD-1039,VND-014,Furniture,16/03/2025,23/03/2025,22/03/2025,Delivered,3,21000,West,63000,March,6,-1,0,0,0,1,3,,,
ORD-1040,VND-002,Furniture,16/03/2025,25/03/2025,27/03/2025,Delivered,2,3800,South,7600,March,11,2,0,1,0,0,2,,,
ORD-1041,VND-011,Office Supplies,16/03/2025,23/03/2025,,Cancelled,78,500,North,39000,March,,,1,0,0,0,0,,,
ORD-1042,VND-003,Office Supplies,16/03/2025,23/03/2025,26/03/2025,Delivered,26,40,South,1040,March,10,3,0,1,0,0,26,,,
ORD-1043,VND-007,Office Supplies,16/03/2025,21/03/2025,19/03/2025,Delivered,67,40,West,2680,March,3,-2,0,0,0,1,67,,,
ORD-1044,VND-006,Electronics,16/03/2025,22/03/2025,21/03/2025,Delivered,8,1100,North,8800,March,5,-1,0,0,0,1,8,,,
ORD-1045,VND-012,Electronics,16/03/2025,22/03/2025,,In Transit,5,13500,West,67500,March,,,1,0,0,0,0,,,
ORD-1046,VND-002,Office Supplies,16/03/2025,21/03/2025,20/03/2025,Delivered,35,95,South,3325,March,4,-1,0,0,0,1,35,,,
ORD-1047,VND-006,Office Supplies,16/03/2025,20/03/2025,,Cancelled,46,12,East,552,March,,,1,0,0,0,0,,,
ORD-1048,VND-002,Electronics,16/03/2025,23/03/2025,,Cancelled,8,1800,South,14400,March,,,1,0,0,0,0,,,
ORD-1049,VND-002,Apparel,16/03/2025,24/03/2025,23/03/2025,Delivered,33,90,South,2970,March,7,-1,0,0,0,1,33,,,
ORD-1050,VND-002,Electronics,17/03/2025,21/03/2025,,Cancelled,4,13500,South,54000,March,,,1,0,0,0,0,,,
ORD-1051,VND-014,Electronics,17/03/2025,23/03/2025,26/03/2025,Delivered,8,1100,Central,8800,March,9,3,0,1,0,0,8,,,
ORD-1052,VND-015,Electronics,17/03/2025,26/03/2025,,In Transit,8,8500,West,68000,March,,,1,0,0,0,0,,,
ORD-1053,VND-011,Office Supplies,17/03/2025,24/03/2025,27/03/2025,Delivered,32,25,West,800,March,10,3,0,1,0,0,32,,,
ORD-1054,VND-003,Apparel,17/03/2025,22/03/2025,22/03/2025,Delivered,8,90,International,720,March,5,0,0,0,1,0,8,,,
ORD-1055,VND-015,Electronics,17/03/2025,22/03/2025,25/03/2025,Delivered,9,7200,West,64800,March,8,3,0,1,0,0,9,,,
ORD-1056,VND-002,Office Supplies,17/03/2025,25/03/2025,,In Transit,33,80,International,2640,March,,,1,0,0,0,0,,,
ORD-1057,VND-004,Furniture,17/03/2025,26/03/2025,28/03/2025,Delivered,3,21000,Central,63000,March,11,2,0,1,0,0,3,,,
ORD-1058,VND-009,Furniture,17/03/2025,26/03/2025,27/03/2025,Delivered,3,7000,East,21000,March,10,1,0,1,0,0,3,,,
ORD-1059,VND-006,Electronics,17/03/2025,23/03/2025,25/03/2025,Delivered,9,7200,International,64800,March,8,2,0,1,0,0,9,,,
ORD-1060,VND-001,Furniture,17/03/2025,21/03/2025,22/03/2025,Delivered,1,6500,South,6500,March,5,1,0,1,0,0,1,,,
ORD-1061,VND-008,Apparel,17/03/2025,22/03/2025,25/03/2025,Delivered,34,320,East,10880,March,8,3,0,1,0,0,34,,,
ORD-1062,VND-015,Furniture,17/03/2025,23/03/2025,23/03/2025,Delivered,2,4500,Central,9000,March,6,0,0,0,1,0,2,,,
ORD-1063,VND-012,Furniture,18/03/2025,27/03/2025,25/03/2025,Delivered,2,14000,West,28000,March,7,-2,0,0,0,1,2,,,
ORD-1064,VND-014,Apparel,18/03/2025,26/03/2025,29/03/2025,Delivered,42,320,International,13440,March,11,3,0,1,0,0,42,,,
ORD-1065,VND-007,Electronics,18/03/2025,24/03/2025,22/03/2025,Delivered,6,2400,South,14400,March,4,-2,0,0,0,1,6,,,
ORD-1066,VND-010,Electronics,18/03/2025,22/03/2025,21/03/2025,Delivered,1,29000,North,29000,March,3,-1,0,0,0,1,1,,,
ORD-1067,VND-003,Apparel,18/03/2025,22/03/2025,23/03/2025,Delivered,44,60,North,2640,March,5,1,0,1,0,0,44,,,
ORD-1068,VND-001,Apparel,18/03/2025,24/03/2025,,Cancelled,38,45,East,1710,March,,,1,0,0,0,0,,,
ORD-1069,VND-005,Apparel,18/03/2025,25/03/2025,23/03/2025,Delivered,8,130,West,1040,March,5,-2,0,0,0,1,8,,,
ORD-1070,VND-013,Furniture,18/03/2025,22/03/2025,,Cancelled,2,8000,North,16000,March,,,1,0,0,0,0,,,
ORD-1071,VND-004,Apparel,18/03/2025,25/03/2025,24/03/2025,Delivered,50,90,East,4500,March,6,-1,0,0,0,1,50,,,
ORD-1072,VND-010,Office Supplies,18/03/2025,22/03/2025,23/03/2025,Delivered,97,40,Central,3880,March,5,1,0,1,0,0,97,,,
ORD-1073,VND-008,Furniture,18/03/2025,25/03/2025,25/03/2025,Delivered,3,4500,East,13500,March,7,0,0,0,1,0,3,,,
ORD-1074,VND-001,Electronics,18/03/2025,23/03/2025,,In Transit,7,1200,East,8400,March,,,1,0,0,0,0,,,
ORD-1075,VND-010,Electronics,18/03/2025,26/03/2025,27/03/2025,Delivered,4,1100,East,4400,March,9,1,0,1,0,0,4,,,
ORD-1076,VND-001,Electronics,18/03/2025,24/03/2025,26/03/2025,Delivered,5,1100,South,5500,March,8,2,0,1,0,0,5,,,
ORD-1077,VND-012,Furniture,18/03/2025,24/03/2025,24/03/2025,Delivered,1,15000,East,15000,March,6,0,0,0,1,0,1,,,
ORD-1078,VND-004,Office Supplies,19/03/2025,28/03/2025,27/03/2025,Delivered,84,150,International,12600,March,8,-1,0,0,0,1,84,,,
ORD-1079,VND-008,Apparel,19/03/2025,23/03/2025,,In Transit,28,130,East,3640,March,,,1,0,0,0,0,,,
ORD-1080,VND-005,Apparel,19/03/2025,24/03/2025,26/03/2025,Delivered,51,180,South,9180,March,7,2,0,1,0,0,51,,,
ORD-1081,VND-002,Electronics,19/03/2025,28/03/2025,27/03/2025,Delivered,5,5000,South,25000,March,8,-1,0,0,0,1,5,,,
ORD-1082,VND-006,Electronics,19/03/2025,23/03/2025,22/03/2025,Delivered,8,5000,Central,40000,March,3,-1,0,0,0,1,8,,,
ORD-1083,VND-005,Furniture,19/03/2025,24/03/2025,23/03/2025,Delivered,2,7000,West,14000,March,4,-1,0,0,0,1,2,,,
ORD-1084,VND-002,Office Supplies,19/03/2025,26/03/2025,27/03/2025,Delivered,28,350,North,9800,March,8,1,0,1,0,0,28,,,
ORD-1085,VND-013,Apparel,19/03/2025,24/03/2025,22/03/2025,Delivered,50,220,North,11000,March,3,-2,0,0,0,1,50,,,
ORD-1086,VND-014,Furniture,19/03/2025,23/03/2025,,In Transit,2,21000,East,42000,March,,,1,0,0,0,0,,,
ORD-1087,VND-011,Apparel,19/03/2025,23/03/2025,21/03/2025,Delivered,20,250,Central,5000,March,2,-2,0,0,0,1,20,,,
ORD-1088,VND-011,Electronics,20/03/2025,29/03/2025,,In Transit,6,8500,East,51000,March,,,1,0,0,0,0,,,
ORD-1089,VND-011,Apparel,20/03/2025,29/03/2025,29/03/2025,Delivered,18,60,North,1080,March,9,0,0,0,1,0,18,,,
ORD-1090,VND-003,Office Supplies,20/03/2025,25/03/2025,24/03/2025,Delivered,61,350,South,21350,March,4,-1,0,0,0,1,61,,,
ORD-1091,VND-015,Office Supplies,20/03/2025,26/03/2025,24/03/2025,Delivered,74,500,West,37000,March,4,-2,0,0,0,1,74,,,
ORD-1092,VND-009,Electronics,20/03/2025,28/03/2025,30/03/2025,Delivered,2,3100,Central,6200,March,10,2,0,1,0,0,2,,,
ORD-1093,VND-007,Office Supplies,20/03/2025,26/03/2025,28/03/2025,Delivered,107,25,South,2675,March,8,2,0,1,0,0,107,,,
ORD-1094,VND-007,Office Supplies,20/03/2025,27/03/2025,26/03/2025,Delivered,60,18,West,1080,March,6,-1,0,0,0,1,60,,,
ORD-1095,VND-015,Furniture,20/03/2025,28/03/2025,31/03/2025,Delivered,3,12000,Central,36000,March,11,3,0,1,0,0,3,,,
ORD-1096,VND-011,Apparel,20/03/2025,29/03/2025,30/03/2025,Delivered,19,45,Central,855,March,10,1,0,1,0,0,19,,,
ORD-1097,VND-006,Electronics,20/03/2025,25/03/2025,26/03/2025,Delivered,6,2400,North,14400,March,6,1,0,1,0,0,6,,,
ORD-1098,VND-008,Electronics,20/03/2025,25/03/2025,24/03/2025,Delivered,1,1100,South,1100,March,4,-1,0,0,0,1,1,,,
ORD-1099,VND-004,Electronics,21/03/2025,29/03/2025,01/04/2025,Delivered,5,3000,Central,15000,March,11,3,0,1,0,0,5,,,
ORD-1100,VND-008,Electronics,21/03/2025,27/03/2025,29/03/2025,Delivered,10,5000,International,50000,March,8,2,0,1,0,0,10,,,
ORD-1101,VND-004,Electronics,21/03/2025,25/03/2025,26/03/2025,Delivered,4,8500,Central,34000,March,5,1,0,1,0,0,4,,,
ORD-1102,VND-008,Office Supplies,21/03/2025,25/03/2025,24/03/2025,Delivered,75,40,West,3000,March,3,-1,0,0,0,1,75,,,
ORD-1103,VND-009,Furniture,21/03/2025,29/03/2025,,Cancelled,1,8000,North,8000,March,,,1,0,0,0,0,,,
ORD-1104,VND-003,Electronics,21/03/2025,25/03/2025,,In Transit,6,7200,East,43200,March,,,1,0,0,0,0,,,
ORD-1105,VND-003,Furniture,21/03/2025,25/03/2025,28/03/2025,Delivered,3,8000,North,24000,March,7,3,0,1,0,0,3,,,
ORD-1106,VND-011,Furniture,21/03/2025,25/03/2025,28/03/2025,Delivered,3,6500,East,19500,March,7,3,0,1,0,0,3,,,
ORD-1107,VND-013,Office Supplies,21/03/2025,30/03/2025,29/03/2025,Delivered,109,500,South,54500,March,8,-1,0,0,0,1,109,,,
ORD-1108,VND-002,Electronics,21/03/2025,30/03/2025,,In Transit,2,45000,South,90000,March,,,1,0,0,0,0,,,
ORD-1109,VND-013,Office Supplies,21/03/2025,26/03/2025,29/03/2025,Delivered,19,45,Central,855,March,8,3,0,1,0,0,19,,,
ORD-1110,VND-010,Electronics,21/03/2025,30/03/2025,29/03/2025,Delivered,8,1800,International,14400,March,8,-1,0,0,0,1,8,,,
ORD-1111,VND-003,Office Supplies,21/03/2025,25/03/2025,26/03/2025,Delivered,99,45,South,4455,March,5,1,0,1,0,0,99,,,
ORD-1112,VND-003,Furniture,21/03/2025,29/03/2025,31/03/2025,Delivered,1,8000,Central,8000,March,10,2,0,1,0,0,1,,,
ORD-1113,VND-005,Electronics,21/03/2025,26/03/2025,24/03/2025,Delivered,5,3100,North,15500,March,3,-2,0,0,0,1,5,,,
ORD-1114,VND-005,Apparel,22/03/2025,29/03/2025,29/03/2025,Delivered,27,75,South,2025,March,7,0,0,0,1,0,27,,,
ORD-1115,VND-002,Furniture,22/03/2025,27/03/2025,27/03/2025,Delivered,1,3800,North,3800,March,5,0,0,0,1,0,1,,,
ORD-1116,VND-012,Apparel,22/03/2025,30/03/2025,01/04/2025,Delivered,47,220,North,10340,March,10,2,0,1,0,0,47,,,
ORD-1117,VND-010,Furniture,22/03/2025,29/03/2025,30/03/2025,Delivered,1,7000,International,7000,March,8,1,0,1,0,0,1,,,
ORD-1118,VND-013,Office Supplies,22/03/2025,28/03/2025,30/03/2025,Delivered,72,40,South,2880,March,8,2,0,1,0,0,72,,,
ORD-1119,VND-006,Electronics,22/03/2025,29/03/2025,30/03/2025,Delivered,1,7200,North,7200,March,8,1,0,1,0,0,1,,,
ORD-1120,VND-005,Furniture,22/03/2025,30/03/2025,,In Transit,2,16500,International,33000,March,,,1,0,0,0,0,,,
ORD-1121,VND-006,Office Supplies,23/03/2025,31/03/2025,29/03/2025,Delivered,35,15,International,525,March,6,-2,0,0,0,1,35,,,
ORD-1122,VND-001,Electronics,23/03/2025,01/04/2025,02/04/2025,Delivered,10,45000,South,450000,March,10,1,0,1,0,0,10,,,
ORD-1123,VND-005,Electronics,23/03/2025,29/03/2025,28/03/2025,Delivered,5,3100,International,15500,March,5,-1,0,0,0,1,5,,,
ORD-1124,VND-009,Furniture,23/03/2025,28/03/2025,,In Transit,1,12000,South,12000,March,,,1,0,0,0,0,,,
ORD-1125,VND-012,Electronics,23/03/2025,31/03/2025,,In Transit,6,3000,South,18000,March,,,1,0,0,0,0,,,
ORD-1126,VND-010,Furniture,23/03/2025,01/04/2025,01/04/2025,Delivered,2,18000,East,36000,March,9,0,0,0,1,0,2,,,
ORD-1127,VND-014,Electronics,23/03/2025,27/03/2025,28/03/2025,Delivered,4,1100,North,4400,March,5,1,0,1,0,0,4,,,
ORD-1128,VND-002,Apparel,23/03/2025,27/03/2025,27/03/2025,Delivered,51,320,West,16320,March,4,0,0,0,1,0,51,,,
ORD-1129,VND-001,Office Supplies,23/03/2025,27/03/2025,29/03/2025,Delivered,80,95,South,7600,March,6,2,0,1,0,0,80,,,
ORD-1130,VND-014,Apparel,23/03/2025,28/03/2025,30/03/2025,Delivered,41,180,North,7380,March,7,2,0,1,0,0,41,,,
ORD-1131,VND-010,Furniture,23/03/2025,30/03/2025,,Cancelled,3,14000,International,42000,March,,,1,0,0,0,0,,,
ORD-1132,VND-013,Apparel,23/03/2025,31/03/2025,31/03/2025,Delivered,37,195,Central,7215,March,8,0,0,0,1,0,37,,,
ORD-1133,VND-011,Furniture,23/03/2025,29/03/2025,,Cancelled,1,6500,South,6500,March,,,1,0,0,0,0,,,
ORD-1134,VND-009,Electronics,23/03/2025,30/03/2025,,In Transit,8,45000,International,360000,March,,,1,0,0,0,0,,,
ORD-1135,VND-010,Electronics,23/03/2025,30/03/2025,29/03/2025,Delivered,1,1100,International,1100,March,6,-1,0,0,0,1,1,,,
ORD-1136,VND-009,Furniture,23/03/2025,27/03/2025,,Cancelled,2,8000,International,16000,March,,,1,0,0,0,0,,,
ORD-1137,VND-015,Apparel,23/03/2025,28/03/2025,30/03/2025,Delivered,31,130,International,4030,March,7,2,0,1,0,0,31,,,
ORD-1138,VND-009,Electronics,23/03/2025,27/03/2025,28/03/2025,Delivered,3,13500,International,40500,March,5,1,0,1,0,0,3,,,
ORD-1139,VND-006,Office Supplies,23/03/2025,29/03/2025,31/03/2025,Delivered,83,80,South,6640,March,8,2,0,1,0,0,83,,,
ORD-1140,VND-015,Electronics,24/03/2025,29/03/2025,01/04/2025,Delivered,6,1200,West,7200,March,8,3,0,1,0,0,6,,,
ORD-1141,VND-008,Office Supplies,24/03/2025,02/04/2025,03/04/2025,Delivered,31,150,East,4650,March,10,1,0,1,0,0,31,,,
ORD-1142,VND-014,Apparel,24/03/2025,28/03/2025,31/03/2025,Delivered,26,90,International,2340,March,7,3,0,1,0,0,26,,,
ORD-1143,VND-011,Office Supplies,24/03/2025,28/03/2025,28/03/2025,Delivered,107,500,International,53500,March,4,0,0,0,1,0,107,,,
ORD-1144,VND-015,Office Supplies,24/03/2025,31/03/2025,01/04/2025,Delivered,50,40,East,2000,March,8,1,0,1,0,0,50,,,
ORD-1145,VND-013,Office Supplies,24/03/2025,01/04/2025,03/04/2025,Delivered,85,18,South,1530,March,10,2,0,1,0,0,85,,,
ORD-1146,VND-001,Office Supplies,24/03/2025,28/03/2025,,In Transit,98,18,North,1764,March,,,1,0,0,0,0,,,
ORD-1147,VND-010,Electronics,24/03/2025,02/04/2025,05/04/2025,Delivered,6,8500,Central,51000,March,12,3,0,1,0,0,6,,,
ORD-1148,VND-004,Office Supplies,24/03/2025,29/03/2025,27/03/2025,Delivered,72,25,Central,1800,March,3,-2,0,0,0,1,72,,,
ORD-1149,VND-001,Electronics,24/03/2025,02/04/2025,04/04/2025,Delivered,1,1100,North,1100,March,11,2,0,1,0,0,1,,,
ORD-1150,VND-008,Office Supplies,25/03/2025,02/04/2025,04/04/2025,Delivered,26,22,South,572,March,10,2,0,1,0,0,26,,,
ORD-1151,VND-001,Furniture,25/03/2025,29/03/2025,30/03/2025,Delivered,3,9500,Central,28500,March,5,1,0,1,0,0,3,,,
ORD-1152,VND-003,Apparel,25/03/2025,30/03/2025,29/03/2025,Delivered,19,90,East,1710,March,4,-1,0,0,0,1,19,,,
ORD-1153,VND-013,Office Supplies,25/03/2025,02/04/2025,02/04/2025,Delivered,104,45,North,4680,March,8,0,0,0,1,0,104,,,
ORD-1154,VND-004,Furniture,25/03/2025,29/03/2025,01/04/2025,Delivered,3,3800,West,11400,March,7,3,0,1,0,0,3,,,
ORD-1155,VND-015,Office Supplies,25/03/2025,03/04/2025,,Cancelled,82,12,South,984,March,,,1,0,0,0,0,,,
ORD-1156,VND-015,Office Supplies,25/03/2025,01/04/2025,03/04/2025,Delivered,30,12,North,360,March,9,2,0,1,0,0,30,,,
ORD-1157,VND-015,Office Supplies,25/03/2025,31/03/2025,02/04/2025,Delivered,48,500,Central,24000,March,8,2,0,1,0,0,48,,,
ORD-1158,VND-008,Furniture,25/03/2025,31/03/2025,30/03/2025,Delivered,3,14000,South,42000,March,5,-1,0,0,0,1,3,,,
ORD-1159,VND-006,Apparel,26/03/2025,01/04/2025,31/03/2025,Delivered,33,45,East,1485,March,5,-1,0,0,0,1,33,,,
ORD-1160,VND-014,Furniture,26/03/2025,31/03/2025,29/03/2025,Delivered,2,4500,South,9000,March,3,-2,0,0,0,1,2,,,
ORD-1161,VND-010,Apparel,26/03/2025,01/04/2025,02/04/2025,Delivered,22,130,South,2860,March,7,1,0,1,0,0,22,,,
ORD-1162,VND-012,Office Supplies,26/03/2025,02/04/2025,02/04/2025,Delivered,59,45,East,2655,March,7,0,0,0,1,0,59,,,
ORD-1163,VND-007,Electronics,26/03/2025,30/03/2025,31/03/2025,Delivered,1,13500,International,13500,March,5,1,0,1,0,0,1,,,
ORD-1164,VND-014,Office Supplies,26/03/2025,03/04/2025,04/04/2025,Delivered,101,22,East,2222,March,9,1,0,1,0,0,101,,,
ORD-1165,VND-008,Apparel,26/03/2025,30/03/2025,,In Transit,36,220,South,7920,March,,,1,0,0,0,0,,,
ORD-1166,VND-002,Furniture,26/03/2025,31/03/2025,30/03/2025,Delivered,3,8000,East,24000,March,4,-1,0,0,0,1,3,,,
ORD-1167,VND-013,Office Supplies,26/03/2025,31/03/2025,29/03/2025,Delivered,16,25,International,400,March,3,-2,0,0,0,1,16,,,
ORD-1168,VND-010,Furniture,26/03/2025,31/03/2025,30/03/2025,Delivered,1,18000,North,18000,March,4,-1,0,0,0,1,1,,,
ORD-1169,VND-014,Furniture,26/03/2025,30/03/2025,01/04/2025,Delivered,3,18000,East,54000,March,6,2,0,1,0,0,3,,,
ORD-1170,VND-011,Furniture,26/03/2025,02/04/2025,31/03/2025,Delivered,2,12000,East,24000,March,5,-2,0,0,0,1,2,,,
ORD-1171,VND-008,Office Supplies,26/03/2025,30/03/2025,30/03/2025,Delivered,104,95,South,9880,March,4,0,0,0,1,0,104,,,
ORD-1172,VND-003,Furniture,26/03/2025,31/03/2025,03/04/2025,Delivered,2,14000,North,28000,March,8,3,0,1,0,0,2,,,
ORD-1173,VND-007,Furniture,26/03/2025,03/04/2025,06/04/2025,Delivered,1,14000,West,14000,March,11,3,0,1,0,0,1,,,
ORD-1174,VND-003,Office Supplies,26/03/2025,01/04/2025,03/04/2025,Delivered,110,12,West,1320,March,8,2,0,1,0,0,110,,,
ORD-1175,VND-015,Furniture,26/03/2025,31/03/2025,,Cancelled,1,18000,Central,18000,March,,,1,0,0,0,0,,,
ORD-1176,VND-007,Office Supplies,27/03/2025,05/04/2025,04/04/2025,Delivered,26,15,East,390,March,8,-1,0,0,0,1,26,,,
ORD-1177,VND-014,Apparel,27/03/2025,01/04/2025,02/04/2025,Delivered,15,75,East,1125,March,6,1,0,1,0,0,15,,,
ORD-1178,VND-011,Apparel,27/03/2025,04/04/2025,,In Transit,21,220,North,4620,March,,,1,0,0,0,0,,,
ORD-1179,VND-015,Apparel,27/03/2025,04/04/2025,04/04/2025,Delivered,7,130,International,910,March,8,0,0,0,1,0,7,,,
ORD-1180,VND-012,Furniture,27/03/2025,31/03/2025,30/03/2025,Delivered,3,8000,West,24000,March,3,-1,0,0,0,1,3,,,
ORD-1181,VND-013,Electronics,27/03/2025,01/04/2025,04/04/2025,Delivered,9,5000,Central,45000,March,8,3,0,1,0,0,9,,,
ORD-1182,VND-002,Electronics,27/03/2025,02/04/2025,04/04/2025,Delivered,2,1100,North,2200,March,8,2,0,1,0,0,2,,,
ORD-1183,VND-010,Furniture,27/03/2025,03/04/2025,05/04/2025,Delivered,3,7000,East,21000,March,9,2,0,1,0,0,3,,,
ORD-1184,VND-006,Electronics,27/03/2025,03/04/2025,04/04/2025,Delivered,7,3100,West,21700,March,8,1,0,1,0,0,7,,,
ORD-1185,VND-003,Office Supplies,28/03/2025,05/04/2025,08/04/2025,Delivered,62,22,Central,1364,March,11,3,0,1,0,0,62,,,
ORD-1186,VND-003,Electronics,28/03/2025,02/04/2025,03/04/2025,Delivered,3,45000,South,135000,March,6,1,0,1,0,0,3,,,
ORD-1187,VND-015,Furniture,28/03/2025,06/04/2025,06/04/2025,Delivered,1,6500,West,6500,March,9,0,0,0,1,0,1,,,
ORD-1188,VND-009,Furniture,28/03/2025,03/04/2025,,In Transit,2,6500,Central,13000,March,,,1,0,0,0,0,,,
ORD-1189,VND-007,Office Supplies,28/03/2025,04/04/2025,03/04/2025,Delivered,107,45,North,4815,March,6,-1,0,0,0,1,107,,,
ORD-1190,VND-005,Apparel,28/03/2025,04/04/2025,04/04/2025,Delivered,54,90,South,4860,March,7,0,0,0,1,0,54,,,
ORD-1191,VND-012,Furniture,28/03/2025,03/04/2025,05/04/2025,Delivered,3,6500,Central,19500,March,8,2,0,1,0,0,3,,,
ORD-1192,VND-010,Office Supplies,28/03/2025,02/04/2025,04/04/2025,Delivered,78,15,Central,1170,March,7,2,0,1,0,0,78,,,
ORD-1193,VND-007,Electronics,28/03/2025,06/04/2025,09/04/2025,Delivered,1,13500,East,13500,March,12,3,0,1,0,0,1,,,
ORD-1194,VND-009,Electronics,28/03/2025,06/04/2025,04/04/2025,Delivered,1,3100,International,3100,March,7,-2,0,0,0,1,1,,,
ORD-1195,VND-001,Office Supplies,28/03/2025,06/04/2025,,Cancelled,14,45,West,630,March,,,1,0,0,0,0,,,
ORD-1196,VND-007,Office Supplies,28/03/2025,04/04/2025,06/04/2025,Delivered,76,25,East,1900,March,9,2,0,1,0,0,76,,,
ORD-1197,VND-006,Furniture,28/03/2025,06/04/2025,05/04/2025,Delivered,2,14000,South,28000,March,8,-1,0,0,0,1,2,,,
ORD-1198,VND-010,Electronics,28/03/2025,06/04/2025,07/04/2025,Delivered,10,1100,International,11000,March,10,1,0,1,0,0,10,,,
ORD-1199,VND-014,Office Supplies,28/03/2025,04/04/2025,05/04/2025,Delivered,81,50,Central,4050,March,8,1,0,1,0,0,81,,,
ORD-1200,VND-012,Electronics,29/03/2025,05/04/2025,06/04/2025,Delivered,1,1100,East,1100,March,8,1,0,1,0,0,1,,,
ORD-1201,VND-009,Office Supplies,29/03/2025,03/04/2025,01/04/2025,Delivered,104,40,International,4160,March,3,-2,0,0,0,1,104,,,
ORD-1202,VND-001,Electronics,29/03/2025,04/04/2025,,In Transit,4,45000,West,180000,March,,,1,0,0,0,0,,,
ORD-1203,VND-013,Apparel,29/03/2025,02/04/2025,02/04/2025,Delivered,27,110,South,2970,March,4,0,0,0,1,0,27,,,
ORD-1204,VND-004,Furniture,29/03/2025,06/04/2025,07/04/2025,Delivered,2,12000,North,24000,March,9,1,0,1,0,0,2,,,
ORD-1205,VND-009,Electronics,29/03/2025,06/04/2025,08/04/2025,Delivered,10,5000,East,50000,March,10,2,0,1,0,0,10,,,
ORD-1206,VND-004,Apparel,29/03/2025,04/04/2025,03/04/2025,Delivered,40,60,South,2400,March,5,-1,0,0,0,1,40,,,
ORD-1207,VND-010,Electronics,29/03/2025,05/04/2025,08/04/2025,Delivered,8,1200,North,9600,March,10,3,0,1,0,0,8,,,
ORD-1208,VND-003,Electronics,29/03/2025,06/04/2025,,In Transit,9,3000,East,27000,March,,,1,0,0,0,0,,,
ORD-1209,VND-009,Apparel,29/03/2025,02/04/2025,,Cancelled,45,195,South,8775,March,,,1,0,0,0,0,,,
ORD-1210,VND-013,Electronics,29/03/2025,05/04/2025,04/04/2025,Delivered,8,7200,South,57600,March,6,-1,0,0,0,1,8,,,
ORD-1211,VND-002,Electronics,30/03/2025,06/04/2025,09/04/2025,Delivered,4,2400,International,9600,March,10,3,0,1,0,0,4,,,
ORD-1212,VND-015,Furniture,30/03/2025,08/04/2025,,In Transit,2,4500,East,9000,March,,,1,0,0,0,0,,,
ORD-1213,VND-004,Apparel,30/03/2025,07/04/2025,05/04/2025,Delivered,8,90,South,720,March,6,-2,0,0,0,1,8,,,
ORD-1214,VND-015,Apparel,30/03/2025,07/04/2025,06/04/2025,Delivered,10,75,Central,750,March,7,-1,0,0,0,1,10,,,
ORD-1215,VND-006,Office Supplies,30/03/2025,05/04/2025,08/04/2025,Delivered,25,45,East,1125,March,9,3,0,1,0,0,25,,,
ORD-1216,VND-002,Electronics,30/03/2025,03/04/2025,06/04/2025,Delivered,2,7200,South,14400,March,7,3,0,1,0,0,2,,,
ORD-1217,VND-015,Furniture,30/03/2025,04/04/2025,03/04/2025,Delivered,3,6500,International,19500,March,4,-1,0,0,0,1,3,,,
ORD-1218,VND-008,Electronics,30/03/2025,08/04/2025,,In Transit,6,3100,North,18600,March,,,1,0,0,0,0,,,
ORD-1219,VND-008,Electronics,30/03/2025,07/04/2025,,In Transit,10,3000,North,30000,March,,,1,0,0,0,0,,,
ORD-1220,VND-001,Office Supplies,30/03/2025,08/04/2025,10/04/2025,Delivered,68,45,Central,3060,March,11,2,0,1,0,0,68,,,
ORD-1221,VND-012,Electronics,30/03/2025,08/04/2025,10/04/2025,Delivered,5,5000,East,25000,March,11,2,0,1,0,0,5,,,
ORD-1222,VND-003,Furniture,30/03/2025,05/04/2025,,In Transit,2,18000,International,36000,March,,,1,0,0,0,0,,,
ORD-1223,VND-010,Furniture,30/03/2025,06/04/2025,07/04/2025,Delivered,3,12000,South,36000,March,8,1,0,1,0,0,3,,,
ORD-1224,VND-009,Office Supplies,30/03/2025,07/04/2025,09/04/2025,Delivered,52,50,South,2600,March,10,2,0,1,0,0,52,,,
ORD-1225,VND-005,Electronics,31/03/2025,06/04/2025,07/04/2025,Delivered,3,13500,North,40500,March,7,1,0,1,0,0,3,,,
ORD-1226,VND-006,Furniture,31/03/2025,06/04/2025,05/04/2025,Delivered,3,16500,International,49500,March,5,-1,0,0,0,1,3,,,
ORD-1227,VND-004,Electronics,31/03/2025,09/04/2025,10/04/2025,Delivered,3,1200,Central,3600,March,10,1,0,1,0,0,3,,,
ORD-1228,VND-010,Electronics,31/03/2025,08/04/2025,06/04/2025,Delivered,7,2400,North,16800,March,6,-2,0,0,0,1,7,,,
ORD-1229,VND-002,Electronics,31/03/2025,05/04/2025,08/04/2025,Delivered,1,3100,North,3100,March,8,3,0,1,0,0,1,,,
ORD-1230,VND-011,Office Supplies,31/03/2025,04/04/2025,,In Transit,18,30,Central,540,March,,,1,0,0,0,0,,,
ORD-1231,VND-008,Electronics,31/03/2025,06/04/2025,09/04/2025,Delivered,6,1200,East,7200,March,9,3,0,1,0,0,6,,,
ORD-1232,VND-011,Furniture,31/03/2025,06/04/2025,06/04/2025,Delivered,1,6500,South,6500,March,6,0,0,0,1,0,1,,,
ORD-1233,VND-013,Electronics,31/03/2025,08/04/2025,08/04/2025,Delivered,2,3100,East,6200,March,8,0,0,0,1,0,2,,,
ORD-1234,VND-006,Furniture,31/03/2025,04/04/2025,03/04/2025,Delivered,1,21000,International,21000,March,3,-1,0,0,0,1,1,,,
ORD-1235,VND-005,Electronics,31/03/2025,08/04/2025,07/04/2025,Delivered,6,3000,West,18000,March,7,-1,0,0,0,1,6,,,
ORD-1236,VND-009,Furniture,31/03/2025,06/04/2025,07/04/2025,Delivered,2,16500,West,33000,March,7,1,0,1,0,0,2,,,
ORD-1237,VND-001,Furniture,31/03/2025,09/04/2025,11/04/2025,Delivered,1,15000,West,15000,March,11,2,0,1,0,0,1,,,
ORD-1238,VND-005,Electronics,01/04/2025,07/04/2025,09/04/2025,Delivered,5,13500,Central,67500,April,8,2,0,1,0,0,5,,,
ORD-1239,VND-006,Electronics,01/04/2025,08/04/2025,,In Transit,6,29000,North,174000,April,,,1,0,0,0,0,,,
ORD-1240,VND-005,Furniture,01/04/2025,05/04/2025,03/04/2025,Delivered,2,3800,East,7600,April,2,-2,0,0,0,1,2,,,
ORD-1241,VND-006,Apparel,01/04/2025,10/04/2025,08/04/2025,Delivered,38,220,South,8360,April,7,-2,0,0,0,1,38,,,
ORD-1242,VND-006,Office Supplies,01/04/2025,08/04/2025,07/04/2025,Delivered,42,40,West,1680,April,6,-1,0,0,0,1,42,,,
ORD-1243,VND-007,Apparel,01/04/2025,08/04/2025,09/04/2025,Delivered,43,45,East,1935,April,8,1,0,1,0,0,43,,,
ORD-1244,VND-004,Apparel,01/04/2025,07/04/2025,,Cancelled,12,140,West,1680,April,,,1,0,0,0,0,,,
ORD-1245,VND-014,Electronics,01/04/2025,05/04/2025,,In Transit,1,7200,West,7200,April,,,1,0,0,0,0,,,
ORD-1246,VND-011,Office Supplies,02/04/2025,10/04/2025,13/04/2025,Delivered,53,500,South,26500,April,11,3,0,1,0,0,53,,,
ORD-1247,VND-014,Apparel,02/04/2025,07/04/2025,09/04/2025,Delivered,38,180,International,6840,April,7,2,0,1,0,0,38,,,
ORD-1248,VND-014,Electronics,02/04/2025,08/04/2025,08/04/2025,Delivered,3,13500,International,40500,April,6,0,0,0,1,0,3,,,
ORD-1249,VND-014,Apparel,02/04/2025,07/04/2025,09/04/2025,Delivered,11,130,International,1430,April,7,2,0,1,0,0,11,,,
ORD-1250,VND-015,Apparel,02/04/2025,07/04/2025,06/04/2025,Delivered,25,250,Central,6250,April,4,-1,0,0,0,1,25,,,
ORD-1251,VND-008,Electronics,02/04/2025,06/04/2025,08/04/2025,Delivered,10,29000,North,290000,April,6,2,0,1,0,0,10,,,
ORD-1252,VND-007,Electronics,02/04/2025,06/04/2025,,In Transit,2,1200,Central,2400,April,,,1,0,0,0,0,,,
ORD-1253,VND-009,Electronics,02/04/2025,06/04/2025,09/04/2025,Delivered,1,8500,East,8500,April,7,3,0,1,0,0,1,,,
ORD-1254,VND-007,Office Supplies,02/04/2025,06/04/2025,07/04/2025,Delivered,55,95,Central,5225,April,5,1,0,1,0,0,55,,,
ORD-1255,VND-003,Apparel,02/04/2025,08/04/2025,08/04/2025,Delivered,12,180,East,2160,April,6,0,0,0,1,0,12,,,
ORD-1256,VND-003,Electronics,02/04/2025,09/04/2025,08/04/2025,Delivered,1,3000,East,3000,April,6,-1,0,0,0,1,1,,,
ORD-1257,VND-015,Furniture,02/04/2025,10/04/2025,12/04/2025,Delivered,2,4500,North,9000,April,10,2,0,1,0,0,2,,,
ORD-1258,VND-008,Apparel,02/04/2025,10/04/2025,08/04/2025,Delivered,30,110,South,3300,April,6,-2,0,0,0,1,30,,,
ORD-1259,VND-005,Furniture,03/04/2025,11/04/2025,13/04/2025,Delivered,2,15000,North,30000,April,10,2,0,1,0,0,2,,,
ORD-1260,VND-004,Office Supplies,03/04/2025,11/04/2025,11/04/2025,Delivered,86,80,International,6880,April,8,0,0,0,1,0,86,,,
ORD-1261,VND-008,Electronics,03/04/2025,10/04/2025,,In Transit,1,13500,International,13500,April,,,1,0,0,0,0,,,
ORD-1262,VND-015,Furniture,03/04/2025,12/04/2025,11/04/2025,Delivered,3,21000,Central,63000,April,8,-1,0,0,0,1,3,,,
ORD-1263,VND-006,Office Supplies,03/04/2025,10/04/2025,12/04/2025,Delivered,48,500,East,24000,April,9,2,0,1,0,0,48,,,
ORD-1264,VND-002,Electronics,03/04/2025,08/04/2025,07/04/2025,Delivered,1,1100,West,1100,April,4,-1,0,0,0,1,1,,,
ORD-1265,VND-004,Furniture,03/04/2025,10/04/2025,,In Transit,1,12000,West,12000,April,,,1,0,0,0,0,,,
ORD-1266,VND-012,Furniture,03/04/2025,10/04/2025,11/04/2025,Delivered,1,8000,East,8000,April,8,1,0,1,0,0,1,,,
ORD-1267,VND-011,Office Supplies,03/04/2025,12/04/2025,13/04/2025,Delivered,38,500,North,19000,April,10,1,0,1,0,0,38,,,
ORD-1268,VND-004,Electronics,03/04/2025,12/04/2025,,Cancelled,8,1200,South,9600,April,,,1,0,0,0,0,,,
ORD-1269,VND-015,Electronics,03/04/2025,07/04/2025,07/04/2025,Delivered,2,1800,North,3600,April,4,0,0,0,1,0,2,,,
ORD-1270,VND-006,Furniture,03/04/2025,12/04/2025,12/04/2025,Delivered,1,6500,East,6500,April,9,0,0,0,1,0,1,,,
ORD-1271,VND-006,Furniture,03/04/2025,11/04/2025,09/04/2025,Delivered,1,6500,East,6500,April,6,-2,0,0,0,1,1,,,
ORD-1272,VND-001,Furniture,03/04/2025,08/04/2025,,In Transit,3,4500,South,13500,April,,,1,0,0,0,0,,,
ORD-1273,VND-014,Electronics,03/04/2025,10/04/2025,12/04/2025,Delivered,9,3100,Central,27900,April,9,2,0,1,0,0,9,,,
ORD-1274,VND-008,Office Supplies,03/04/2025,08/04/2025,08/04/2025,Delivered,102,22,Central,2244,April,5,0,0,0,1,0,102,,,
ORD-1275,VND-006,Office Supplies,04/04/2025,09/04/2025,10/04/2025,Delivered,75,45,South,3375,April,6,1,0,1,0,0,75,,,
ORD-1276,VND-003,Electronics,04/04/2025,11/04/2025,,Cancelled,7,5000,Central,35000,April,,,1,0,0,0,0,,,
ORD-1277,VND-014,Apparel,04/04/2025,13/04/2025,16/04/2025,Delivered,20,250,West,5000,April,12,3,0,1,0,0,20,,,
ORD-1278,VND-009,Office Supplies,04/04/2025,10/04/2025,11/04/2025,Delivered,55,25,Central,1375,April,7,1,0,1,0,0,55,,,
ORD-1279,VND-002,Furniture,04/04/2025,08/04/2025,,Cancelled,3,12000,Central,36000,April,,,1,0,0,0,0,,,
ORD-1280,VND-015,Apparel,04/04/2025,12/04/2025,12/04/2025,Delivered,40,180,Central,7200,April,8,0,0,0,1,0,40,,,
ORD-1281,VND-011,Apparel,04/04/2025,10/04/2025,,Cancelled,29,320,West,9280,April,,,1,0,0,0,0,,,
ORD-1282,VND-008,Office Supplies,04/04/2025,09/04/2025,,Cancelled,26,40,Central,1040,April,,,1,0,0,0,0,,,
ORD-1283,VND-010,Apparel,04/04/2025,10/04/2025,,In Transit,48,220,International,10560,April,,,1,0,0,0,0,,,
ORD-1284,VND-003,Apparel,04/04/2025,12/04/2025,10/04/2025,Delivered,45,45,West,2025,April,6,-2,0,0,0,1,45,,,
ORD-1285,VND-013,Office Supplies,04/04/2025,09/04/2025,11/04/2025,Delivered,73,40,South,2920,April,7,2,0,1,0,0,73,,,
ORD-1286,VND-012,Office Supplies,04/04/2025,13/04/2025,,In Transit,25,40,North,1000,April,,,1,0,0,0,0,,,
ORD-1287,VND-005,Apparel,04/04/2025,10/04/2025,,Cancelled,5,75,South,375,April,,,1,0,0,0,0,,,
ORD-1288,VND-006,Furniture,04/04/2025,11/04/2025,14/04/2025,Delivered,3,8000,North,24000,April,10,3,0,1,0,0,3,,,
ORD-1289,VND-010,Electronics,04/04/2025,11/04/2025,,In Transit,6,8500,South,51000,April,,,1,0,0,0,0,,,
ORD-1290,VND-006,Apparel,05/04/2025,13/04/2025,11/04/2025,Delivered,29,75,International,2175,April,6,-2,0,0,0,1,29,,,
ORD-1291,VND-004,Apparel,05/04/2025,12/04/2025,14/04/2025,Delivered,34,180,North,6120,April,9,2,0,1,0,0,34,,,
ORD-1292,VND-003,Furniture,05/04/2025,10/04/2025,10/04/2025,Delivered,1,7000,North,7000,April,5,0,0,0,1,0,1,,,
ORD-1293,VND-004,Apparel,05/04/2025,09/04/2025,,In Transit,27,130,East,3510,April,,,1,0,0,0,0,,,
ORD-1294,VND-001,Apparel,05/04/2025,09/04/2025,08/04/2025,Delivered,12,130,North,1560,April,3,-1,0,0,0,1,12,,,
ORD-1295,VND-004,Electronics,05/04/2025,09/04/2025,11/04/2025,Delivered,4,1200,North,4800,April,6,2,0,1,0,0,4,,,
ORD-1296,VND-001,Electronics,05/04/2025,09/04/2025,,Cancelled,7,29000,East,203000,April,,,1,0,0,0,0,,,
ORD-1297,VND-012,Electronics,05/04/2025,09/04/2025,07/04/2025,Delivered,4,8500,Central,34000,April,2,-2,0,0,0,1,4,,,
ORD-1298,VND-015,Office Supplies,05/04/2025,13/04/2025,16/04/2025,Delivered,80,40,Central,3200,April,11,3,0,1,0,0,80,,,
ORD-1299,VND-001,Office Supplies,05/04/2025,11/04/2025,12/04/2025,Delivered,92,18,East,1656,April,7,1,0,1,0,0,92,,,
ORD-1300,VND-010,Electronics,05/04/2025,14/04/2025,12/04/2025,Delivered,3,8500,West,25500,April,7,-2,0,0,0,1,3,,,
ORD-1301,VND-014,Electronics,05/04/2025,10/04/2025,09/04/2025,Delivered,9,45000,North,405000,April,4,-1,0,0,0,1,9,,,
ORD-1302,VND-006,Office Supplies,06/04/2025,14/04/2025,,Cancelled,100,95,North,9500,April,,,1,0,0,0,0,,,
ORD-1303,VND-005,Furniture,06/04/2025,12/04/2025,10/04/2025,Delivered,3,3800,East,11400,April,4,-2,0,0,0,1,3,,,
ORD-1304,VND-014,Apparel,06/04/2025,14/04/2025,,In Transit,30,110,East,3300,April,,,1,0,0,0,0,,,
ORD-1305,VND-011,Apparel,06/04/2025,13/04/2025,13/04/2025,Delivered,18,180,West,3240,April,7,0,0,0,1,0,18,,,
ORD-1306,VND-015,Electronics,06/04/2025,12/04/2025,14/04/2025,Delivered,10,2400,International,24000,April,8,2,0,1,0,0,10,,,
ORD-1307,VND-004,Furniture,06/04/2025,15/04/2025,14/04/2025,Delivered,2,16500,Central,33000,April,8,-1,0,0,0,1,2,,,
ORD-1308,VND-013,Office Supplies,06/04/2025,15/04/2025,15/04/2025,Delivered,27,350,South,9450,April,9,0,0,0,1,0,27,,,
ORD-1309,VND-011,Electronics,06/04/2025,11/04/2025,11/04/2025,Delivered,9,8500,International,76500,April,5,0,0,0,1,0,9,,,
ORD-1310,VND-003,Furniture,06/04/2025,12/04/2025,12/04/2025,Delivered,3,16500,Central,49500,April,6,0,0,0,1,0,3,,,
ORD-1311,VND-001,Furniture,06/04/2025,13/04/2025,12/04/2025,Delivered,2,9500,North,19000,April,6,-1,0,0,0,1,2,,,
ORD-1312,VND-006,Furniture,06/04/2025,13/04/2025,12/04/2025,Delivered,1,6500,International,6500,April,6,-1,0,0,0,1,1,,,
ORD-1313,VND-002,Office Supplies,06/04/2025,13/04/2025,14/04/2025,Delivered,42,95,East,3990,April,8,1,0,1,0,0,42,,,
ORD-1314,VND-008,Office Supplies,06/04/2025,13/04/2025,15/04/2025,Delivered,103,40,West,4120,April,9,2,0,1,0,0,103,,,
ORD-1315,VND-010,Apparel,06/04/2025,13/04/2025,,Cancelled,24,75,Central,1800,April,,,1,0,0,0,0,,,
ORD-1316,VND-005,Apparel,06/04/2025,15/04/2025,18/04/2025,Delivered,44,90,West,3960,April,12,3,0,1,0,0,44,,,
ORD-1317,VND-007,Furniture,07/04/2025,13/04/2025,11/04/2025,Delivered,2,6500,Central,13000,April,4,-2,0,0,0,1,2,,,
ORD-1318,VND-010,Furniture,07/04/2025,14/04/2025,,Cancelled,2,15000,International,30000,April,,,1,0,0,0,0,,,
ORD-1319,VND-012,Office Supplies,07/04/2025,11/04/2025,,In Transit,77,25,North,1925,April,,,1,0,0,0,0,,,
ORD-1320,VND-002,Apparel,07/04/2025,11/04/2025,11/04/2025,Delivered,49,75,South,3675,April,4,0,0,0,1,0,49,,,
ORD-1321,VND-013,Furniture,07/04/2025,11/04/2025,09/04/2025,Delivered,2,9500,West,19000,April,2,-2,0,0,0,1,2,,,
ORD-1322,VND-008,Apparel,07/04/2025,16/04/2025,14/04/2025,Delivered,37,140,West,5180,April,7,-2,0,0,0,1,37,,,
ORD-1323,VND-002,Apparel,07/04/2025,12/04/2025,13/04/2025,Delivered,9,90,South,810,April,6,1,0,1,0,0,9,,,
ORD-1324,VND-004,Furniture,07/04/2025,14/04/2025,,In Transit,1,16500,West,16500,April,,,1,0,0,0,0,,,
ORD-1325,VND-001,Office Supplies,07/04/2025,11/04/2025,11/04/2025,Delivered,88,95,West,8360,April,4,0,0,0,1,0,88,,,
ORD-1326,VND-015,Furniture,07/04/2025,12/04/2025,12/04/2025,Delivered,3,7000,Central,21000,April,5,0,0,0,1,0,3,,,
ORD-1327,VND-005,Furniture,07/04/2025,13/04/2025,,Cancelled,3,9500,Central,28500,April,,,1,0,0,0,0,,,
ORD-1328,VND-009,Apparel,07/04/2025,11/04/2025,13/04/2025,Delivered,27,45,South,1215,April,6,2,0,1,0,0,27,,,
ORD-1329,VND-001,Furniture,08/04/2025,12/04/2025,15/04/2025,Delivered,1,8000,North,8000,April,7,3,0,1,0,0,1,,,
ORD-1330,VND-009,Office Supplies,08/04/2025,16/04/2025,,In Transit,53,15,International,795,April,,,1,0,0,0,0,,,
ORD-1331,VND-011,Furniture,08/04/2025,13/04/2025,15/04/2025,Delivered,2,18000,International,36000,April,7,2,0,1,0,0,2,,,
ORD-1332,VND-015,Office Supplies,08/04/2025,12/04/2025,,In Transit,22,95,West,2090,April,,,1,0,0,0,0,,,
ORD-1333,VND-008,Office Supplies,08/04/2025,12/04/2025,,Cancelled,57,50,North,2850,April,,,1,0,0,0,0,,,
ORD-1334,VND-006,Apparel,08/04/2025,14/04/2025,12/04/2025,Delivered,30,75,South,2250,April,4,-2,0,0,0,1,30,,,
ORD-1335,VND-007,Electronics,08/04/2025,17/04/2025,15/04/2025,Delivered,4,3000,South,12000,April,7,-2,0,0,0,1,4,,,
ORD-1336,VND-003,Electronics,08/04/2025,15/04/2025,16/04/2025,Delivered,4,2400,Central,9600,April,8,1,0,1,0,0,4,,,
ORD-1337,VND-014,Apparel,08/04/2025,14/04/2025,16/04/2025,Delivered,9,220,West,1980,April,8,2,0,1,0,0,9,,,
ORD-1338,VND-015,Furniture,09/04/2025,17/04/2025,18/04/2025,Delivered,3,15000,East,45000,April,9,1,0,1,0,0,3,,,
ORD-1339,VND-001,Apparel,09/04/2025,18/04/2025,17/04/2025,Delivered,48,195,South,9360,April,8,-1,0,0,0,1,48,,,
ORD-1340,VND-005,Office Supplies,09/04/2025,18/04/2025,19/04/2025,Delivered,37,500,West,18500,April,10,1,0,1,0,0,37,,,
ORD-1341,VND-014,Electronics,09/04/2025,18/04/2025,17/04/2025,Delivered,6,29000,North,174000,April,8,-1,0,0,0,1,6,,,
ORD-1342,VND-012,Apparel,09/04/2025,17/04/2025,18/04/2025,Delivered,32,75,Central,2400,April,9,1,0,1,0,0,32,,,
ORD-1343,VND-012,Furniture,09/04/2025,13/04/2025,12/04/2025,Delivered,2,16500,International,33000,April,3,-1,0,0,0,1,2,,,
ORD-1344,VND-002,Apparel,09/04/2025,14/04/2025,,In Transit,24,75,North,1800,April,,,1,0,0,0,0,,,
ORD-1345,VND-014,Electronics,09/04/2025,14/04/2025,16/04/2025,Delivered,6,29000,South,174000,April,7,2,0,1,0,0,6,,,
ORD-1346,VND-005,Apparel,09/04/2025,18/04/2025,18/04/2025,Delivered,38,195,South,7410,April,9,0,0,0,1,0,38,,,
ORD-1347,VND-008,Apparel,09/04/2025,13/04/2025,,In Transit,28,130,North,3640,April,,,1,0,0,0,0,,,
ORD-1348,VND-011,Electronics,09/04/2025,16/04/2025,19/04/2025,Delivered,1,45000,South,45000,April,10,3,0,1,0,0,1,,,
ORD-1349,VND-009,Office Supplies,09/04/2025,14/04/2025,16/04/2025,Delivered,57,22,West,1254,April,7,2,0,1,0,0,57,,,
ORD-1350,VND-002,Office Supplies,09/04/2025,14/04/2025,,In Transit,62,50,South,3100,April,,,1,0,0,0,0,,,
ORD-1351,VND-012,Electronics,09/04/2025,18/04/2025,19/04/2025,Delivered,10,3000,Central,30000,April,10,1,0,1,0,0,10,,,
ORD-1352,VND-003,Apparel,10/04/2025,14/04/2025,,Cancelled,38,250,West,9500,April,,,1,0,0,0,0,,,
ORD-1353,VND-003,Electronics,10/04/2025,15/04/2025,17/04/2025,Delivered,1,13500,East,13500,April,7,2,0,1,0,0,1,,,
ORD-1354,VND-001,Office Supplies,10/04/2025,18/04/2025,18/04/2025,Delivered,53,350,South,18550,April,8,0,0,0,1,0,53,,,
ORD-1355,VND-008,Furniture,10/04/2025,18/04/2025,,In Transit,2,3800,South,7600,April,,,1,0,0,0,0,,,
ORD-1356,VND-006,Apparel,10/04/2025,16/04/2025,14/04/2025,Delivered,25,140,Central,3500,April,4,-2,0,0,0,1,25,,,
ORD-1357,VND-012,Office Supplies,10/04/2025,17/04/2025,17/04/2025,Delivered,80,45,Central,3600,April,7,0,0,0,1,0,80,,,
ORD-1358,VND-013,Apparel,10/04/2025,15/04/2025,,In Transit,5,110,International,550,April,,,1,0,0,0,0,,,
ORD-1359,VND-008,Electronics,10/04/2025,19/04/2025,,In Transit,6,3100,North,18600,April,,,1,0,0,0,0,,,
ORD-1360,VND-011,Furniture,10/04/2025,15/04/2025,,Cancelled,1,6500,North,6500,April,,,1,0,0,0,0,,,
ORD-1361,VND-009,Electronics,10/04/2025,17/04/2025,19/04/2025,Delivered,10,2400,North,24000,April,9,2,0,1,0,0,10,,,
ORD-1362,VND-005,Furniture,10/04/2025,19/04/2025,18/04/2025,Delivered,1,7000,Central,7000,April,8,-1,0,0,0,1,1,,,
ORD-1363,VND-014,Apparel,10/04/2025,19/04/2025,19/04/2025,Delivered,50,110,North,5500,April,9,0,0,0,1,0,50,,,
ORD-1364,VND-012,Apparel,11/04/2025,18/04/2025,17/04/2025,Delivered,33,250,North,8250,April,6,-1,0,0,0,1,33,,,
ORD-1365,VND-014,Electronics,11/04/2025,19/04/2025,,In Transit,9,2400,East,21600,April,,,1,0,0,0,0,,,
ORD-1366,VND-003,Furniture,11/04/2025,20/04/2025,22/04/2025,Delivered,1,15000,North,15000,April,11,2,0,1,0,0,1,,,
ORD-1367,VND-005,Furniture,11/04/2025,20/04/2025,19/04/2025,Delivered,1,8000,South,8000,April,8,-1,0,0,0,1,1,,,
ORD-1368,VND-005,Apparel,11/04/2025,18/04/2025,16/04/2025,Delivered,45,90,International,4050,April,5,-2,0,0,0,1,45,,,
ORD-1369,VND-005,Electronics,11/04/2025,16/04/2025,18/04/2025,Delivered,5,2400,Central,12000,April,7,2,0,1,0,0,5,,,
ORD-1370,VND-003,Furniture,11/04/2025,15/04/2025,,Cancelled,1,4500,West,4500,April,,,1,0,0,0,0,,,
ORD-1371,VND-011,Apparel,11/04/2025,18/04/2025,20/04/2025,Delivered,52,60,International,3120,April,9,2,0,1,0,0,52,,,
ORD-1372,VND-014,Office Supplies,11/04/2025,18/04/2025,21/04/2025,Delivered,9,350,East,3150,April,10,3,0,1,0,0,9,,,
ORD-1373,VND-010,Electronics,11/04/2025,16/04/2025,,In Transit,1,1800,Central,1800,April,,,1,0,0,0,0,,,
ORD-1374,VND-014,Office Supplies,11/04/2025,18/04/2025,20/04/2025,Delivered,69,95,Central,6555,April,9,2,0,1,0,0,69,,,
ORD-1375,VND-004,Electronics,11/04/2025,16/04/2025,18/04/2025,Delivered,10,1100,South,11000,April,7,2,0,1,0,0,10,,,
ORD-1376,VND-009,Apparel,11/04/2025,19/04/2025,17/04/2025,Delivered,8,45,International,360,April,6,-2,0,0,0,1,8,,,
ORD-1377,VND-013,Furniture,11/04/2025,17/04/2025,18/04/2025,Delivered,3,15000,International,45000,April,7,1,0,1,0,0,3,,,
ORD-1378,VND-010,Furniture,11/04/2025,18/04/2025,16/04/2025,Delivered,1,14000,North,14000,April,5,-2,0,0,0,1,1,,,
ORD-1379,VND-009,Furniture,11/04/2025,20/04/2025,,In Transit,3,15000,South,45000,April,,,1,0,0,0,0,,,
ORD-1380,VND-002,Electronics,11/04/2025,18/04/2025,16/04/2025,Delivered,7,1100,North,7700,April,5,-2,0,0,0,1,7,,,
ORD-1381,VND-008,Apparel,12/04/2025,19/04/2025,,Cancelled,40,220,North,8800,April,,,1,0,0,0,0,,,
ORD-1382,VND-008,Office Supplies,12/04/2025,19/04/2025,,In Transit,43,18,Central,774,April,,,1,0,0,0,0,,,
ORD-1383,VND-007,Apparel,12/04/2025,20/04/2025,18/04/2025,Delivered,22,45,International,990,April,6,-2,0,0,0,1,22,,,
ORD-1384,VND-008,Office Supplies,12/04/2025,21/04/2025,22/04/2025,Delivered,13,150,North,1950,April,10,1,0,1,0,0,13,,,
ORD-1385,VND-014,Electronics,12/04/2025,21/04/2025,21/04/2025,Delivered,7,3100,East,21700,April,9,0,0,0,1,0,7,,,
ORD-1386,VND-003,Electronics,12/04/2025,16/04/2025,14/04/2025,Delivered,9,45000,East,405000,April,2,-2,0,0,0,1,9,,,
ORD-1387,VND-013,Office Supplies,12/04/2025,16/04/2025,,Cancelled,48,15,International,720,April,,,1,0,0,0,0,,,
ORD-1388,VND-006,Office Supplies,12/04/2025,20/04/2025,18/04/2025,Delivered,70,15,East,1050,April,6,-2,0,0,0,1,70,,,
ORD-1389,VND-001,Office Supplies,12/04/2025,20/04/2025,20/04/2025,Delivered,32,12,Central,384,April,8,0,0,0,1,0,32,,,
ORD-1390,VND-007,Apparel,12/04/2025,17/04/2025,19/04/2025,Delivered,37,140,South,5180,April,7,2,0,1,0,0,37,,,
ORD-1391,VND-015,Office Supplies,13/04/2025,20/04/2025,18/04/2025,Delivered,80,30,West,2400,April,5,-2,0,0,0,1,80,,,
ORD-1392,VND-015,Electronics,13/04/2025,18/04/2025,20/04/2025,Delivered,2,3100,North,6200,April,7,2,0,1,0,0,2,,,
ORD-1393,VND-001,Electronics,13/04/2025,22/04/2025,25/04/2025,Delivered,9,1800,West,16200,April,12,3,0,1,0,0,9,,,
ORD-1394,VND-009,Furniture,13/04/2025,20/04/2025,19/04/2025,Delivered,1,14000,South,14000,April,6,-1,0,0,0,1,1,,,
ORD-1395,VND-001,Office Supplies,13/04/2025,19/04/2025,21/04/2025,Delivered,100,150,South,15000,April,8,2,0,1,0,0,100,,,
ORD-1396,VND-001,Apparel,13/04/2025,22/04/2025,25/04/2025,Delivered,44,220,Central,9680,April,12,3,0,1,0,0,44,,,
ORD-1397,VND-015,Apparel,13/04/2025,21/04/2025,24/04/2025,Delivered,42,75,East,3150,April,11,3,0,1,0,0,42,,,
ORD-1398,VND-007,Apparel,13/04/2025,19/04/2025,22/04/2025,Delivered,27,90,East,2430,April,9,3,0,1,0,0,27,,,
ORD-1399,VND-002,Furniture,13/04/2025,21/04/2025,19/04/2025,Delivered,3,16500,South,49500,April,6,-2,0,0,0,1,3,,,
ORD-1400,VND-014,Electronics,13/04/2025,22/04/2025,24/04/2025,Delivered,5,7200,Central,36000,April,11,2,0,1,0,0,5,,,
ORD-1401,VND-005,Apparel,13/04/2025,17/04/2025,20/04/2025,Delivered,51,140,Central,7140,April,7,3,0,1,0,0,51,,,
ORD-1402,VND-008,Electronics,14/04/2025,23/04/2025,,Cancelled,7,7200,International,50400,April,,,1,0,0,0,0,,,
ORD-1403,VND-008,Furniture,14/04/2025,22/04/2025,23/04/2025,Delivered,2,6500,North,13000,April,9,1,0,1,0,0,2,,,
ORD-1404,VND-003,Office Supplies,14/04/2025,21/04/2025,20/04/2025,Delivered,26,15,East,390,April,6,-1,0,0,0,1,26,,,
ORD-1405,VND-007,Office Supplies,14/04/2025,21/04/2025,,In Transit,54,12,South,648,April,,,1,0,0,0,0,,,
ORD-1406,VND-003,Office Supplies,14/04/2025,20/04/2025,,In Transit,49,30,International,1470,April,,,1,0,0,0,0,,,
ORD-1407,VND-006,Apparel,14/04/2025,19/04/2025,20/04/2025,Delivered,17,220,West,3740,April,6,1,0,1,0,0,17,,,
ORD-1408,VND-006,Office Supplies,14/04/2025,18/04/2025,20/04/2025,Delivered,51,45,East,2295,April,6,2,0,1,0,0,51,,,
ORD-1409,VND-003,Apparel,14/04/2025,21/04/2025,19/04/2025,Delivered,36,130,North,4680,April,5,-2,0,0,0,1,36,,,
ORD-1410,VND-007,Furniture,14/04/2025,19/04/2025,21/04/2025,Delivered,2,3800,Central,7600,April,7,2,0,1,0,0,2,,,
ORD-1411,VND-003,Furniture,14/04/2025,21/04/2025,,In Transit,3,12000,South,36000,April,,,1,0,0,0,0,,,
ORD-1412,VND-008,Apparel,14/04/2025,19/04/2025,20/04/2025,Delivered,14,195,East,2730,April,6,1,0,1,0,0,14,,,
ORD-1413,VND-010,Electronics,15/04/2025,20/04/2025,21/04/2025,Delivered,7,7200,West,50400,April,6,1,0,1,0,0,7,,,
ORD-1414,VND-004,Office Supplies,15/04/2025,19/04/2025,19/04/2025,Delivered,43,50,North,2150,April,4,0,0,0,1,0,43,,,
ORD-1415,VND-015,Office Supplies,15/04/2025,19/04/2025,21/04/2025,Delivered,8,45,North,360,April,6,2,0,1,0,0,8,,,
ORD-1416,VND-015,Office Supplies,15/04/2025,22/04/2025,22/04/2025,Delivered,10,500,International,5000,April,7,0,0,0,1,0,10,,,
ORD-1417,VND-013,Apparel,15/04/2025,21/04/2025,,In Transit,21,60,East,1260,April,,,1,0,0,0,0,,,
ORD-1418,VND-001,Furniture,15/04/2025,23/04/2025,25/04/2025,Delivered,3,9500,West,28500,April,10,2,0,1,0,0,3,,,
ORD-1419,VND-004,Office Supplies,15/04/2025,21/04/2025,23/04/2025,Delivered,76,500,North,38000,April,8,2,0,1,0,0,76,,,
ORD-1420,VND-014,Furniture,15/04/2025,23/04/2025,24/04/2025,Delivered,3,15000,South,45000,April,9,1,0,1,0,0,3,,,
ORD-1421,VND-007,Office Supplies,15/04/2025,19/04/2025,22/04/2025,Delivered,111,350,North,38850,April,7,3,0,1,0,0,111,,,
ORD-1422,VND-011,Office Supplies,15/04/2025,20/04/2025,20/04/2025,Delivered,106,15,West,1590,April,5,0,0,0,1,0,106,,,
ORD-1423,VND-004,Apparel,15/04/2025,20/04/2025,,Cancelled,44,110,Central,4840,April,,,1,0,0,0,0,,,
ORD-1424,VND-013,Electronics,15/04/2025,21/04/2025,21/04/2025,Delivered,9,1100,Central,9900,April,6,0,0,0,1,0,9,,,
ORD-1425,VND-006,Apparel,15/04/2025,19/04/2025,,In Transit,14,75,International,1050,April,,,1,0,0,0,0,,,
ORD-1426,VND-009,Office Supplies,15/04/2025,21/04/2025,21/04/2025,Delivered,108,15,East,1620,April,6,0,0,0,1,0,108,,,
ORD-1427,VND-001,Office Supplies,15/04/2025,19/04/2025,21/04/2025,Delivered,74,22,West,1628,April,6,2,0,1,0,0,74,,,
ORD-1428,VND-013,Electronics,15/04/2025,24/04/2025,23/04/2025,Delivered,4,29000,International,116000,April,8,-1,0,0,0,1,4,,,
ORD-1429,VND-005,Furniture,15/04/2025,21/04/2025,19/04/2025,Delivered,1,3800,North,3800,April,4,-2,0,0,0,1,1,,,
ORD-1430,VND-011,Furniture,15/04/2025,21/04/2025,,Cancelled,1,15000,North,15000,April,,,1,0,0,0,0,,,
ORD-1431,VND-007,Office Supplies,15/04/2025,19/04/2025,18/04/2025,Delivered,82,30,Central,2460,April,3,-1,0,0,0,1,82,,,
ORD-1432,VND-001,Furniture,16/04/2025,23/04/2025,25/04/2025,Delivered,3,3800,International,11400,April,9,2,0,1,0,0,3,,,
ORD-1433,VND-014,Office Supplies,16/04/2025,23/04/2025,21/04/2025,Delivered,98,350,Central,34300,April,5,-2,0,0,0,1,98,,,
ORD-1434,VND-004,Electronics,16/04/2025,22/04/2025,,Cancelled,6,7200,South,43200,April,,,1,0,0,0,0,,,
ORD-1435,VND-006,Electronics,16/04/2025,24/04/2025,23/04/2025,Delivered,5,3000,Central,15000,April,7,-1,0,0,0,1,5,,,
ORD-1436,VND-002,Office Supplies,16/04/2025,25/04/2025,27/04/2025,Delivered,40,12,South,480,April,11,2,0,1,0,0,40,,,
ORD-1437,VND-010,Electronics,16/04/2025,22/04/2025,23/04/2025,Delivered,8,3000,North,24000,April,7,1,0,1,0,0,8,,,
ORD-1438,VND-005,Apparel,16/04/2025,20/04/2025,21/04/2025,Delivered,44,220,International,9680,April,5,1,0,1,0,0,44,,,
ORD-1439,VND-011,Apparel,16/04/2025,24/04/2025,27/04/2025,Delivered,22,90,South,1980,April,11,3,0,1,0,0,22,,,
ORD-1440,VND-010,Electronics,16/04/2025,22/04/2025,,In Transit,10,8500,International,85000,April,,,1,0,0,0,0,,,
ORD-1441,VND-001,Office Supplies,16/04/2025,20/04/2025,20/04/2025,Delivered,52,18,International,936,April,4,0,0,0,1,0,52,,,
ORD-1442,VND-006,Office Supplies,16/04/2025,22/04/2025,25/04/2025,Delivered,29,95,South,2755,April,9,3,0,1,0,0,29,,,
ORD-1443,VND-006,Electronics,16/04/2025,24/04/2025,25/04/2025,Delivered,7,1800,East,12600,April,9,1,0,1,0,0,7,,,
ORD-1444,VND-013,Furniture,16/04/2025,22/04/2025,22/04/2025,Delivered,1,4500,Central,4500,April,6,0,0,0,1,0,1,,,
ORD-1445,VND-015,Apparel,16/04/2025,22/04/2025,20/04/2025,Delivered,15,220,South,3300,April,4,-2,0,0,0,1,15,,,
ORD-1446,VND-015,Furniture,16/04/2025,22/04/2025,,Cancelled,3,12000,North,36000,April,,,1,0,0,0,0,,,
ORD-1447,VND-004,Office Supplies,16/04/2025,22/04/2025,,In Transit,40,80,International,3200,April,,,1,0,0,0,0,,,
ORD-1448,VND-013,Office Supplies,16/04/2025,24/04/2025,,In Transit,14,80,West,1120,April,,,1,0,0,0,0,,,
ORD-1449,VND-008,Furniture,16/04/2025,22/04/2025,,In Transit,3,9500,South,28500,April,,,1,0,0,0,0,,,
ORD-1450,VND-004,Electronics,16/04/2025,25/04/2025,28/04/2025,Delivered,6,5000,Central,30000,April,12,3,0,1,0,0,6,,,
ORD-1451,VND-008,Furniture,16/04/2025,22/04/2025,25/04/2025,Delivered,3,3800,International,11400,April,9,3,0,1,0,0,3,,,
ORD-1452,VND-015,Furniture,16/04/2025,24/04/2025,22/04/2025,Delivered,2,8000,East,16000,April,6,-2,0,0,0,1,2,,,
ORD-1453,VND-013,Apparel,16/04/2025,25/04/2025,28/04/2025,Delivered,19,180,North,3420,April,12,3,0,1,0,0,19,,,
ORD-1454,VND-008,Apparel,16/04/2025,23/04/2025,25/04/2025,Delivered,28,75,East,2100,April,9,2,0,1,0,0,28,,,
ORD-1455,VND-005,Furniture,16/04/2025,25/04/2025,23/04/2025,Delivered,3,12000,West,36000,April,7,-2,0,0,0,1,3,,,
ORD-1456,VND-013,Furniture,17/04/2025,24/04/2025,24/04/2025,Delivered,3,7000,South,21000,April,7,0,0,0,1,0,3,,,
ORD-1457,VND-015,Office Supplies,17/04/2025,25/04/2025,,In Transit,13,50,International,650,April,,,1,0,0,0,0,,,
ORD-1458,VND-004,Apparel,17/04/2025,26/04/2025,26/04/2025,Delivered,46,60,South,2760,April,9,0,0,0,1,0,46,,,
ORD-1459,VND-012,Apparel,17/04/2025,25/04/2025,,Cancelled,52,60,Central,3120,April,,,1,0,0,0,0,,,
ORD-1460,VND-013,Office Supplies,17/04/2025,24/04/2025,27/04/2025,Delivered,109,18,South,1962,April,10,3,0,1,0,0,109,,,
ORD-1461,VND-002,Electronics,17/04/2025,21/04/2025,23/04/2025,Delivered,1,1200,North,1200,April,6,2,0,1,0,0,1,,,
ORD-1462,VND-011,Apparel,17/04/2025,21/04/2025,21/04/2025,Delivered,34,140,West,4760,April,4,0,0,0,1,0,34,,,
ORD-1463,VND-015,Apparel,17/04/2025,23/04/2025,24/04/2025,Delivered,16,60,East,960,April,7,1,0,1,0,0,16,,,
ORD-1464,VND-003,Electronics,17/04/2025,24/04/2025,23/04/2025,Delivered,8,2400,West,19200,April,6,-1,0,0,0,1,8,,,
ORD-1465,VND-003,Apparel,17/04/2025,22/04/2025,23/04/2025,Delivered,40,60,International,2400,April,6,1,0,1,0,0,40,,,
ORD-1466,VND-004,Apparel,17/04/2025,26/04/2025,26/04/2025,Delivered,52,45,South,2340,April,9,0,0,0,1,0,52,,,
ORD-1467,VND-004,Electronics,18/04/2025,22/04/2025,23/04/2025,Delivered,1,1800,International,1800,April,5,1,0,1,0,0,1,,,
ORD-1468,VND-010,Electronics,18/04/2025,27/04/2025,25/04/2025,Delivered,6,5000,East,30000,April,7,-2,0,0,0,1,6,,,
ORD-1469,VND-011,Furniture,18/04/2025,23/04/2025,21/04/2025,Delivered,1,15000,International,15000,April,3,-2,0,0,0,1,1,,,
ORD-1470,VND-011,Office Supplies,18/04/2025,25/04/2025,25/04/2025,Delivered,28,50,Central,1400,April,7,0,0,0,1,0,28,,,
ORD-1471,VND-005,Office Supplies,18/04/2025,25/04/2025,27/04/2025,Delivered,79,12,West,948,April,9,2,0,1,0,0,79,,,
ORD-1472,VND-004,Electronics,18/04/2025,27/04/2025,30/04/2025,Delivered,3,7200,East,21600,April,12,3,0,1,0,0,3,,,
ORD-1473,VND-011,Electronics,18/04/2025,27/04/2025,29/04/2025,Delivered,9,2400,East,21600,April,11,2,0,1,0,0,9,,,
ORD-1474,VND-014,Apparel,18/04/2025,26/04/2025,26/04/2025,Delivered,50,320,East,16000,April,8,0,0,0,1,0,50,,,
ORD-1475,VND-010,Furniture,18/04/2025,27/04/2025,28/04/2025,Delivered,2,7000,North,14000,April,10,1,0,1,0,0,2,,,
ORD-1476,VND-008,Furniture,18/04/2025,26/04/2025,27/04/2025,Delivered,1,15000,West,15000,April,9,1,0,1,0,0,1,,,
ORD-1477,VND-006,Electronics,18/04/2025,23/04/2025,26/04/2025,Delivered,2,3100,International,6200,April,8,3,0,1,0,0,2,,,
ORD-1478,VND-006,Apparel,18/04/2025,26/04/2025,28/04/2025,Delivered,33,75,East,2475,April,10,2,0,1,0,0,33,,,
ORD-1479,VND-008,Apparel,19/04/2025,25/04/2025,26/04/2025,Delivered,14,90,West,1260,April,7,1,0,1,0,0,14,,,
ORD-1480,VND-007,Office Supplies,19/04/2025,25/04/2025,25/04/2025,Delivered,73,95,East,6935,April,6,0,0,0,1,0,73,,,
ORD-1481,VND-015,Office Supplies,19/04/2025,26/04/2025,25/04/2025,Delivered,39,45,Central,1755,April,6,-1,0,0,0,1,39,,,
ORD-1482,VND-010,Apparel,19/04/2025,26/04/2025,25/04/2025,Delivered,14,180,Central,2520,April,6,-1,0,0,0,1,14,,,
ORD-1483,VND-014,Office Supplies,19/04/2025,25/04/2025,24/04/2025,Delivered,24,80,Central,1920,April,5,-1,0,0,0,1,24,,,
ORD-1484,VND-011,Electronics,19/04/2025,28/04/2025,27/04/2025,Delivered,6,1100,South,6600,April,8,-1,0,0,0,1,6,,,
ORD-1485,VND-012,Apparel,19/04/2025,24/04/2025,26/04/2025,Delivered,10,140,East,1400,April,7,2,0,1,0,0,10,,,
ORD-1486,VND-010,Office Supplies,19/04/2025,27/04/2025,27/04/2025,Delivered,25,50,South,1250,April,8,0,0,0,1,0,25,,,
ORD-1487,VND-013,Furniture,20/04/2025,27/04/2025,26/04/2025,Delivered,1,16500,West,16500,April,6,-1,0,0,0,1,1,,,
ORD-1488,VND-008,Apparel,20/04/2025,29/04/2025,01/05/2025,Delivered,8,90,South,720,April,11,2,0,1,0,0,8,,,
ORD-1489,VND-014,Apparel,20/04/2025,27/04/2025,30/04/2025,Delivered,32,180,West,5760,April,10,3,0,1,0,0,32,,,
ORD-1490,VND-002,Furniture,20/04/2025,25/04/2025,,Cancelled,1,14000,West,14000,April,,,1,0,0,0,0,,,
ORD-1491,VND-009,Electronics,20/04/2025,27/04/2025,,Cancelled,7,45000,West,315000,April,,,1,0,0,0,0,,,
ORD-1492,VND-001,Furniture,20/04/2025,29/04/2025,27/04/2025,Delivered,3,15000,International,45000,April,7,-2,0,0,0,1,3,,,
ORD-1493,VND-015,Apparel,20/04/2025,29/04/2025,02/05/2025,Delivered,51,220,South,11220,April,12,3,0,1,0,0,51,,,
ORD-1494,VND-008,Electronics,20/04/2025,25/04/2025,26/04/2025,Delivered,7,1200,International,8400,April,6,1,0,1,0,0,7,,,
ORD-1495,VND-012,Office Supplies,20/04/2025,25/04/2025,24/04/2025,Delivered,72,12,East,864,April,4,-1,0,0,0,1,72,,,
ORD-1496,VND-011,Office Supplies,20/04/2025,24/04/2025,,In Transit,23,40,South,920,April,,,1,0,0,0,0,,,
ORD-1497,VND-012,Office Supplies,20/04/2025,29/04/2025,,Cancelled,44,22,East,968,April,,,1,0,0,0,0,,,
ORD-1498,VND-012,Apparel,20/04/2025,27/04/2025,27/04/2025,Delivered,14,220,East,3080,April,7,0,0,0,1,0,14,,,
ORD-1499,VND-004,Furniture,20/04/2025,28/04/2025,27/04/2025,Delivered,2,21000,West,42000,April,7,-1,0,0,0,1,2,,,
ORD-1500,VND-004,Electronics,20/04/2025,25/04/2025,24/04/2025,Delivered,10,3100,South,31000,April,4,-1,0,0,0,1,10,,,
ORD-1501,VND-005,Office Supplies,20/04/2025,25/04/2025,27/04/2025,Delivered,105,18,East,1890,April,7,2,0,1,0,0,105,,,
ORD-1502,VND-008,Electronics,20/04/2025,26/04/2025,,Cancelled,4,3100,Central,12400,April,,,1,0,0,0,0,,,
ORD-1503,VND-005,Apparel,21/04/2025,25/04/2025,,In Transit,32,320,East,10240,April,,,1,0,0,0,0,,,
ORD-1504,VND-008,Office Supplies,21/04/2025,27/04/2025,29/04/2025,Delivered,66,350,Central,23100,April,8,2,0,1,0,0,66,,,
ORD-1505,VND-015,Apparel,21/04/2025,28/04/2025,26/04/2025,Delivered,45,320,South,14400,April,5,-2,0,0,0,1,45,,,
ORD-1506,VND-010,Furniture,21/04/2025,25/04/2025,26/04/2025,Delivered,2,14000,International,28000,April,5,1,0,1,0,0,2,,,
ORD-1507,VND-001,Apparel,21/04/2025,30/04/2025,29/04/2025,Delivered,54,195,South,10530,April,8,-1,0,0,0,1,54,,,
ORD-1508,VND-012,Apparel,21/04/2025,29/04/2025,,In Transit,6,180,International,1080,April,,,1,0,0,0,0,,,
ORD-1509,VND-015,Furniture,21/04/2025,28/04/2025,28/04/2025,Delivered,2,15000,International,30000,April,7,0,0,0,1,0,2,,,
ORD-1510,VND-010,Electronics,21/04/2025,27/04/2025,30/04/2025,Delivered,8,1200,South,9600,April,9,3,0,1,0,0,8,,,
ORD-1511,VND-009,Furniture,21/04/2025,28/04/2025,30/04/2025,Delivered,3,14000,East,42000,April,9,2,0,1,0,0,3,,,
ORD-1512,VND-006,Furniture,21/04/2025,30/04/2025,,In Transit,3,6500,North,19500,April,,,1,0,0,0,0,,,
ORD-1513,VND-003,Apparel,21/04/2025,30/04/2025,03/05/2025,Delivered,13,195,East,2535,April,12,3,0,1,0,0,13,,,
ORD-1514,VND-013,Electronics,21/04/2025,25/04/2025,,In Transit,9,2400,East,21600,April,,,1,0,0,0,0,,,
ORD-1515,VND-014,Office Supplies,21/04/2025,25/04/2025,,In Transit,69,40,West,2760,April,,,1,0,0,0,0,,,
ORD-1516,VND-008,Furniture,21/04/2025,26/04/2025,,Cancelled,1,14000,West,14000,April,,,1,0,0,0,0,,,
ORD-1517,VND-009,Electronics,21/04/2025,29/04/2025,29/04/2025,Delivered,5,1100,East,5500,April,8,0,0,0,1,0,5,,,
ORD-1518,VND-006,Furniture,21/04/2025,27/04/2025,26/04/2025,Delivered,3,15000,Central,45000,April,5,-1,0,0,0,1,3,,,
ORD-1519,VND-011,Furniture,21/04/2025,27/04/2025,30/04/2025,Delivered,2,6500,International,13000,April,9,3,0,1,0,0,2,,,
ORD-1520,VND-007,Furniture,21/04/2025,26/04/2025,25/04/2025,Delivered,3,16500,West,49500,April,4,-1,0,0,0,1,3,,,
ORD-1521,VND-001,Furniture,21/04/2025,28/04/2025,26/04/2025,Delivered,1,14000,East,14000,April,5,-2,0,0,0,1,1,,,
ORD-1522,VND-014,Apparel,22/04/2025,30/04/2025,02/05/2025,Delivered,22,320,North,7040,April,10,2,0,1,0,0,22,,,
ORD-1523,VND-005,Electronics,22/04/2025,26/04/2025,29/04/2025,Delivered,1,5000,Central,5000,April,7,3,0,1,0,0,1,,,
ORD-1524,VND-005,Electronics,22/04/2025,30/04/2025,,In Transit,9,3100,South,27900,April,,,1,0,0,0,0,,,
ORD-1525,VND-010,Electronics,22/04/2025,28/04/2025,28/04/2025,Delivered,8,7200,East,57600,April,6,0,0,0,1,0,8,,,
ORD-1526,VND-014,Furniture,22/04/2025,30/04/2025,01/05/2025,Delivered,1,12000,East,12000,April,9,1,0,1,0,0,1,,,
ORD-1527,VND-004,Apparel,22/04/2025,30/04/2025,,In Transit,29,195,International,5655,April,,,1,0,0,0,0,,,
ORD-1528,VND-006,Furniture,22/04/2025,27/04/2025,30/04/2025,Delivered,3,3800,Central,11400,April,8,3,0,1,0,0,3,,,
ORD-1529,VND-007,Furniture,22/04/2025,27/04/2025,,In Transit,2,21000,West,42000,April,,,1,0,0,0,0,,,
ORD-1530,VND-009,Electronics,22/04/2025,26/04/2025,29/04/2025,Delivered,8,13500,West,108000,April,7,3,0,1,0,0,8,,,
ORD-1531,VND-001,Furniture,22/04/2025,01/05/2025,,Cancelled,1,7000,West,7000,April,,,1,0,0,0,0,,,
ORD-1532,VND-015,Office Supplies,22/04/2025,28/04/2025,01/05/2025,Delivered,57,95,South,5415,April,9,3,0,1,0,0,57,,,
ORD-1533,VND-006,Furniture,22/04/2025,29/04/2025,01/05/2025,Delivered,1,15000,Central,15000,April,9,2,0,1,0,0,1,,,
ORD-1534,VND-007,Office Supplies,23/04/2025,28/04/2025,28/04/2025,Delivered,67,45,Central,3015,April,5,0,0,0,1,0,67,,,
ORD-1535,VND-003,Furniture,23/04/2025,29/04/2025,30/04/2025,Delivered,3,8000,West,24000,April,7,1,0,1,0,0,3,,,
ORD-1536,VND-008,Apparel,23/04/2025,30/04/2025,01/05/2025,Delivered,22,75,West,1650,April,8,1,0,1,0,0,22,,,
ORD-1537,VND-015,Apparel,23/04/2025,30/04/2025,29/04/2025,Delivered,21,90,International,1890,April,6,-1,0,0,0,1,21,,,
ORD-1538,VND-005,Electronics,23/04/2025,30/04/2025,30/04/2025,Delivered,5,45000,North,225000,April,7,0,0,0,1,0,5,,,
ORD-1539,VND-015,Furniture,23/04/2025,29/04/2025,02/05/2025,Delivered,2,6500,North,13000,April,9,3,0,1,0,0,2,,,
ORD-1540,VND-009,Office Supplies,23/04/2025,01/05/2025,01/05/2025,Delivered,93,30,East,2790,April,8,0,0,0,1,0,93,,,
ORD-1541,VND-005,Office Supplies,23/04/2025,29/04/2025,,Cancelled,54,40,East,2160,April,,,1,0,0,0,0,,,
ORD-1542,VND-009,Furniture,23/04/2025,28/04/2025,01/05/2025,Delivered,1,7000,Central,7000,April,8,3,0,1,0,0,1,,,
ORD-1543,VND-010,Office Supplies,23/04/2025,29/04/2025,27/04/2025,Delivered,44,95,Central,4180,April,4,-2,0,0,0,1,44,,,
ORD-1544,VND-004,Apparel,24/04/2025,30/04/2025,02/05/2025,Delivered,6,130,South,780,April,8,2,0,1,0,0,6,,,
ORD-1545,VND-009,Office Supplies,24/04/2025,02/05/2025,,Cancelled,43,25,South,1075,April,,,1,0,0,0,0,,,
ORD-1546,VND-005,Electronics,24/04/2025,03/05/2025,,In Transit,7,3100,North,21700,April,,,1,0,0,0,0,,,
ORD-1547,VND-010,Apparel,24/04/2025,03/05/2025,04/05/2025,Delivered,26,220,East,5720,April,10,1,0,1,0,0,26,,,
ORD-1548,VND-009,Apparel,24/04/2025,29/04/2025,01/05/2025,Delivered,50,180,North,9000,April,7,2,0,1,0,0,50,,,
ORD-1549,VND-003,Apparel,24/04/2025,28/04/2025,26/04/2025,Delivered,50,90,North,4500,April,2,-2,0,0,0,1,50,,,
ORD-1550,VND-015,Furniture,24/04/2025,01/05/2025,,Cancelled,3,6500,East,19500,April,,,1,0,0,0,0,,,
ORD-1551,VND-004,Furniture,24/04/2025,29/04/2025,,In Transit,1,15000,South,15000,April,,,1,0,0,0,0,,,
ORD-1552,VND-009,Apparel,24/04/2025,29/04/2025,,In Transit,13,130,International,1690,April,,,1,0,0,0,0,,,
ORD-1553,VND-010,Furniture,24/04/2025,03/05/2025,03/05/2025,Delivered,3,4500,International,13500,April,9,0,0,0,1,0,3,,,
ORD-1554,VND-011,Office Supplies,24/04/2025,28/04/2025,26/04/2025,Delivered,87,45,International,3915,April,2,-2,0,0,0,1,87,,,
ORD-1555,VND-006,Furniture,24/04/2025,28/04/2025,,In Transit,2,9500,East,19000,April,,,1,0,0,0,0,,,
ORD-1556,VND-002,Furniture,24/04/2025,28/04/2025,30/04/2025,Delivered,3,3800,West,11400,April,6,2,0,1,0,0,3,,,
ORD-1557,VND-007,Apparel,24/04/2025,29/04/2025,29/04/2025,Delivered,23,45,West,1035,April,5,0,0,0,1,0,23,,,
ORD-1558,VND-002,Electronics,24/04/2025,02/05/2025,01/05/2025,Delivered,10,1100,West,11000,April,7,-1,0,0,0,1,10,,,
ORD-1559,VND-011,Electronics,24/04/2025,01/05/2025,,Cancelled,1,2400,Central,2400,April,,,1,0,0,0,0,,,
ORD-1560,VND-002,Electronics,24/04/2025,28/04/2025,28/04/2025,Delivered,7,5000,South,35000,April,4,0,0,0,1,0,7,,,
ORD-1561,VND-011,Office Supplies,24/04/2025,29/04/2025,30/04/2025,Delivered,51,350,South,17850,April,6,1,0,1,0,0,51,,,
ORD-1562,VND-001,Furniture,24/04/2025,28/04/2025,29/04/2025,Delivered,1,21000,Central,21000,April,5,1,0,1,0,0,1,,,
ORD-1563,VND-011,Electronics,24/04/2025,01/05/2025,,In Transit,6,1200,North,7200,April,,,1,0,0,0,0,,,
ORD-1564,VND-011,Apparel,25/04/2025,03/05/2025,04/05/2025,Delivered,11,195,International,2145,April,9,1,0,1,0,0,11,,,
ORD-1565,VND-012,Electronics,25/04/2025,03/05/2025,06/05/2025,Delivered,6,45000,West,270000,April,11,3,0,1,0,0,6,,,
ORD-1566,VND-011,Electronics,25/04/2025,03/05/2025,04/05/2025,Delivered,10,2400,International,24000,April,9,1,0,1,0,0,10,,,
ORD-1567,VND-003,Furniture,25/04/2025,30/04/2025,01/05/2025,Delivered,3,15000,West,45000,April,6,1,0,1,0,0,3,,,
ORD-1568,VND-006,Furniture,25/04/2025,02/05/2025,,Cancelled,3,18000,International,54000,April,,,1,0,0,0,0,,,
ORD-1569,VND-008,Furniture,25/04/2025,30/04/2025,,In Transit,2,9500,North,19000,April,,,1,0,0,0,0,,,
ORD-1570,VND-009,Office Supplies,25/04/2025,29/04/2025,29/04/2025,Delivered,39,40,International,1560,April,4,0,0,0,1,0,39,,,
ORD-1571,VND-007,Office Supplies,25/04/2025,04/05/2025,,Cancelled,111,25,International,2775,April,,,1,0,0,0,0,,,
ORD-1572,VND-004,Electronics,25/04/2025,29/04/2025,30/04/2025,Delivered,3,1800,East,5400,April,5,1,0,1,0,0,3,,,
ORD-1573,VND-006,Furniture,25/04/2025,29/04/2025,29/04/2025,Delivered,1,4500,International,4500,April,4,0,0,0,1,0,1,,,
ORD-1574,VND-005,Electronics,25/04/2025,29/04/2025,29/04/2025,Delivered,8,1100,East,8800,April,4,0,0,0,1,0,8,,,
ORD-1575,VND-008,Apparel,25/04/2025,29/04/2025,01/05/2025,Delivered,16,180,South,2880,April,6,2,0,1,0,0,16,,,
ORD-1576,VND-001,Apparel,25/04/2025,02/05/2025,,In Transit,23,195,Central,4485,April,,,1,0,0,0,0,,,
ORD-1577,VND-001,Furniture,26/04/2025,02/05/2025,05/05/2025,Delivered,2,21000,International,42000,April,9,3,0,1,0,0,2,,,
ORD-1578,VND-013,Furniture,26/04/2025,03/05/2025,05/05/2025,Delivered,3,4500,South,13500,April,9,2,0,1,0,0,3,,,
ORD-1579,VND-015,Apparel,26/04/2025,30/04/2025,01/05/2025,Delivered,46,195,East,8970,April,5,1,0,1,0,0,46,,,
ORD-1580,VND-011,Furniture,26/04/2025,30/04/2025,28/04/2025,Delivered,2,3800,International,7600,April,2,-2,0,0,0,1,2,,,
ORD-1581,VND-006,Office Supplies,26/04/2025,03/05/2025,03/05/2025,Delivered,108,80,International,8640,April,7,0,0,0,1,0,108,,,
ORD-1582,VND-010,Office Supplies,26/04/2025,02/05/2025,03/05/2025,Delivered,96,350,North,33600,April,7,1,0,1,0,0,96,,,
ORD-1583,VND-012,Furniture,26/04/2025,02/05/2025,01/05/2025,Delivered,2,12000,South,24000,April,5,-1,0,0,0,1,2,,,
ORD-1584,VND-002,Apparel,26/04/2025,30/04/2025,01/05/2025,Delivered,40,45,West,1800,April,5,1,0,1,0,0,40,,,
ORD-1585,VND-005,Electronics,26/04/2025,05/05/2025,07/05/2025,Delivered,5,1200,West,6000,April,11,2,0,1,0,0,5,,,
ORD-1586,VND-001,Furniture,26/04/2025,03/05/2025,04/05/2025,Delivered,1,16500,North,16500,April,8,1,0,1,0,0,1,,,
ORD-1587,VND-007,Furniture,26/04/2025,30/04/2025,02/05/2025,Delivered,3,21000,East,63000,April,6,2,0,1,0,0,3,,,
ORD-1588,VND-001,Electronics,26/04/2025,30/04/2025,,In Transit,2,1800,West,3600,April,,,1,0,0,0,0,,,
ORD-1589,VND-004,Furniture,27/04/2025,06/05/2025,,Cancelled,2,15000,West,30000,April,,,1,0,0,0,0,,,
ORD-1590,VND-009,Electronics,27/04/2025,03/05/2025,,In Transit,9,1200,Central,10800,April,,,1,0,0,0,0,,,
ORD-1591,VND-001,Apparel,27/04/2025,04/05/2025,02/05/2025,Delivered,23,250,South,5750,April,5,-2,0,0,0,1,23,,,
ORD-1592,VND-004,Office Supplies,27/04/2025,06/05/2025,09/05/2025,Delivered,96,12,East,1152,April,12,3,0,1,0,0,96,,,
ORD-1593,VND-006,Apparel,27/04/2025,02/05/2025,,Cancelled,6,250,International,1500,April,,,1,0,0,0,0,,,
ORD-1594,VND-006,Office Supplies,27/04/2025,04/05/2025,07/05/2025,Delivered,9,80,South,720,April,10,3,0,1,0,0,9,,,
ORD-1595,VND-012,Electronics,27/04/2025,03/05/2025,01/05/2025,Delivered,3,13500,East,40500,April,4,-2,0,0,0,1,3,,,
ORD-1596,VND-015,Office Supplies,27/04/2025,01/05/2025,30/04/2025,Delivered,26,80,West,2080,April,3,-1,0,0,0,1,26,,,
ORD-1597,VND-013,Apparel,27/04/2025,03/05/2025,06/05/2025,Delivered,20,60,Central,1200,April,9,3,0,1,0,0,20,,,
ORD-1598,VND-008,Office Supplies,27/04/2025,02/05/2025,,Cancelled,63,45,South,2835,April,,,1,0,0,0,0,,,
ORD-1599,VND-001,Electronics,27/04/2025,06/05/2025,09/05/2025,Delivered,8,1200,West,9600,April,12,3,0,1,0,0,8,,,
ORD-1600,VND-007,Office Supplies,27/04/2025,04/05/2025,06/05/2025,Delivered,102,350,East,35700,April,9,2,0,1,0,0,102,,,
ORD-1601,VND-001,Furniture,27/04/2025,06/05/2025,04/05/2025,Delivered,1,18000,South,18000,April,7,-2,0,0,0,1,1,,,
ORD-1602,VND-013,Apparel,27/04/2025,06/05/2025,05/05/2025,Delivered,43,320,International,13760,April,8,-1,0,0,0,1,43,,,
ORD-1603,VND-014,Furniture,27/04/2025,06/05/2025,04/05/2025,Delivered,1,12000,South,12000,April,7,-2,0,0,0,1,1,,,
ORD-1604,VND-007,Electronics,27/04/2025,01/05/2025,30/04/2025,Delivered,8,8500,West,68000,April,3,-1,0,0,0,1,8,,,
ORD-1605,VND-003,Office Supplies,27/04/2025,01/05/2025,01/05/2025,Delivered,109,50,South,5450,April,4,0,0,0,1,0,109,,,
ORD-1606,VND-011,Furniture,27/04/2025,03/05/2025,05/05/2025,Delivered,1,9500,International,9500,April,8,2,0,1,0,0,1,,,
ORD-1607,VND-008,Furniture,28/04/2025,04/05/2025,03/05/2025,Delivered,2,3800,Central,7600,April,5,-1,0,0,0,1,2,,,
ORD-1608,VND-003,Office Supplies,28/04/2025,07/05/2025,07/05/2025,Delivered,51,18,Central,918,April,9,0,0,0,1,0,51,,,
ORD-1609,VND-014,Office Supplies,28/04/2025,06/05/2025,07/05/2025,Delivered,98,25,West,2450,April,9,1,0,1,0,0,98,,,
ORD-1610,VND-014,Apparel,28/04/2025,05/05/2025,04/05/2025,Delivered,11,220,East,2420,April,6,-1,0,0,0,1,11,,,
ORD-1611,VND-013,Furniture,28/04/2025,06/05/2025,06/05/2025,Delivered,2,6500,West,13000,April,8,0,0,0,1,0,2,,,
ORD-1612,VND-001,Furniture,28/04/2025,06/05/2025,,In Transit,1,16500,Central,16500,April,,,1,0,0,0,0,,,
ORD-1613,VND-013,Electronics,28/04/2025,02/05/2025,,In Transit,4,13500,North,54000,April,,,1,0,0,0,0,,,
ORD-1614,VND-013,Apparel,28/04/2025,06/05/2025,06/05/2025,Delivered,54,75,North,4050,April,8,0,0,0,1,0,54,,,
ORD-1615,VND-014,Electronics,28/04/2025,03/05/2025,01/05/2025,Delivered,5,1800,South,9000,April,3,-2,0,0,0,1,5,,,
ORD-1616,VND-008,Furniture,28/04/2025,06/05/2025,07/05/2025,Delivered,1,7000,International,7000,April,9,1,0,1,0,0,1,,,
ORD-1617,VND-003,Electronics,28/04/2025,04/05/2025,03/05/2025,Delivered,10,1800,South,18000,April,5,-1,0,0,0,1,10,,,
ORD-1618,VND-002,Furniture,28/04/2025,07/05/2025,07/05/2025,Delivered,2,14000,North,28000,April,9,0,0,0,1,0,2,,,
ORD-1619,VND-001,Furniture,28/04/2025,06/05/2025,,Cancelled,1,21000,Central,21000,April,,,1,0,0,0,0,,,
ORD-1620,VND-014,Electronics,28/04/2025,03/05/2025,04/05/2025,Delivered,4,8500,South,34000,April,6,1,0,1,0,0,4,,,
ORD-1621,VND-003,Electronics,28/04/2025,02/05/2025,,Cancelled,6,3000,West,18000,April,,,1,0,0,0,0,,,
ORD-1622,VND-015,Office Supplies,29/04/2025,07/05/2025,06/05/2025,Delivered,90,25,International,2250,April,7,-1,0,0,0,1,90,,,
ORD-1623,VND-002,Office Supplies,29/04/2025,03/05/2025,02/05/2025,Delivered,21,150,West,3150,April,3,-1,0,0,0,1,21,,,
ORD-1624,VND-002,Office Supplies,29/04/2025,08/05/2025,10/05/2025,Delivered,107,150,International,16050,April,11,2,0,1,0,0,107,,,
ORD-1625,VND-006,Furniture,29/04/2025,04/05/2025,05/05/2025,Delivered,2,6500,Central,13000,April,6,1,0,1,0,0,2,,,
ORD-1626,VND-012,Electronics,29/04/2025,04/05/2025,06/05/2025,Delivered,10,1100,South,11000,April,7,2,0,1,0,0,10,,,
ORD-1627,VND-001,Apparel,29/04/2025,04/05/2025,02/05/2025,Delivered,27,140,International,3780,April,3,-2,0,0,0,1,27,,,
ORD-1628,VND-002,Furniture,29/04/2025,03/05/2025,06/05/2025,Delivered,1,21000,West,21000,April,7,3,0,1,0,0,1,,,
ORD-1629,VND-014,Apparel,29/04/2025,05/05/2025,08/05/2025,Delivered,22,45,South,990,April,9,3,0,1,0,0,22,,,
ORD-1630,VND-006,Electronics,29/04/2025,05/05/2025,06/05/2025,Delivered,3,5000,South,15000,April,7,1,0,1,0,0,3,,,
ORD-1631,VND-003,Furniture,29/04/2025,03/05/2025,03/05/2025,Delivered,1,4500,West,4500,April,4,0,0,0,1,0,1,,,
ORD-1632,VND-015,Apparel,29/04/2025,04/05/2025,05/05/2025,Delivered,10,75,North,750,April,6,1,0,1,0,0,10,,,
ORD-1633,VND-004,Apparel,29/04/2025,07/05/2025,07/05/2025,Delivered,16,195,International,3120,April,8,0,0,0,1,0,16,,,
ORD-1634,VND-001,Office Supplies,29/04/2025,08/05/2025,08/05/2025,Delivered,106,12,West,1272,April,9,0,0,0,1,0,106,,,
ORD-1635,VND-008,Office Supplies,29/04/2025,08/05/2025,11/05/2025,Delivered,12,12,Central,144,April,12,3,0,1,0,0,12,,,
ORD-1636,VND-013,Office Supplies,30/04/2025,04/05/2025,05/05/2025,Delivered,15,40,East,600,April,5,1,0,1,0,0,15,,,
ORD-1637,VND-007,Furniture,30/04/2025,09/05/2025,07/05/2025,Delivered,3,18000,West,54000,April,7,-2,0,0,0,1,3,,,
ORD-1638,VND-007,Electronics,30/04/2025,04/05/2025,07/05/2025,Delivered,2,29000,South,58000,April,7,3,0,1,0,0,2,,,
ORD-1639,VND-003,Electronics,30/04/2025,07/05/2025,06/05/2025,Delivered,9,3000,South,27000,April,6,-1,0,0,0,1,9,,,
ORD-1640,VND-010,Office Supplies,30/04/2025,06/05/2025,04/05/2025,Delivered,11,150,West,1650,April,4,-2,0,0,0,1,11,,,
ORD-1641,VND-010,Office Supplies,30/04/2025,06/05/2025,,In Transit,100,12,East,1200,April,,,1,0,0,0,0,,,
ORD-1642,VND-003,Office Supplies,30/04/2025,07/05/2025,06/05/2025,Delivered,101,45,West,4545,April,6,-1,0,0,0,1,101,,,
ORD-1643,VND-014,Apparel,30/04/2025,08/05/2025,07/05/2025,Delivered,49,45,East,2205,April,7,-1,0,0,0,1,49,,,
ORD-1644,VND-002,Office Supplies,30/04/2025,07/05/2025,,In Transit,10,30,East,300,April,,,1,0,0,0,0,,,
ORD-1645,VND-012,Apparel,30/04/2025,05/05/2025,07/05/2025,Delivered,12,180,Central,2160,April,7,2,0,1,0,0,12,,,
ORD-1646,VND-001,Electronics,30/04/2025,04/05/2025,,In Transit,2,8500,International,17000,April,,,1,0,0,0,0,,,
ORD-1647,VND-007,Furniture,30/04/2025,05/05/2025,08/05/2025,Delivered,3,4500,South,13500,April,8,3,0,1,0,0,3,,,
ORD-1648,VND-007,Furniture,30/04/2025,09/05/2025,10/05/2025,Delivered,1,16500,South,16500,April,10,1,0,1,0,0,1,,,
ORD-1649,VND-012,Furniture,30/04/2025,05/05/2025,,Cancelled,3,18000,East,54000,April,,,1,0,0,0,0,,,
ORD-1650,VND-002,Furniture,30/04/2025,08/05/2025,09/05/2025,Delivered,2,6500,South,13000,April,9,1,0,1,0,0,2,,,
ORD-1651,VND-007,Apparel,01/05/2025,06/05/2025,07/05/2025,Delivered,13,130,North,1690,May,6,1,0,1,0,0,13,,,
ORD-1652,VND-013,Apparel,01/05/2025,10/05/2025,12/05/2025,Delivered,21,195,East,4095,May,11,2,0,1,0,0,21,,,
ORD-1653,VND-008,Office Supplies,01/05/2025,05/05/2025,07/05/2025,Delivered,16,25,South,400,May,6,2,0,1,0,0,16,,,
ORD-1654,VND-001,Apparel,01/05/2025,05/05/2025,05/05/2025,Delivered,28,140,North,3920,May,4,0,0,0,1,0,28,,,
ORD-1655,VND-009,Office Supplies,01/05/2025,10/05/2025,13/05/2025,Delivered,82,45,Central,3690,May,12,3,0,1,0,0,82,,,
ORD-1656,VND-007,Office Supplies,01/05/2025,10/05/2025,12/05/2025,Delivered,32,500,South,16000,May,11,2,0,1,0,0,32,,,
ORD-1657,VND-003,Furniture,01/05/2025,05/05/2025,05/05/2025,Delivered,2,16500,North,33000,May,4,0,0,0,1,0,2,,,
ORD-1658,VND-008,Apparel,01/05/2025,07/05/2025,07/05/2025,Delivered,28,75,West,2100,May,6,0,0,0,1,0,28,,,
ORD-1659,VND-007,Apparel,01/05/2025,08/05/2025,10/05/2025,Delivered,35,250,International,8750,May,9,2,0,1,0,0,35,,,
ORD-1660,VND-011,Office Supplies,01/05/2025,09/05/2025,12/05/2025,Delivered,13,30,West,390,May,11,3,0,1,0,0,13,,,
ORD-1661,VND-015,Office Supplies,01/05/2025,09/05/2025,,Cancelled,39,40,North,1560,May,,,1,0,0,0,0,,,
ORD-1662,VND-013,Electronics,01/05/2025,09/05/2025,10/05/2025,Delivered,3,7200,East,21600,May,9,1,0,1,0,0,3,,,
ORD-1663,VND-008,Electronics,02/05/2025,10/05/2025,08/05/2025,Delivered,8,8500,East,68000,May,6,-2,0,0,0,1,8,,,
ORD-1664,VND-006,Office Supplies,02/05/2025,08/05/2025,,In Transit,63,18,South,1134,May,,,1,0,0,0,0,,,
ORD-1665,VND-009,Electronics,02/05/2025,09/05/2025,,In Transit,6,8500,West,51000,May,,,1,0,0,0,0,,,
ORD-1666,VND-015,Electronics,02/05/2025,09/05/2025,12/05/2025,Delivered,1,1800,East,1800,May,10,3,0,1,0,0,1,,,
ORD-1667,VND-005,Office Supplies,02/05/2025,10/05/2025,,In Transit,41,150,East,6150,May,,,1,0,0,0,0,,,
ORD-1668,VND-003,Office Supplies,02/05/2025,08/05/2025,06/05/2025,Delivered,95,30,West,2850,May,4,-2,0,0,0,1,95,,,
ORD-1669,VND-003,Apparel,02/05/2025,08/05/2025,,In Transit,46,250,Central,11500,May,,,1,0,0,0,0,,,
ORD-1670,VND-001,Office Supplies,02/05/2025,07/05/2025,07/05/2025,Delivered,34,45,East,1530,May,5,0,0,0,1,0,34,,,
ORD-1671,VND-012,Office Supplies,02/05/2025,06/05/2025,04/05/2025,Delivered,25,95,International,2375,May,2,-2,0,0,0,1,25,,,
ORD-1672,VND-015,Furniture,02/05/2025,06/05/2025,07/05/2025,Delivered,2,12000,North,24000,May,5,1,0,1,0,0,2,,,
ORD-1673,VND-008,Apparel,02/05/2025,09/05/2025,,In Transit,45,110,South,4950,May,,,1,0,0,0,0,,,
ORD-1674,VND-002,Apparel,03/05/2025,08/05/2025,08/05/2025,Delivered,38,180,East,6840,May,5,0,0,0,1,0,38,,,
ORD-1675,VND-003,Apparel,03/05/2025,11/05/2025,14/05/2025,Delivered,37,220,International,8140,May,11,3,0,1,0,0,37,,,
ORD-1676,VND-008,Furniture,03/05/2025,08/05/2025,10/05/2025,Delivered,3,9500,International,28500,May,7,2,0,1,0,0,3,,,
ORD-1677,VND-014,Office Supplies,03/05/2025,11/05/2025,,Cancelled,25,18,East,450,May,,,1,0,0,0,0,,,
ORD-1678,VND-008,Apparel,03/05/2025,08/05/2025,,In Transit,28,45,Central,1260,May,,,1,0,0,0,0,,,
ORD-1679,VND-014,Apparel,03/05/2025,09/05/2025,12/05/2025,Delivered,10,75,North,750,May,9,3,0,1,0,0,10,,,
ORD-1680,VND-011,Electronics,03/05/2025,11/05/2025,12/05/2025,Delivered,6,1800,South,10800,May,9,1,0,1,0,0,6,,,
ORD-1681,VND-004,Apparel,03/05/2025,10/05/2025,09/05/2025,Delivered,47,250,East,11750,May,6,-1,0,0,0,1,47,,,
ORD-1682,VND-004,Office Supplies,03/05/2025,12/05/2025,15/05/2025,Delivered,15,25,South,375,May,12,3,0,1,0,0,15,,,
ORD-1683,VND-005,Office Supplies,03/05/2025,11/05/2025,,Cancelled,59,50,West,2950,May,,,1,0,0,0,0,,,
ORD-1684,VND-006,Electronics,03/05/2025,08/05/2025,11/05/2025,Delivered,5,45000,International,225000,May,8,3,0,1,0,0,5,,,
ORD-1685,VND-005,Apparel,04/05/2025,13/05/2025,14/05/2025,Delivered,50,90,International,4500,May,10,1,0,1,0,0,50,,,
ORD-1686,VND-014,Apparel,04/05/2025,09/05/2025,11/05/2025,Delivered,28,180,East,5040,May,7,2,0,1,0,0,28,,,
ORD-1687,VND-015,Apparel,04/05/2025,12/05/2025,13/05/2025,Delivered,21,60,East,1260,May,9,1,0,1,0,0,21,,,
ORD-1688,VND-007,Furniture,04/05/2025,08/05/2025,06/05/2025,Delivered,2,4500,West,9000,May,2,-2,0,0,0,1,2,,,
ORD-1689,VND-002,Apparel,04/05/2025,13/05/2025,13/05/2025,Delivered,47,220,Central,10340,May,9,0,0,0,1,0,47,,,
ORD-1690,VND-007,Office Supplies,04/05/2025,11/05/2025,11/05/2025,Delivered,101,500,East,50500,May,7,0,0,0,1,0,101,,,
ORD-1691,VND-010,Office Supplies,04/05/2025,13/05/2025,14/05/2025,Delivered,32,50,International,1600,May,10,1,0,1,0,0,32,,,
ORD-1692,VND-007,Furniture,04/05/2025,12/05/2025,13/05/2025,Delivered,2,18000,South,36000,May,9,1,0,1,0,0,2,,,
ORD-1693,VND-001,Furniture,04/05/2025,09/05/2025,09/05/2025,Delivered,1,12000,North,12000,May,5,0,0,0,1,0,1,,,
ORD-1694,VND-007,Apparel,04/05/2025,11/05/2025,11/05/2025,Delivered,51,90,South,4590,May,7,0,0,0,1,0,51,,,
ORD-1695,VND-005,Electronics,04/05/2025,13/05/2025,,In Transit,1,1800,Central,1800,May,,,1,0,0,0,0,,,
ORD-1696,VND-003,Furniture,04/05/2025,11/05/2025,09/05/2025,Delivered,3,14000,North,42000,May,5,-2,0,0,0,1,3,,,
ORD-1697,VND-013,Furniture,05/05/2025,11/05/2025,13/05/2025,Delivered,2,16500,South,33000,May,8,2,0,1,0,0,2,,,
ORD-1698,VND-003,Apparel,05/05/2025,13/05/2025,14/05/2025,Delivered,38,180,South,6840,May,9,1,0,1,0,0,38,,,
ORD-1699,VND-004,Apparel,05/05/2025,13/05/2025,15/05/2025,Delivered,31,220,West,6820,May,10,2,0,1,0,0,31,,,
ORD-1700,VND-013,Furniture,05/05/2025,11/05/2025,12/05/2025,Delivered,1,4500,Central,4500,May,7,1,0,1,0,0,1,,,
ORD-1701,VND-012,Electronics,05/05/2025,11/05/2025,12/05/2025,Delivered,5,3100,International,15500,May,7,1,0,1,0,0,5,,,
ORD-1702,VND-002,Furniture,05/05/2025,13/05/2025,14/05/2025,Delivered,1,4500,West,4500,May,9,1,0,1,0,0,1,,,
ORD-1703,VND-002,Apparel,05/05/2025,14/05/2025,15/05/2025,Delivered,35,60,North,2100,May,10,1,0,1,0,0,35,,,
ORD-1704,VND-001,Apparel,05/05/2025,10/05/2025,11/05/2025,Delivered,49,220,International,10780,May,6,1,0,1,0,0,49,,,
ORD-1705,VND-015,Furniture,05/05/2025,10/05/2025,,In Transit,2,7000,West,14000,May,,,1,0,0,0,0,,,
ORD-1706,VND-005,Electronics,05/05/2025,11/05/2025,,In Transit,8,29000,Central,232000,May,,,1,0,0,0,0,,,
ORD-1707,VND-004,Furniture,05/05/2025,10/05/2025,10/05/2025,Delivered,1,15000,East,15000,May,5,0,0,0,1,0,1,,,
ORD-1708,VND-011,Furniture,05/05/2025,12/05/2025,12/05/2025,Delivered,3,16500,East,49500,May,7,0,0,0,1,0,3,,,
ORD-1709,VND-010,Apparel,05/05/2025,13/05/2025,16/05/2025,Delivered,19,180,North,3420,May,11,3,0,1,0,0,19,,,
ORD-1710,VND-015,Electronics,05/05/2025,12/05/2025,11/05/2025,Delivered,1,8500,East,8500,May,6,-1,0,0,0,1,1,,,
ORD-1711,VND-002,Office Supplies,05/05/2025,14/05/2025,12/05/2025,Delivered,23,22,West,506,May,7,-2,0,0,0,1,23,,,
ORD-1712,VND-003,Electronics,05/05/2025,14/05/2025,,In Transit,9,7200,North,64800,May,,,1,0,0,0,0,,,
ORD-1713,VND-007,Furniture,05/05/2025,12/05/2025,15/05/2025,Delivered,3,6500,International,19500,May,10,3,0,1,0,0,3,,,
ORD-1714,VND-007,Furniture,05/05/2025,14/05/2025,,Cancelled,2,15000,Central,30000,May,,,1,0,0,0,0,,,
ORD-1715,VND-012,Furniture,05/05/2025,13/05/2025,13/05/2025,Delivered,3,7000,North,21000,May,8,0,0,0,1,0,3,,,
ORD-1716,VND-004,Electronics,06/05/2025,15/05/2025,,In Transit,9,45000,International,405000,May,,,1,0,0,0,0,,,
ORD-1717,VND-005,Apparel,06/05/2025,11/05/2025,10/05/2025,Delivered,40,250,North,10000,May,4,-1,0,0,0,1,40,,,
ORD-1718,VND-005,Furniture,06/05/2025,14/05/2025,17/05/2025,Delivered,3,12000,South,36000,May,11,3,0,1,0,0,3,,,
ORD-1719,VND-006,Furniture,06/05/2025,15/05/2025,17/05/2025,Delivered,2,3800,South,7600,May,11,2,0,1,0,0,2,,,
ORD-1720,VND-014,Electronics,06/05/2025,13/05/2025,11/05/2025,Delivered,10,7200,North,72000,May,5,-2,0,0,0,1,10,,,
ORD-1721,VND-009,Office Supplies,06/05/2025,10/05/2025,10/05/2025,Delivered,24,22,East,528,May,4,0,0,0,1,0,24,,,
ORD-1722,VND-002,Office Supplies,06/05/2025,11/05/2025,12/05/2025,Delivered,93,30,South,2790,May,6,1,0,1,0,0,93,,,
ORD-1723,VND-005,Apparel,06/05/2025,11/05/2025,12/05/2025,Delivered,11,250,Central,2750,May,6,1,0,1,0,0,11,,,
ORD-1724,VND-012,Apparel,06/05/2025,14/05/2025,14/05/2025,Delivered,16,110,International,1760,May,8,0,0,0,1,0,16,,,
ORD-1725,VND-003,Furniture,06/05/2025,14/05/2025,,In Transit,1,7000,West,7000,May,,,1,0,0,0,0,,,
ORD-1726,VND-004,Electronics,06/05/2025,11/05/2025,11/05/2025,Delivered,6,5000,South,30000,May,5,0,0,0,1,0,6,,,
ORD-1727,VND-010,Furniture,06/05/2025,15/05/2025,16/05/2025,Delivered,2,16500,North,33000,May,10,1,0,1,0,0,2,,,
ORD-1728,VND-006,Apparel,06/05/2025,13/05/2025,13/05/2025,Delivered,37,195,East,7215,May,7,0,0,0,1,0,37,,,
ORD-1729,VND-012,Electronics,06/05/2025,14/05/2025,,Cancelled,8,5000,West,40000,May,,,1,0,0,0,0,,,
ORD-1730,VND-008,Electronics,06/05/2025,12/05/2025,14/05/2025,Delivered,9,1800,International,16200,May,8,2,0,1,0,0,9,,,
ORD-1731,VND-001,Apparel,06/05/2025,12/05/2025,14/05/2025,Delivered,40,140,International,5600,May,8,2,0,1,0,0,40,,,
ORD-1732,VND-010,Office Supplies,06/05/2025,10/05/2025,10/05/2025,Delivered,29,500,South,14500,May,4,0,0,0,1,0,29,,,
ORD-1733,VND-014,Office Supplies,07/05/2025,15/05/2025,,Cancelled,55,350,International,19250,May,,,1,0,0,0,0,,,
ORD-1734,VND-008,Electronics,07/05/2025,16/05/2025,,In Transit,2,1200,International,2400,May,,,1,0,0,0,0,,,
ORD-1735,VND-011,Furniture,07/05/2025,12/05/2025,11/05/2025,Delivered,2,12000,East,24000,May,4,-1,0,0,0,1,2,,,
ORD-1736,VND-014,Office Supplies,07/05/2025,13/05/2025,13/05/2025,Delivered,96,95,East,9120,May,6,0,0,0,1,0,96,,,
ORD-1737,VND-007,Furniture,07/05/2025,14/05/2025,16/05/2025,Delivered,3,21000,East,63000,May,9,2,0,1,0,0,3,,,
ORD-1738,VND-001,Office Supplies,07/05/2025,13/05/2025,12/05/2025,Delivered,16,40,North,640,May,5,-1,0,0,0,1,16,,,
ORD-1739,VND-002,Office Supplies,07/05/2025,12/05/2025,11/05/2025,Delivered,87,80,International,6960,May,4,-1,0,0,0,1,87,,,
ORD-1740,VND-003,Furniture,07/05/2025,15/05/2025,13/05/2025,Delivered,3,3800,International,11400,May,6,-2,0,0,0,1,3,,,
ORD-1741,VND-001,Apparel,07/05/2025,13/05/2025,,Cancelled,27,180,International,4860,May,,,1,0,0,0,0,,,
ORD-1742,VND-014,Office Supplies,07/05/2025,11/05/2025,13/05/2025,Delivered,9,50,Central,450,May,6,2,0,1,0,0,9,,,
ORD-1743,VND-009,Office Supplies,07/05/2025,16/05/2025,16/05/2025,Delivered,59,80,East,4720,May,9,0,0,0,1,0,59,,,
ORD-1744,VND-008,Furniture,07/05/2025,14/05/2025,14/05/2025,Delivered,3,15000,West,45000,May,7,0,0,0,1,0,3,,,
ORD-1745,VND-002,Apparel,08/05/2025,14/05/2025,14/05/2025,Delivered,36,75,South,2700,May,6,0,0,0,1,0,36,,,
ORD-1746,VND-013,Office Supplies,08/05/2025,14/05/2025,,In Transit,15,95,West,1425,May,,,1,0,0,0,0,,,
ORD-1747,VND-009,Office Supplies,08/05/2025,17/05/2025,17/05/2025,Delivered,9,500,North,4500,May,9,0,0,0,1,0,9,,,
ORD-1748,VND-007,Apparel,08/05/2025,16/05/2025,16/05/2025,Delivered,53,110,North,5830,May,8,0,0,0,1,0,53,,,
ORD-1749,VND-009,Office Supplies,08/05/2025,17/05/2025,19/05/2025,Delivered,27,350,International,9450,May,11,2,0,1,0,0,27,,,
ORD-1750,VND-006,Apparel,08/05/2025,14/05/2025,14/05/2025,Delivered,21,220,West,4620,May,6,0,0,0,1,0,21,,,
ORD-1751,VND-006,Apparel,08/05/2025,16/05/2025,,In Transit,45,130,International,5850,May,,,1,0,0,0,0,,,
ORD-1752,VND-011,Furniture,08/05/2025,14/05/2025,17/05/2025,Delivered,2,18000,Central,36000,May,9,3,0,1,0,0,2,,,
ORD-1753,VND-014,Electronics,08/05/2025,13/05/2025,,In Transit,2,5000,North,10000,May,,,1,0,0,0,0,,,
ORD-1754,VND-004,Apparel,08/05/2025,14/05/2025,15/05/2025,Delivered,16,320,North,5120,May,7,1,0,1,0,0,16,,,
ORD-1755,VND-010,Furniture,08/05/2025,16/05/2025,,In Transit,3,15000,West,45000,May,,,1,0,0,0,0,,,
ORD-1756,VND-010,Electronics,08/05/2025,17/05/2025,17/05/2025,Delivered,6,29000,North,174000,May,9,0,0,0,1,0,6,,,
ORD-1757,VND-013,Office Supplies,09/05/2025,15/05/2025,,In Transit,95,150,Central,14250,May,,,1,0,0,0,0,,,
ORD-1758,VND-013,Electronics,09/05/2025,17/05/2025,15/05/2025,Delivered,5,1200,Central,6000,May,6,-2,0,0,0,1,5,,,
ORD-1759,VND-002,Apparel,09/05/2025,18/05/2025,21/05/2025,Delivered,49,90,Central,4410,May,12,3,0,1,0,0,49,,,
ORD-1760,VND-007,Apparel,09/05/2025,14/05/2025,13/05/2025,Delivered,16,45,South,720,May,4,-1,0,0,0,1,16,,,
ORD-1761,VND-005,Apparel,09/05/2025,15/05/2025,17/05/2025,Delivered,37,130,Central,4810,May,8,2,0,1,0,0,37,,,
ORD-1762,VND-011,Apparel,09/05/2025,16/05/2025,16/05/2025,Delivered,22,130,Central,2860,May,7,0,0,0,1,0,22,,,
ORD-1763,VND-006,Apparel,09/05/2025,14/05/2025,14/05/2025,Delivered,52,45,South,2340,May,5,0,0,0,1,0,52,,,
ORD-1764,VND-002,Furniture,09/05/2025,17/05/2025,,Cancelled,3,16500,International,49500,May,,,1,0,0,0,0,,,
ORD-1765,VND-005,Apparel,09/05/2025,18/05/2025,21/05/2025,Delivered,23,195,East,4485,May,12,3,0,1,0,0,23,,,
ORD-1766,VND-010,Furniture,09/05/2025,18/05/2025,,In Transit,2,14000,North,28000,May,,,1,0,0,0,0,,,
ORD-1767,VND-004,Office Supplies,09/05/2025,18/05/2025,,Cancelled,109,150,Central,16350,May,,,1,0,0,0,0,,,
ORD-1768,VND-009,Apparel,09/05/2025,16/05/2025,14/05/2025,Delivered,27,110,North,2970,May,5,-2,0,0,0,1,27,,,
ORD-1769,VND-006,Apparel,09/05/2025,16/05/2025,16/05/2025,Delivered,48,250,West,12000,May,7,0,0,0,1,0,48,,,
ORD-1770,VND-002,Electronics,09/05/2025,14/05/2025,16/05/2025,Delivered,4,3100,North,12400,May,7,2,0,1,0,0,4,,,
ORD-1771,VND-001,Office Supplies,09/05/2025,15/05/2025,13/05/2025,Delivered,95,22,International,2090,May,4,-2,0,0,0,1,95,,,
ORD-1772,VND-005,Apparel,09/05/2025,17/05/2025,19/05/2025,Delivered,9,140,South,1260,May,10,2,0,1,0,0,9,,,
ORD-1773,VND-009,Apparel,09/05/2025,17/05/2025,,Cancelled,10,90,North,900,May,,,1,0,0,0,0,,,
ORD-1774,VND-006,Office Supplies,10/05/2025,16/05/2025,14/05/2025,Delivered,11,80,North,880,May,4,-2,0,0,0,1,11,,,
ORD-1775,VND-010,Furniture,10/05/2025,16/05/2025,18/05/2025,Delivered,1,8000,North,8000,May,8,2,0,1,0,0,1,,,
ORD-1776,VND-012,Apparel,10/05/2025,18/05/2025,17/05/2025,Delivered,44,140,East,6160,May,7,-1,0,0,0,1,44,,,
ORD-1777,VND-007,Electronics,10/05/2025,17/05/2025,,In Transit,5,1800,East,9000,May,,,1,0,0,0,0,,,
ORD-1778,VND-005,Apparel,10/05/2025,16/05/2025,14/05/2025,Delivered,51,250,West,12750,May,4,-2,0,0,0,1,51,,,
ORD-1779,VND-010,Electronics,10/05/2025,18/05/2025,18/05/2025,Delivered,1,5000,South,5000,May,8,0,0,0,1,0,1,,,
ORD-1780,VND-006,Electronics,10/05/2025,17/05/2025,17/05/2025,Delivered,3,2400,North,7200,May,7,0,0,0,1,0,3,,,
ORD-1781,VND-005,Apparel,10/05/2025,17/05/2025,17/05/2025,Delivered,50,110,North,5500,May,7,0,0,0,1,0,50,,,
ORD-1782,VND-011,Apparel,10/05/2025,15/05/2025,,Cancelled,17,320,North,5440,May,,,1,0,0,0,0,,,
ORD-1783,VND-009,Electronics,10/05/2025,16/05/2025,,In Transit,8,5000,North,40000,May,,,1,0,0,0,0,,,
ORD-1784,VND-015,Office Supplies,10/05/2025,19/05/2025,18/05/2025,Delivered,112,95,East,10640,May,8,-1,0,0,0,1,112,,,
ORD-1785,VND-006,Office Supplies,10/05/2025,17/05/2025,19/05/2025,Delivered,10,500,International,5000,May,9,2,0,1,0,0,10,,,
ORD-1786,VND-011,Apparel,10/05/2025,18/05/2025,18/05/2025,Delivered,47,220,International,10340,May,8,0,0,0,1,0,47,,,
ORD-1787,VND-008,Furniture,10/05/2025,14/05/2025,14/05/2025,Delivered,1,3800,West,3800,May,4,0,0,0,1,0,1,,,
ORD-1788,VND-002,Office Supplies,11/05/2025,16/05/2025,15/05/2025,Delivered,65,350,Central,22750,May,4,-1,0,0,0,1,65,,,
ORD-1789,VND-012,Apparel,11/05/2025,18/05/2025,18/05/2025,Delivered,18,45,South,810,May,7,0,0,0,1,0,18,,,
ORD-1790,VND-013,Office Supplies,11/05/2025,18/05/2025,16/05/2025,Delivered,9,15,International,135,May,5,-2,0,0,0,1,9,,,
ORD-1791,VND-009,Furniture,11/05/2025,19/05/2025,,Cancelled,3,15000,North,45000,May,,,1,0,0,0,0,,,
ORD-1792,VND-005,Apparel,11/05/2025,19/05/2025,19/05/2025,Delivered,35,90,International,3150,May,8,0,0,0,1,0,35,,,
ORD-1793,VND-007,Furniture,11/05/2025,18/05/2025,,Cancelled,2,6500,West,13000,May,,,1,0,0,0,0,,,
ORD-1794,VND-010,Apparel,11/05/2025,18/05/2025,16/05/2025,Delivered,41,195,Central,7995,May,5,-2,0,0,0,1,41,,,
ORD-1795,VND-013,Furniture,11/05/2025,18/05/2025,21/05/2025,Delivered,1,21000,International,21000,May,10,3,0,1,0,0,1,,,
ORD-1796,VND-001,Office Supplies,11/05/2025,20/05/2025,,In Transit,101,18,West,1818,May,,,1,0,0,0,0,,,
ORD-1797,VND-010,Office Supplies,11/05/2025,16/05/2025,19/05/2025,Delivered,48,80,East,3840,May,8,3,0,1,0,0,48,,,
ORD-1798,VND-005,Furniture,11/05/2025,20/05/2025,19/05/2025,Delivered,3,16500,Central,49500,May,8,-1,0,0,0,1,3,,,
ORD-1799,VND-012,Furniture,11/05/2025,20/05/2025,23/05/2025,Delivered,2,14000,West,28000,May,12,3,0,1,0,0,2,,,
ORD-1800,VND-014,Furniture,11/05/2025,16/05/2025,16/05/2025,Delivered,1,7000,International,7000,May,5,0,0,0,1,0,1,,,
ORD-1801,VND-010,Apparel,11/05/2025,16/05/2025,,Cancelled,8,130,East,1040,May,,,1,0,0,0,0,,,
ORD-1802,VND-014,Office Supplies,11/05/2025,16/05/2025,,In Transit,67,15,West,1005,May,,,1,0,0,0,0,,,
ORD-1803,VND-002,Apparel,11/05/2025,20/05/2025,22/05/2025,Delivered,43,110,West,4730,May,11,2,0,1,0,0,43,,,
ORD-1804,VND-012,Office Supplies,11/05/2025,20/05/2025,20/05/2025,Delivered,113,30,International,3390,May,9,0,0,0,1,0,113,,,
ORD-1805,VND-006,Electronics,12/05/2025,17/05/2025,15/05/2025,Delivered,6,45000,Central,270000,May,3,-2,0,0,0,1,6,,,
ORD-1806,VND-011,Apparel,12/05/2025,17/05/2025,17/05/2025,Delivered,31,130,East,4030,May,5,0,0,0,1,0,31,,,
ORD-1807,VND-001,Office Supplies,12/05/2025,19/05/2025,22/05/2025,Delivered,97,150,North,14550,May,10,3,0,1,0,0,97,,,
ORD-1808,VND-003,Office Supplies,12/05/2025,20/05/2025,22/05/2025,Delivered,15,80,South,1200,May,10,2,0,1,0,0,15,,,
ORD-1809,VND-005,Apparel,12/05/2025,21/05/2025,24/05/2025,Delivered,20,90,Central,1800,May,12,3,0,1,0,0,20,,,
ORD-1810,VND-004,Apparel,12/05/2025,18/05/2025,17/05/2025,Delivered,30,180,East,5400,May,5,-1,0,0,0,1,30,,,
ORD-1811,VND-003,Office Supplies,12/05/2025,16/05/2025,15/05/2025,Delivered,112,350,West,39200,May,3,-1,0,0,0,1,112,,,
ORD-1812,VND-010,Apparel,12/05/2025,17/05/2025,15/05/2025,Delivered,33,90,East,2970,May,3,-2,0,0,0,1,33,,,
ORD-1813,VND-013,Furniture,12/05/2025,20/05/2025,19/05/2025,Delivered,1,6500,South,6500,May,7,-1,0,0,0,1,1,,,
ORD-1814,VND-005,Apparel,12/05/2025,19/05/2025,,Cancelled,21,140,International,2940,May,,,1,0,0,0,0,,,
ORD-1815,VND-011,Apparel,12/05/2025,19/05/2025,,In Transit,5,250,South,1250,May,,,1,0,0,0,0,,,
ORD-1816,VND-008,Apparel,12/05/2025,18/05/2025,18/05/2025,Delivered,33,45,North,1485,May,6,0,0,0,1,0,33,,,
ORD-1817,VND-011,Office Supplies,13/05/2025,17/05/2025,15/05/2025,Delivered,20,350,North,7000,May,2,-2,0,0,0,1,20,,,
ORD-1818,VND-004,Furniture,13/05/2025,19/05/2025,,In Transit,2,18000,South,36000,May,,,1,0,0,0,0,,,
ORD-1819,VND-001,Electronics,13/05/2025,22/05/2025,,Cancelled,1,3000,Central,3000,May,,,1,0,0,0,0,,,
ORD-1820,VND-011,Electronics,13/05/2025,18/05/2025,,In Transit,7,1800,Central,12600,May,,,1,0,0,0,0,,,
ORD-1821,VND-007,Furniture,13/05/2025,22/05/2025,24/05/2025,Delivered,2,14000,West,28000,May,11,2,0,1,0,0,2,,,
ORD-1822,VND-008,Furniture,13/05/2025,20/05/2025,,Cancelled,2,8000,North,16000,May,,,1,0,0,0,0,,,
ORD-1823,VND-003,Furniture,13/05/2025,17/05/2025,17/05/2025,Delivered,1,8000,West,8000,May,4,0,0,0,1,0,1,,,
ORD-1824,VND-006,Office Supplies,13/05/2025,20/05/2025,23/05/2025,Delivered,95,15,North,1425,May,10,3,0,1,0,0,95,,,
ORD-1825,VND-002,Electronics,13/05/2025,17/05/2025,,Cancelled,2,45000,South,90000,May,,,1,0,0,0,0,,,
ORD-1826,VND-007,Furniture,13/05/2025,17/05/2025,16/05/2025,Delivered,1,18000,Central,18000,May,3,-1,0,0,0,1,1,,,
ORD-1827,VND-015,Office Supplies,13/05/2025,17/05/2025,,Cancelled,35,80,Central,2800,May,,,1,0,0,0,0,,,
ORD-1828,VND-008,Electronics,13/05/2025,21/05/2025,19/05/2025,Delivered,10,1200,South,12000,May,6,-2,0,0,0,1,10,,,
ORD-1829,VND-006,Apparel,13/05/2025,21/05/2025,,Cancelled,40,180,West,7200,May,,,1,0,0,0,0,,,
ORD-1830,VND-006,Office Supplies,13/05/2025,22/05/2025,21/05/2025,Delivered,25,22,West,550,May,8,-1,0,0,0,1,25,,,
ORD-1831,VND-005,Electronics,13/05/2025,21/05/2025,,Cancelled,10,1100,East,11000,May,,,1,0,0,0,0,,,
ORD-1832,VND-008,Office Supplies,14/05/2025,23/05/2025,24/05/2025,Delivered,55,15,North,825,May,10,1,0,1,0,0,55,,,
ORD-1833,VND-001,Electronics,14/05/2025,18/05/2025,18/05/2025,Delivered,7,1100,West,7700,May,4,0,0,0,1,0,7,,,
ORD-1834,VND-010,Electronics,14/05/2025,20/05/2025,22/05/2025,Delivered,1,1200,South,1200,May,8,2,0,1,0,0,1,,,
ORD-1835,VND-004,Apparel,14/05/2025,19/05/2025,21/05/2025,Delivered,8,140,West,1120,May,7,2,0,1,0,0,8,,,
ORD-1836,VND-015,Office Supplies,14/05/2025,23/05/2025,26/05/2025,Delivered,91,25,Central,2275,May,12,3,0,1,0,0,91,,,
ORD-1837,VND-004,Furniture,14/05/2025,22/05/2025,24/05/2025,Delivered,1,9500,North,9500,May,10,2,0,1,0,0,1,,,
ORD-1838,VND-003,Apparel,14/05/2025,21/05/2025,24/05/2025,Delivered,32,75,International,2400,May,10,3,0,1,0,0,32,,,
ORD-1839,VND-003,Apparel,14/05/2025,21/05/2025,23/05/2025,Delivered,10,140,East,1400,May,9,2,0,1,0,0,10,,,
ORD-1840,VND-004,Electronics,14/05/2025,19/05/2025,17/05/2025,Delivered,7,7200,North,50400,May,3,-2,0,0,0,1,7,,,
ORD-1841,VND-011,Furniture,14/05/2025,23/05/2025,,Cancelled,1,7000,Central,7000,May,,,1,0,0,0,0,,,
ORD-1842,VND-001,Office Supplies,14/05/2025,20/05/2025,21/05/2025,Delivered,72,30,Central,2160,May,7,1,0,1,0,0,72,,,
ORD-1843,VND-014,Furniture,14/05/2025,23/05/2025,21/05/2025,Delivered,1,6500,Central,6500,May,7,-2,0,0,0,1,1,,,
ORD-1844,VND-011,Furniture,14/05/2025,21/05/2025,24/05/2025,Delivered,2,8000,Central,16000,May,10,3,0,1,0,0,2,,,
ORD-1845,VND-013,Furniture,14/05/2025,21/05/2025,22/05/2025,Delivered,1,15000,South,15000,May,8,1,0,1,0,0,1,,,
ORD-1846,VND-011,Furniture,15/05/2025,23/05/2025,25/05/2025,Delivered,2,6500,East,13000,May,10,2,0,1,0,0,2,,,
ORD-1847,VND-002,Furniture,15/05/2025,22/05/2025,23/05/2025,Delivered,3,15000,International,45000,May,8,1,0,1,0,0,3,,,
ORD-1848,VND-009,Electronics,15/05/2025,21/05/2025,,In Transit,4,13500,Central,54000,May,,,1,0,0,0,0,,,
ORD-1849,VND-010,Electronics,15/05/2025,19/05/2025,17/05/2025,Delivered,10,1800,Central,18000,May,2,-2,0,0,0,1,10,,,
ORD-1850,VND-002,Apparel,15/05/2025,20/05/2025,19/05/2025,Delivered,21,195,West,4095,May,4,-1,0,0,0,1,21,,,
ORD-1851,VND-005,Electronics,15/05/2025,20/05/2025,22/05/2025,Delivered,1,1200,East,1200,May,7,2,0,1,0,0,1,,,
ORD-1852,VND-009,Apparel,15/05/2025,23/05/2025,23/05/2025,Delivered,45,110,North,4950,May,8,0,0,0,1,0,45,,,
ORD-1853,VND-009,Apparel,15/05/2025,23/05/2025,22/05/2025,Delivered,24,195,East,4680,May,7,-1,0,0,0,1,24,,,
ORD-1854,VND-008,Office Supplies,16/05/2025,25/05/2025,,In Transit,112,15,East,1680,May,,,1,0,0,0,0,,,
ORD-1855,VND-001,Furniture,16/05/2025,23/05/2025,22/05/2025,Delivered,3,21000,International,63000,May,6,-1,0,0,0,1,3,,,
ORD-1856,VND-001,Electronics,16/05/2025,22/05/2025,23/05/2025,Delivered,3,3000,East,9000,May,7,1,0,1,0,0,3,,,
ORD-1857,VND-009,Office Supplies,16/05/2025,24/05/2025,25/05/2025,Delivered,84,18,International,1512,May,9,1,0,1,0,0,84,,,
ORD-1858,VND-013,Electronics,16/05/2025,25/05/2025,,In Transit,10,3100,Central,31000,May,,,1,0,0,0,0,,,
ORD-1859,VND-011,Apparel,16/05/2025,22/05/2025,24/05/2025,Delivered,36,60,Central,2160,May,8,2,0,1,0,0,36,,,
ORD-1860,VND-008,Electronics,17/05/2025,21/05/2025,20/05/2025,Delivered,6,3100,South,18600,May,3,-1,0,0,0,1,6,,,
ORD-1861,VND-010,Furniture,17/05/2025,26/05/2025,29/05/2025,Delivered,2,9500,International,19000,May,12,3,0,1,0,0,2,,,
ORD-1862,VND-009,Apparel,17/05/2025,22/05/2025,22/05/2025,Delivered,42,130,International,5460,May,5,0,0,0,1,0,42,,,
ORD-1863,VND-007,Apparel,17/05/2025,23/05/2025,,Cancelled,17,110,North,1870,May,,,1,0,0,0,0,,,
ORD-1864,VND-003,Office Supplies,17/05/2025,26/05/2025,25/05/2025,Delivered,110,350,West,38500,May,8,-1,0,0,0,1,110,,,
ORD-1865,VND-003,Furniture,17/05/2025,24/05/2025,22/05/2025,Delivered,3,21000,East,63000,May,5,-2,0,0,0,1,3,,,
ORD-1866,VND-002,Apparel,17/05/2025,21/05/2025,,Cancelled,37,320,North,11840,May,,,1,0,0,0,0,,,
ORD-1867,VND-005,Furniture,17/05/2025,23/05/2025,23/05/2025,Delivered,1,6500,International,6500,May,6,0,0,0,1,0,1,,,
ORD-1868,VND-012,Electronics,17/05/2025,24/05/2025,24/05/2025,Delivered,2,13500,North,27000,May,7,0,0,0,1,0,2,,,
ORD-1869,VND-012,Furniture,17/05/2025,21/05/2025,20/05/2025,Delivered,2,14000,South,28000,May,3,-1,0,0,0,1,2,,,
ORD-1870,VND-003,Apparel,17/05/2025,26/05/2025,24/05/2025,Delivered,6,90,West,540,May,7,-2,0,0,0,1,6,,,
ORD-1871,VND-014,Office Supplies,17/05/2025,24/05/2025,23/05/2025,Delivered,99,150,International,14850,May,6,-1,0,0,0,1,99,,,
ORD-1872,VND-006,Apparel,17/05/2025,22/05/2025,,In Transit,29,220,International,6380,May,,,1,0,0,0,0,,,
ORD-1873,VND-002,Furniture,17/05/2025,26/05/2025,24/05/2025,Delivered,1,4500,East,4500,May,7,-2,0,0,0,1,1,,,
ORD-1874,VND-012,Furniture,17/05/2025,22/05/2025,21/05/2025,Delivered,2,4500,West,9000,May,4,-1,0,0,0,1,2,,,
ORD-1875,VND-003,Apparel,17/05/2025,23/05/2025,,In Transit,34,110,South,3740,May,,,1,0,0,0,0,,,
ORD-1876,VND-005,Furniture,17/05/2025,22/05/2025,23/05/2025,Delivered,1,21000,Central,21000,May,6,1,0,1,0,0,1,,,
ORD-1877,VND-012,Electronics,17/05/2025,22/05/2025,22/05/2025,Delivered,7,1100,North,7700,May,5,0,0,0,1,0,7,,,
ORD-1878,VND-011,Apparel,17/05/2025,25/05/2025,27/05/2025,Delivered,6,250,East,1500,May,10,2,0,1,0,0,6,,,
ORD-1879,VND-011,Office Supplies,18/05/2025,25/05/2025,,In Transit,66,30,International,1980,May,,,1,0,0,0,0,,,
ORD-1880,VND-001,Apparel,18/05/2025,27/05/2025,,In Transit,38,90,Central,3420,May,,,1,0,0,0,0,,,
ORD-1881,VND-013,Electronics,18/05/2025,27/05/2025,,Cancelled,10,3100,South,31000,May,,,1,0,0,0,0,,,
ORD-1882,VND-001,Electronics,18/05/2025,25/05/2025,,In Transit,7,13500,West,94500,May,,,1,0,0,0,0,,,
ORD-1883,VND-010,Electronics,18/05/2025,23/05/2025,22/05/2025,Delivered,5,7200,North,36000,May,4,-1,0,0,0,1,5,,,
ORD-1884,VND-009,Electronics,18/05/2025,26/05/2025,28/05/2025,Delivered,6,3000,East,18000,May,10,2,0,1,0,0,6,,,
ORD-1885,VND-007,Electronics,18/05/2025,22/05/2025,,In Transit,4,3100,International,12400,May,,,1,0,0,0,0,,,
ORD-1886,VND-001,Office Supplies,18/05/2025,26/05/2025,28/05/2025,Delivered,13,30,International,390,May,10,2,0,1,0,0,13,,,
ORD-1887,VND-015,Furniture,18/05/2025,25/05/2025,23/05/2025,Delivered,1,9500,Central,9500,May,5,-2,0,0,0,1,1,,,
ORD-1888,VND-012,Electronics,19/05/2025,28/05/2025,26/05/2025,Delivered,1,3000,Central,3000,May,7,-2,0,0,0,1,1,,,
ORD-1889,VND-014,Electronics,19/05/2025,24/05/2025,23/05/2025,Delivered,7,1100,North,7700,May,4,-1,0,0,0,1,7,,,
ORD-1890,VND-008,Apparel,19/05/2025,23/05/2025,,Cancelled,53,130,West,6890,May,,,1,0,0,0,0,,,
ORD-1891,VND-003,Office Supplies,19/05/2025,23/05/2025,22/05/2025,Delivered,70,40,South,2800,May,3,-1,0,0,0,1,70,,,
ORD-1892,VND-008,Office Supplies,19/05/2025,26/05/2025,27/05/2025,Delivered,29,25,West,725,May,8,1,0,1,0,0,29,,,
ORD-1893,VND-015,Furniture,19/05/2025,26/05/2025,,Cancelled,2,6500,West,13000,May,,,1,0,0,0,0,,,
ORD-1894,VND-005,Office Supplies,19/05/2025,26/05/2025,25/05/2025,Delivered,16,25,West,400,May,6,-1,0,0,0,1,16,,,
ORD-1895,VND-001,Apparel,19/05/2025,25/05/2025,27/05/2025,Delivered,54,320,North,17280,May,8,2,0,1,0,0,54,,,
ORD-1896,VND-007,Apparel,19/05/2025,27/05/2025,29/05/2025,Delivered,46,220,North,10120,May,10,2,0,1,0,0,46,,,
ORD-1897,VND-005,Furniture,19/05/2025,27/05/2025,,In Transit,3,6500,South,19500,May,,,1,0,0,0,0,,,
ORD-1898,VND-006,Apparel,19/05/2025,24/05/2025,,In Transit,5,75,West,375,May,,,1,0,0,0,0,,,
ORD-1899,VND-006,Electronics,19/05/2025,25/05/2025,,In Transit,9,3000,North,27000,May,,,1,0,0,0,0,,,
ORD-1900,VND-008,Electronics,19/05/2025,24/05/2025,24/05/2025,Delivered,7,1800,South,12600,May,5,0,0,0,1,0,7,,,
ORD-1901,VND-009,Apparel,19/05/2025,24/05/2025,22/05/2025,Delivered,40,45,International,1800,May,3,-2,0,0,0,1,40,,,
ORD-1902,VND-002,Furniture,19/05/2025,25/05/2025,,In Transit,3,12000,South,36000,May,,,1,0,0,0,0,,,
ORD-1903,VND-009,Office Supplies,19/05/2025,27/05/2025,,In Transit,11,15,West,165,May,,,1,0,0,0,0,,,
ORD-1904,VND-012,Furniture,19/05/2025,25/05/2025,28/05/2025,Delivered,2,8000,East,16000,May,9,3,0,1,0,0,2,,,
ORD-1905,VND-015,Office Supplies,19/05/2025,26/05/2025,26/05/2025,Delivered,71,25,West,1775,May,7,0,0,0,1,0,71,,,
ORD-1906,VND-011,Apparel,20/05/2025,29/05/2025,,Cancelled,6,250,East,1500,May,,,1,0,0,0,0,,,
ORD-1907,VND-010,Apparel,20/05/2025,27/05/2025,,In Transit,26,220,South,5720,May,,,1,0,0,0,0,,,
ORD-1908,VND-009,Electronics,20/05/2025,29/05/2025,,In Transit,4,1100,International,4400,May,,,1,0,0,0,0,,,
ORD-1909,VND-013,Office Supplies,20/05/2025,27/05/2025,,In Transit,90,500,International,45000,May,,,1,0,0,0,0,,,
ORD-1910,VND-010,Furniture,20/05/2025,24/05/2025,24/05/2025,Delivered,1,16500,North,16500,May,4,0,0,0,1,0,1,,,
ORD-1911,VND-015,Apparel,20/05/2025,29/05/2025,27/05/2025,Delivered,50,45,International,2250,May,7,-2,0,0,0,1,50,,,
ORD-1912,VND-010,Furniture,20/05/2025,28/05/2025,28/05/2025,Delivered,1,15000,Central,15000,May,8,0,0,0,1,0,1,,,
ORD-1913,VND-007,Electronics,20/05/2025,25/05/2025,24/05/2025,Delivered,1,3100,South,3100,May,4,-1,0,0,0,1,1,,,
ORD-1914,VND-001,Office Supplies,20/05/2025,25/05/2025,28/05/2025,Delivered,46,15,North,690,May,8,3,0,1,0,0,46,,,
ORD-1915,VND-007,Office Supplies,20/05/2025,29/05/2025,30/05/2025,Delivered,39,80,International,3120,May,10,1,0,1,0,0,39,,,
ORD-1916,VND-010,Apparel,20/05/2025,25/05/2025,27/05/2025,Delivered,44,180,South,7920,May,7,2,0,1,0,0,44,,,
ORD-1917,VND-005,Office Supplies,20/05/2025,29/05/2025,29/05/2025,Delivered,13,50,West,650,May,9,0,0,0,1,0,13,,,
ORD-1918,VND-006,Apparel,20/05/2025,29/05/2025,29/05/2025,Delivered,7,60,International,420,May,9,0,0,0,1,0,7,,,
ORD-1919,VND-010,Electronics,20/05/2025,29/05/2025,30/05/2025,Delivered,2,3100,East,6200,May,10,1,0,1,0,0,2,,,
ORD-1920,VND-007,Office Supplies,21/05/2025,28/05/2025,29/05/2025,Delivered,45,95,South,4275,May,8,1,0,1,0,0,45,,,
ORD-1921,VND-014,Apparel,21/05/2025,29/05/2025,01/06/2025,Delivered,7,110,North,770,May,11,3,0,1,0,0,7,,,
ORD-1922,VND-015,Furniture,21/05/2025,27/05/2025,30/05/2025,Delivered,2,4500,West,9000,May,9,3,0,1,0,0,2,,,
ORD-1923,VND-005,Apparel,21/05/2025,25/05/2025,,Cancelled,51,140,Central,7140,May,,,1,0,0,0,0,,,
ORD-1924,VND-007,Office Supplies,21/05/2025,28/05/2025,27/05/2025,Delivered,95,22,West,2090,May,6,-1,0,0,0,1,95,,,
ORD-1925,VND-009,Electronics,21/05/2025,25/05/2025,23/05/2025,Delivered,1,1200,International,1200,May,2,-2,0,0,0,1,1,,,
ORD-1926,VND-003,Office Supplies,21/05/2025,28/05/2025,27/05/2025,Delivered,87,22,East,1914,May,6,-1,0,0,0,1,87,,,
ORD-1927,VND-008,Office Supplies,21/05/2025,28/05/2025,29/05/2025,Delivered,14,15,West,210,May,8,1,0,1,0,0,14,,,
ORD-1928,VND-002,Apparel,21/05/2025,26/05/2025,24/05/2025,Delivered,10,60,Central,600,May,3,-2,0,0,0,1,10,,,
ORD-1929,VND-011,Furniture,21/05/2025,25/05/2025,,In Transit,3,4500,North,13500,May,,,1,0,0,0,0,,,
ORD-1930,VND-007,Office Supplies,21/05/2025,30/05/2025,,In Transit,58,50,South,2900,May,,,1,0,0,0,0,,,
ORD-1931,VND-013,Furniture,21/05/2025,26/05/2025,24/05/2025,Delivered,1,7000,East,7000,May,3,-2,0,0,0,1,1,,,
ORD-1932,VND-002,Apparel,21/05/2025,29/05/2025,30/05/2025,Delivered,18,110,Central,1980,May,9,1,0,1,0,0,18,,,
ORD-1933,VND-015,Furniture,21/05/2025,29/05/2025,,Cancelled,1,12000,International,12000,May,,,1,0,0,0,0,,,
ORD-1934,VND-014,Apparel,21/05/2025,29/05/2025,,In Transit,12,250,International,3000,May,,,1,0,0,0,0,,,
ORD-1935,VND-004,Electronics,21/05/2025,30/05/2025,02/06/2025,Delivered,3,29000,International,87000,May,12,3,0,1,0,0,3,,,
ORD-1936,VND-007,Furniture,21/05/2025,30/05/2025,01/06/2025,Delivered,3,7000,East,21000,May,11,2,0,1,0,0,3,,,
ORD-1937,VND-003,Furniture,21/05/2025,27/05/2025,27/05/2025,Delivered,3,7000,West,21000,May,6,0,0,0,1,0,3,,,
ORD-1938,VND-002,Electronics,22/05/2025,30/05/2025,31/05/2025,Delivered,2,13500,East,27000,May,9,1,0,1,0,0,2,,,
ORD-1939,VND-011,Furniture,22/05/2025,30/05/2025,01/06/2025,Delivered,2,15000,International,30000,May,10,2,0,1,0,0,2,,,
ORD-1940,VND-010,Electronics,22/05/2025,31/05/2025,03/06/2025,Delivered,2,1100,Central,2200,May,12,3,0,1,0,0,2,,,
ORD-1941,VND-007,Office Supplies,22/05/2025,31/05/2025,31/05/2025,Delivered,111,12,South,1332,May,9,0,0,0,1,0,111,,,
ORD-1942,VND-001,Apparel,22/05/2025,30/05/2025,31/05/2025,Delivered,5,75,South,375,May,9,1,0,1,0,0,5,,,
ORD-1943,VND-014,Electronics,22/05/2025,29/05/2025,,In Transit,5,45000,East,225000,May,,,1,0,0,0,0,,,
ORD-1944,VND-015,Furniture,22/05/2025,31/05/2025,,In Transit,1,18000,International,18000,May,,,1,0,0,0,0,,,
ORD-1945,VND-008,Electronics,22/05/2025,31/05/2025,02/06/2025,Delivered,10,1200,North,12000,May,11,2,0,1,0,0,10,,,
ORD-1946,VND-003,Furniture,23/05/2025,30/05/2025,,In Transit,1,3800,East,3800,May,,,1,0,0,0,0,,,
ORD-1947,VND-012,Office Supplies,23/05/2025,31/05/2025,31/05/2025,Delivered,79,80,International,6320,May,8,0,0,0,1,0,79,,,
ORD-1948,VND-012,Electronics,23/05/2025,31/05/2025,,In Transit,10,13500,West,135000,May,,,1,0,0,0,0,,,
ORD-1949,VND-013,Office Supplies,23/05/2025,01/06/2025,30/05/2025,Delivered,57,350,South,19950,May,7,-2,0,0,0,1,57,,,
ORD-1950,VND-002,Apparel,23/05/2025,29/05/2025,30/05/2025,Delivered,45,195,South,8775,May,7,1,0,1,0,0,45,,,
ORD-1951,VND-003,Furniture,23/05/2025,30/05/2025,02/06/2025,Delivered,2,6500,South,13000,May,10,3,0,1,0,0,2,,,
ORD-1952,VND-005,Furniture,23/05/2025,01/06/2025,01/06/2025,Delivered,2,9500,North,19000,May,9,0,0,0,1,0,2,,,
ORD-1953,VND-011,Office Supplies,23/05/2025,01/06/2025,,Cancelled,38,40,International,1520,May,,,1,0,0,0,0,,,
ORD-1954,VND-008,Apparel,23/05/2025,27/05/2025,27/05/2025,Delivered,16,130,International,2080,May,4,0,0,0,1,0,16,,,
ORD-1955,VND-010,Electronics,23/05/2025,01/06/2025,31/05/2025,Delivered,3,45000,International,135000,May,8,-1,0,0,0,1,3,,,
ORD-1956,VND-007,Electronics,23/05/2025,27/05/2025,27/05/2025,Delivered,3,45000,International,135000,May,4,0,0,0,1,0,3,,,
ORD-1957,VND-007,Furniture,23/05/2025,28/05/2025,30/05/2025,Delivered,2,4500,North,9000,May,7,2,0,1,0,0,2,,,
ORD-1958,VND-012,Office Supplies,23/05/2025,27/05/2025,29/05/2025,Delivered,18,150,Central,2700,May,6,2,0,1,0,0,18,,,
ORD-1959,VND-007,Office Supplies,23/05/2025,28/05/2025,29/05/2025,Delivered,108,95,East,10260,May,6,1,0,1,0,0,108,,,
ORD-1960,VND-015,Electronics,23/05/2025,30/05/2025,02/06/2025,Delivered,8,3100,East,24800,May,10,3,0,1,0,0,8,,,
ORD-1961,VND-008,Apparel,23/05/2025,30/05/2025,,In Transit,29,250,International,7250,May,,,1,0,0,0,0,,,
ORD-1962,VND-001,Apparel,23/05/2025,31/05/2025,,Cancelled,25,220,West,5500,May,,,1,0,0,0,0,,,
ORD-1963,VND-004,Electronics,23/05/2025,27/05/2025,29/05/2025,Delivered,4,8500,South,34000,May,6,2,0,1,0,0,4,,,
ORD-1964,VND-013,Electronics,23/05/2025,31/05/2025,01/06/2025,Delivered,10,29000,North,290000,May,9,1,0,1,0,0,10,,,
ORD-1965,VND-006,Office Supplies,24/05/2025,01/06/2025,31/05/2025,Delivered,12,12,West,144,May,7,-1,0,0,0,1,12,,,
ORD-1966,VND-009,Apparel,24/05/2025,30/05/2025,30/05/2025,Delivered,9,110,West,990,May,6,0,0,0,1,0,9,,,
ORD-1967,VND-013,Electronics,24/05/2025,30/05/2025,02/06/2025,Delivered,5,1200,International,6000,May,9,3,0,1,0,0,5,,,
ORD-1968,VND-002,Electronics,24/05/2025,31/05/2025,,Cancelled,6,3000,North,18000,May,,,1,0,0,0,0,,,
ORD-1969,VND-001,Furniture,24/05/2025,31/05/2025,31/05/2025,Delivered,2,21000,East,42000,May,7,0,0,0,1,0,2,,,
ORD-1970,VND-013,Electronics,24/05/2025,28/05/2025,,Cancelled,10,7200,South,72000,May,,,1,0,0,0,0,,,
ORD-1971,VND-010,Electronics,24/05/2025,02/06/2025,,In Transit,6,29000,East,174000,May,,,1,0,0,0,0,,,
ORD-1972,VND-012,Apparel,24/05/2025,30/05/2025,,Cancelled,30,320,West,9600,May,,,1,0,0,0,0,,,
ORD-1973,VND-014,Office Supplies,24/05/2025,01/06/2025,,In Transit,34,18,South,612,May,,,1,0,0,0,0,,,
ORD-1974,VND-002,Apparel,25/05/2025,31/05/2025,31/05/2025,Delivered,49,250,Central,12250,May,6,0,0,0,1,0,49,,,
ORD-1975,VND-007,Office Supplies,25/05/2025,29/05/2025,30/05/2025,Delivered,66,500,West,33000,May,5,1,0,1,0,0,66,,,
ORD-1976,VND-003,Furniture,25/05/2025,01/06/2025,03/06/2025,Delivered,3,12000,East,36000,May,9,2,0,1,0,0,3,,,
ORD-1977,VND-010,Electronics,25/05/2025,31/05/2025,30/05/2025,Delivered,8,5000,East,40000,May,5,-1,0,0,0,1,8,,,
ORD-1978,VND-002,Furniture,25/05/2025,02/06/2025,03/06/2025,Delivered,1,3800,International,3800,May,9,1,0,1,0,0,1,,,
ORD-1979,VND-014,Office Supplies,25/05/2025,29/05/2025,30/05/2025,Delivered,36,25,East,900,May,5,1,0,1,0,0,36,,,
ORD-1980,VND-011,Apparel,25/05/2025,01/06/2025,30/05/2025,Delivered,34,180,North,6120,May,5,-2,0,0,0,1,34,,,
ORD-1981,VND-007,Apparel,25/05/2025,31/05/2025,,Cancelled,50,220,West,11000,May,,,1,0,0,0,0,,,
ORD-1982,VND-013,Furniture,25/05/2025,31/05/2025,,Cancelled,3,6500,South,19500,May,,,1,0,0,0,0,,,
ORD-1983,VND-013,Office Supplies,25/05/2025,01/06/2025,03/06/2025,Delivered,15,18,East,270,May,9,2,0,1,0,0,15,,,
ORD-1984,VND-002,Furniture,25/05/2025,30/05/2025,01/06/2025,Delivered,2,12000,International,24000,May,7,2,0,1,0,0,2,,,
ORD-1985,VND-003,Furniture,25/05/2025,03/06/2025,05/06/2025,Delivered,3,7000,International,21000,May,11,2,0,1,0,0,3,,,
ORD-1986,VND-011,Electronics,25/05/2025,01/06/2025,02/06/2025,Delivered,8,2400,East,19200,May,8,1,0,1,0,0,8,,,
ORD-1987,VND-007,Furniture,26/05/2025,31/05/2025,,In Transit,1,7000,North,7000,May,,,1,0,0,0,0,,,
ORD-1988,VND-014,Electronics,26/05/2025,31/05/2025,30/05/2025,Delivered,4,3000,International,12000,May,4,-1,0,0,0,1,4,,,
ORD-1989,VND-004,Electronics,26/05/2025,02/06/2025,03/06/2025,Delivered,1,5000,South,5000,May,8,1,0,1,0,0,1,,,
ORD-1990,VND-013,Apparel,26/05/2025,03/06/2025,,In Transit,29,320,West,9280,May,,,1,0,0,0,0,,,
ORD-1991,VND-014,Electronics,26/05/2025,02/06/2025,,In Transit,9,1100,Central,9900,May,,,1,0,0,0,0,,,
ORD-1992,VND-001,Electronics,26/05/2025,04/06/2025,04/06/2025,Delivered,6,1800,North,10800,May,9,0,0,0,1,0,6,,,
ORD-1993,VND-013,Apparel,26/05/2025,01/06/2025,31/05/2025,Delivered,8,180,International,1440,May,5,-1,0,0,0,1,8,,,
ORD-1994,VND-014,Furniture,26/05/2025,02/06/2025,05/06/2025,Delivered,1,9500,West,9500,May,10,3,0,1,0,0,1,,,
ORD-1995,VND-005,Office Supplies,26/05/2025,01/06/2025,03/06/2025,Delivered,8,350,Central,2800,May,8,2,0,1,0,0,8,,,
ORD-1996,VND-012,Office Supplies,26/05/2025,30/05/2025,01/06/2025,Delivered,97,15,East,1455,May,6,2,0,1,0,0,97,,,
ORD-1997,VND-009,Office Supplies,26/05/2025,30/05/2025,02/06/2025,Delivered,17,40,East,680,May,7,3,0,1,0,0,17,,,
ORD-1998,VND-008,Furniture,26/05/2025,03/06/2025,03/06/2025,Delivered,3,3800,South,11400,May,8,0,0,0,1,0,3,,,
ORD-1999,VND-012,Electronics,26/05/2025,02/06/2025,31/05/2025,Delivered,8,13500,Central,108000,May,5,-2,0,0,0,1,8,,,
ORD-2000,VND-015,Office Supplies,26/05/2025,02/06/2025,05/06/2025,Delivered,98,95,East,9310,May,10,3,0,1,0,0,98,,,
ORD-2001,VND-009,Furniture,27/05/2025,03/06/2025,,In Transit,2,12000,East,24000,May,,,1,0,0,0,0,,,
ORD-2002,VND-010,Electronics,27/05/2025,02/06/2025,05/06/2025,Delivered,10,7200,International,72000,May,9,3,0,1,0,0,10,,,
ORD-2003,VND-014,Apparel,27/05/2025,01/06/2025,31/05/2025,Delivered,37,75,South,2775,May,4,-1,0,0,0,1,37,,,
ORD-2004,VND-009,Office Supplies,27/05/2025,31/05/2025,,In Transit,41,12,West,492,May,,,1,0,0,0,0,,,
ORD-2005,VND-015,Electronics,27/05/2025,02/06/2025,03/06/2025,Delivered,5,1800,East,9000,May,7,1,0,1,0,0,5,,,
ORD-2006,VND-007,Office Supplies,27/05/2025,04/06/2025,,Cancelled,65,45,North,2925,May,,,1,0,0,0,0,,,
ORD-2007,VND-004,Office Supplies,27/05/2025,04/06/2025,07/06/2025,Delivered,103,30,North,3090,May,11,3,0,1,0,0,103,,,
ORD-2008,VND-005,Office Supplies,27/05/2025,31/05/2025,29/05/2025,Delivered,33,500,West,16500,May,2,-2,0,0,0,1,33,,,
ORD-2009,VND-001,Electronics,27/05/2025,31/05/2025,31/05/2025,Delivered,9,8500,Central,76500,May,4,0,0,0,1,0,9,,,
ORD-2010,VND-014,Furniture,27/05/2025,04/06/2025,07/06/2025,Delivered,3,9500,South,28500,May,11,3,0,1,0,0,3,,,
ORD-2011,VND-001,Electronics,27/05/2025,02/06/2025,05/06/2025,Delivered,2,8500,International,17000,May,9,3,0,1,0,0,2,,,
ORD-2012,VND-003,Office Supplies,27/05/2025,02/06/2025,03/06/2025,Delivered,25,18,North,450,May,7,1,0,1,0,0,25,,,
ORD-2013,VND-013,Electronics,28/05/2025,03/06/2025,03/06/2025,Delivered,6,1200,North,7200,May,6,0,0,0,1,0,6,,,
ORD-2014,VND-014,Apparel,28/05/2025,04/06/2025,03/06/2025,Delivered,41,60,West,2460,May,6,-1,0,0,0,1,41,,,
ORD-2015,VND-008,Furniture,28/05/2025,04/06/2025,02/06/2025,Delivered,3,18000,Central,54000,May,5,-2,0,0,0,1,3,,,
ORD-2016,VND-014,Electronics,28/05/2025,02/06/2025,04/06/2025,Delivered,3,3000,Central,9000,May,7,2,0,1,0,0,3,,,
ORD-2017,VND-002,Apparel,28/05/2025,06/06/2025,06/06/2025,Delivered,10,140,West,1400,May,9,0,0,0,1,0,10,,,
ORD-2018,VND-004,Furniture,28/05/2025,02/06/2025,04/06/2025,Delivered,2,14000,North,28000,May,7,2,0,1,0,0,2,,,
ORD-2019,VND-002,Apparel,28/05/2025,04/06/2025,05/06/2025,Delivered,29,90,South,2610,May,8,1,0,1,0,0,29,,,
ORD-2020,VND-014,Furniture,28/05/2025,01/06/2025,30/05/2025,Delivered,3,21000,North,63000,May,2,-2,0,0,0,1,3,,,
ORD-2021,VND-005,Electronics,28/05/2025,02/06/2025,05/06/2025,Delivered,10,13500,Central,135000,May,8,3,0,1,0,0,10,,,
ORD-2022,VND-009,Apparel,28/05/2025,03/06/2025,04/06/2025,Delivered,15,195,International,2925,May,7,1,0,1,0,0,15,,,
ORD-2023,VND-001,Office Supplies,28/05/2025,02/06/2025,,In Transit,18,15,North,270,May,,,1,0,0,0,0,,,
ORD-2024,VND-005,Apparel,28/05/2025,02/06/2025,05/06/2025,Delivered,49,250,South,12250,May,8,3,0,1,0,0,49,,,
ORD-2025,VND-014,Furniture,28/05/2025,02/06/2025,31/05/2025,Delivered,2,16500,East,33000,May,3,-2,0,0,0,1,2,,,
ORD-2026,VND-015,Electronics,28/05/2025,06/06/2025,07/06/2025,Delivered,10,7200,North,72000,May,10,1,0,1,0,0,10,,,
ORD-2027,VND-009,Furniture,28/05/2025,01/06/2025,30/05/2025,Delivered,1,8000,West,8000,May,2,-2,0,0,0,1,1,,,
ORD-2028,VND-015,Apparel,29/05/2025,07/06/2025,10/06/2025,Delivered,25,180,East,4500,May,12,3,0,1,0,0,25,,,
ORD-2029,VND-001,Apparel,29/05/2025,03/06/2025,05/06/2025,Delivered,5,130,West,650,May,7,2,0,1,0,0,5,,,
ORD-2030,VND-009,Office Supplies,29/05/2025,06/06/2025,08/06/2025,Delivered,65,350,West,22750,May,10,2,0,1,0,0,65,,,
ORD-2031,VND-008,Electronics,29/05/2025,03/06/2025,03/06/2025,Delivered,9,45000,West,405000,May,5,0,0,0,1,0,9,,,
ORD-2032,VND-004,Electronics,29/05/2025,05/06/2025,04/06/2025,Delivered,6,5000,North,30000,May,6,-1,0,0,0,1,6,,,
ORD-2033,VND-012,Apparel,29/05/2025,03/06/2025,01/06/2025,Delivered,52,90,Central,4680,May,3,-2,0,0,0,1,52,,,
ORD-2034,VND-011,Electronics,29/05/2025,06/06/2025,09/06/2025,Delivered,10,1100,East,11000,May,11,3,0,1,0,0,10,,,
ORD-2035,VND-010,Office Supplies,29/05/2025,03/06/2025,03/06/2025,Delivered,80,150,South,12000,May,5,0,0,0,1,0,80,,,
ORD-2036,VND-005,Furniture,29/05/2025,05/06/2025,05/06/2025,Delivered,2,6500,Central,13000,May,7,0,0,0,1,0,2,,,
ORD-2037,VND-013,Electronics,29/05/2025,03/06/2025,02/06/2025,Delivered,4,13500,North,54000,May,4,-1,0,0,0,1,4,,,
ORD-2038,VND-005,Apparel,29/05/2025,02/06/2025,02/06/2025,Delivered,16,130,West,2080,May,4,0,0,0,1,0,16,,,
ORD-2039,VND-011,Furniture,29/05/2025,02/06/2025,05/06/2025,Delivered,2,21000,South,42000,May,7,3,0,1,0,0,2,,,
ORD-2040,VND-012,Furniture,29/05/2025,04/06/2025,06/06/2025,Delivered,1,7000,East,7000,May,8,2,0,1,0,0,1,,,
ORD-2041,VND-006,Office Supplies,30/05/2025,08/06/2025,,In Transit,44,25,Central,1100,May,,,1,0,0,0,0,,,
ORD-2042,VND-007,Apparel,30/05/2025,07/06/2025,07/06/2025,Delivered,7,60,International,420,May,8,0,0,0,1,0,7,,,
ORD-2043,VND-008,Electronics,30/05/2025,03/06/2025,05/06/2025,Delivered,8,13500,Central,108000,May,6,2,0,1,0,0,8,,,
ORD-2044,VND-015,Apparel,30/05/2025,04/06/2025,,In Transit,51,195,South,9945,May,,,1,0,0,0,0,,,
ORD-2045,VND-014,Furniture,30/05/2025,06/06/2025,04/06/2025,Delivered,2,18000,North,36000,May,5,-2,0,0,0,1,2,,,
ORD-2046,VND-008,Apparel,30/05/2025,08/06/2025,11/06/2025,Delivered,13,110,East,1430,May,12,3,0,1,0,0,13,,,
ORD-2047,VND-011,Electronics,30/05/2025,05/06/2025,,In Transit,9,2400,South,21600,May,,,1,0,0,0,0,,,
ORD-2048,VND-014,Electronics,30/05/2025,08/06/2025,09/06/2025,Delivered,2,1800,West,3600,May,10,1,0,1,0,0,2,,,
ORD-2049,VND-013,Office Supplies,30/05/2025,06/06/2025,05/06/2025,Delivered,104,25,East,2600,May,6,-1,0,0,0,1,104,,,
ORD-2050,VND-002,Electronics,30/05/2025,08/06/2025,06/06/2025,Delivered,1,45000,Central,45000,May,7,-2,0,0,0,1,1,,,
ORD-2051,VND-009,Electronics,30/05/2025,06/06/2025,,Cancelled,1,29000,South,29000,May,,,1,0,0,0,0,,,
ORD-2052,VND-007,Apparel,30/05/2025,03/06/2025,02/06/2025,Delivered,15,140,Central,2100,May,3,-1,0,0,0,1,15,,,
ORD-2053,VND-004,Apparel,30/05/2025,05/06/2025,06/06/2025,Delivered,6,180,Central,1080,May,7,1,0,1,0,0,6,,,
ORD-2054,VND-004,Furniture,30/05/2025,06/06/2025,07/06/2025,Delivered,2,7000,Central,14000,May,8,1,0,1,0,0,2,,,
ORD-2055,VND-011,Office Supplies,31/05/2025,09/06/2025,07/06/2025,Delivered,54,80,North,4320,May,7,-2,0,0,0,1,54,,,
ORD-2056,VND-008,Apparel,31/05/2025,07/06/2025,05/06/2025,Delivered,44,220,Central,9680,May,5,-2,0,0,0,1,44,,,
ORD-2057,VND-004,Electronics,31/05/2025,09/06/2025,11/06/2025,Delivered,3,1800,West,5400,May,11,2,0,1,0,0,3,,,
ORD-2058,VND-013,Furniture,31/05/2025,08/06/2025,06/06/2025,Delivered,2,15000,West,30000,May,6,-2,0,0,0,1,2,,,
ORD-2059,VND-015,Apparel,31/05/2025,09/06/2025,11/06/2025,Delivered,45,110,East,4950,May,11,2,0,1,0,0,45,,,
ORD-2060,VND-006,Office Supplies,31/05/2025,05/06/2025,04/06/2025,Delivered,64,30,International,1920,May,4,-1,0,0,0,1,64,,,
ORD-2061,VND-005,Office Supplies,31/05/2025,08/06/2025,08/06/2025,Delivered,79,95,Central,7505,May,8,0,0,0,1,0,79,,,
ORD-2062,VND-003,Furniture,31/05/2025,04/06/2025,,In Transit,2,12000,Central,24000,May,,,1,0,0,0,0,,,
ORD-2063,VND-013,Furniture,31/05/2025,08/06/2025,,Cancelled,2,15000,South,30000,May,,,1,0,0,0,0,,,
ORD-2064,VND-014,Furniture,31/05/2025,04/06/2025,07/06/2025,Delivered,3,8000,North,24000,May,7,3,0,1,0,0,3,,,
ORD-2065,VND-010,Furniture,31/05/2025,08/06/2025,,Cancelled,1,14000,International,14000,May,,,1,0,0,0,0,,,
ORD-2066,VND-011,Furniture,31/05/2025,05/06/2025,,In Transit,2,3800,East,7600,May,,,1,0,0,0,0,,,
ORD-2067,VND-002,Electronics,31/05/2025,09/06/2025,09/06/2025,Delivered,1,8500,International,8500,May,9,0,0,0,1,0,1,,,
ORD-2068,VND-009,Electronics,31/05/2025,04/06/2025,04/06/2025,Delivered,8,3100,Central,24800,May,4,0,0,0,1,0,8,,,
ORD-2069,VND-010,Apparel,31/05/2025,05/06/2025,06/06/2025,Delivered,17,45,South,765,May,6,1,0,1,0,0,17,,,
ORD-2070,VND-009,Office Supplies,31/05/2025,07/06/2025,05/06/2025,Delivered,85,15,North,1275,May,5,-2,0,0,0,1,85,,,
ORD-2071,VND-001,Electronics,31/05/2025,09/06/2025,08/06/2025,Delivered,10,1800,East,18000,May,8,-1,0,0,0,1,10,,,
ORD-2072,VND-010,Electronics,31/05/2025,04/06/2025,07/06/2025,Delivered,10,45000,International,450000,May,7,3,0,1,0,0,10,,,
ORD-2073,VND-003,Electronics,31/05/2025,04/06/2025,02/06/2025,Delivered,3,1200,East,3600,May,2,-2,0,0,0,1,3,,,
ORD-2074,VND-008,Apparel,31/05/2025,06/06/2025,08/06/2025,Delivered,32,60,Central,1920,May,8,2,0,1,0,0,32,,,
ORD-2075,VND-006,Furniture,01/06/2025,06/06/2025,06/06/2025,Delivered,2,12000,East,24000,June,5,0,0,0,1,0,2,,,
ORD-2076,VND-005,Apparel,01/06/2025,10/06/2025,,In Transit,8,45,South,360,June,,,1,0,0,0,0,,,
ORD-2077,VND-005,Office Supplies,01/06/2025,09/06/2025,07/06/2025,Delivered,45,40,East,1800,June,6,-2,0,0,0,1,45,,,
ORD-2078,VND-006,Office Supplies,01/06/2025,08/06/2025,,Cancelled,91,30,West,2730,June,,,1,0,0,0,0,,,
ORD-2079,VND-015,Office Supplies,01/06/2025,07/06/2025,06/06/2025,Delivered,80,22,South,1760,June,5,-1,0,0,0,1,80,,,
ORD-2080,VND-007,Office Supplies,01/06/2025,06/06/2025,,Cancelled,38,500,International,19000,June,,,1,0,0,0,0,,,
ORD-2081,VND-001,Electronics,01/06/2025,09/06/2025,09/06/2025,Delivered,10,2400,North,24000,June,8,0,0,0,1,0,10,,,
ORD-2082,VND-009,Electronics,01/06/2025,05/06/2025,07/06/2025,Delivered,10,45000,North,450000,June,6,2,0,1,0,0,10,,,
ORD-2083,VND-003,Apparel,01/06/2025,10/06/2025,09/06/2025,Delivered,9,75,Central,675,June,8,-1,0,0,0,1,9,,,
ORD-2084,VND-004,Furniture,01/06/2025,10/06/2025,10/06/2025,Delivered,2,4500,Central,9000,June,9,0,0,0,1,0,2,,,
ORD-2085,VND-010,Office Supplies,02/06/2025,09/06/2025,,In Transit,22,50,West,1100,June,,,1,0,0,0,0,,,
ORD-2086,VND-001,Apparel,02/06/2025,11/06/2025,09/06/2025,Delivered,37,110,International,4070,June,7,-2,0,0,0,1,37,,,
ORD-2087,VND-013,Electronics,02/06/2025,07/06/2025,,Cancelled,5,7200,North,36000,June,,,1,0,0,0,0,,,
ORD-2088,VND-011,Electronics,02/06/2025,08/06/2025,09/06/2025,Delivered,6,3100,North,18600,June,7,1,0,1,0,0,6,,,
ORD-2089,VND-010,Furniture,02/06/2025,07/06/2025,08/06/2025,Delivered,2,7000,North,14000,June,6,1,0,1,0,0,2,,,
ORD-2090,VND-003,Furniture,02/06/2025,07/06/2025,,In Transit,3,3800,North,11400,June,,,1,0,0,0,0,,,
ORD-2091,VND-002,Furniture,02/06/2025,10/06/2025,12/06/2025,Delivered,3,16500,East,49500,June,10,2,0,1,0,0,3,,,
ORD-2092,VND-002,Apparel,02/06/2025,10/06/2025,10/06/2025,Delivered,32,250,International,8000,June,8,0,0,0,1,0,32,,,
ORD-2093,VND-014,Electronics,02/06/2025,10/06/2025,,Cancelled,6,3000,South,18000,June,,,1,0,0,0,0,,,
ORD-2094,VND-001,Electronics,02/06/2025,08/06/2025,,Cancelled,10,1100,South,11000,June,,,1,0,0,0,0,,,
ORD-2095,VND-008,Furniture,02/06/2025,06/06/2025,,Cancelled,1,4500,West,4500,June,,,1,0,0,0,0,,,
ORD-2096,VND-003,Office Supplies,02/06/2025,10/06/2025,,Cancelled,24,22,East,528,June,,,1,0,0,0,0,,,
ORD-2097,VND-003,Furniture,02/06/2025,08/06/2025,07/06/2025,Delivered,2,12000,North,24000,June,5,-1,0,0,0,1,2,,,
ORD-2098,VND-006,Apparel,02/06/2025,08/06/2025,,In Transit,29,110,North,3190,June,,,1,0,0,0,0,,,
ORD-2099,VND-013,Furniture,02/06/2025,11/06/2025,11/06/2025,Delivered,3,15000,Central,45000,June,9,0,0,0,1,0,3,,,
ORD-2100,VND-008,Furniture,02/06/2025,11/06/2025,,Cancelled,3,6500,Central,19500,June,,,1,0,0,0,0,,,
ORD-2101,VND-013,Apparel,03/06/2025,08/06/2025,08/06/2025,Delivered,13,140,West,1820,June,5,0,0,0,1,0,13,,,
ORD-2102,VND-015,Furniture,03/06/2025,08/06/2025,11/06/2025,Delivered,3,7000,North,21000,June,8,3,0,1,0,0,3,,,
ORD-2103,VND-009,Electronics,03/06/2025,10/06/2025,12/06/2025,Delivered,1,5000,West,5000,June,9,2,0,1,0,0,1,,,
ORD-2104,VND-009,Office Supplies,03/06/2025,12/06/2025,10/06/2025,Delivered,65,30,East,1950,June,7,-2,0,0,0,1,65,,,
ORD-2105,VND-004,Furniture,03/06/2025,09/06/2025,08/06/2025,Delivered,3,8000,South,24000,June,5,-1,0,0,0,1,3,,,
ORD-2106,VND-014,Apparel,03/06/2025,11/06/2025,,In Transit,44,110,North,4840,June,,,1,0,0,0,0,,,
ORD-2107,VND-005,Office Supplies,03/06/2025,09/06/2025,,In Transit,97,80,International,7760,June,,,1,0,0,0,0,,,
ORD-2108,VND-002,Apparel,03/06/2025,11/06/2025,12/06/2025,Delivered,10,60,East,600,June,9,1,0,1,0,0,10,,,
ORD-2109,VND-011,Office Supplies,03/06/2025,09/06/2025,,In Transit,63,50,North,3150,June,,,1,0,0,0,0,,,
ORD-2110,VND-009,Office Supplies,03/06/2025,08/06/2025,09/06/2025,Delivered,20,30,International,600,June,6,1,0,1,0,0,20,,,
ORD-2111,VND-008,Furniture,03/06/2025,09/06/2025,11/06/2025,Delivered,2,4500,Central,9000,June,8,2,0,1,0,0,2,,,
ORD-2112,VND-003,Electronics,04/06/2025,11/06/2025,10/06/2025,Delivered,10,7200,West,72000,June,6,-1,0,0,0,1,10,,,
ORD-2113,VND-011,Furniture,04/06/2025,10/06/2025,,In Transit,1,18000,Central,18000,June,,,1,0,0,0,0,,,
ORD-2114,VND-012,Apparel,04/06/2025,12/06/2025,14/06/2025,Delivered,15,180,South,2700,June,10,2,0,1,0,0,15,,,
ORD-2115,VND-013,Apparel,04/06/2025,13/06/2025,14/06/2025,Delivered,18,180,Central,3240,June,10,1,0,1,0,0,18,,,
ORD-2116,VND-009,Office Supplies,04/06/2025,10/06/2025,13/06/2025,Delivered,51,18,North,918,June,9,3,0,1,0,0,51,,,
ORD-2117,VND-003,Office Supplies,04/06/2025,12/06/2025,13/06/2025,Delivered,92,40,International,3680,June,9,1,0,1,0,0,92,,,
ORD-2118,VND-009,Electronics,04/06/2025,08/06/2025,10/06/2025,Delivered,5,3100,Central,15500,June,6,2,0,1,0,0,5,,,
ORD-2119,VND-002,Furniture,04/06/2025,11/06/2025,09/06/2025,Delivered,2,14000,North,28000,June,5,-2,0,0,0,1,2,,,
ORD-2120,VND-012,Apparel,04/06/2025,11/06/2025,13/06/2025,Delivered,41,130,South,5330,June,9,2,0,1,0,0,41,,,
ORD-2121,VND-010,Office Supplies,04/06/2025,08/06/2025,09/06/2025,Delivered,56,80,International,4480,June,5,1,0,1,0,0,56,,,
ORD-2122,VND-009,Electronics,04/06/2025,10/06/2025,,Cancelled,2,29000,Central,58000,June,,,1,0,0,0,0,,,
ORD-2123,VND-015,Apparel,04/06/2025,08/06/2025,09/06/2025,Delivered,40,250,West,10000,June,5,1,0,1,0,0,40,,,
ORD-2124,VND-008,Office Supplies,04/06/2025,10/06/2025,08/06/2025,Delivered,80,30,West,2400,June,4,-2,0,0,0,1,80,,,
ORD-2125,VND-009,Apparel,04/06/2025,11/06/2025,13/06/2025,Delivered,38,220,International,8360,June,9,2,0,1,0,0,38,,,
ORD-2126,VND-005,Electronics,04/06/2025,08/06/2025,,In Transit,5,45000,West,225000,June,,,1,0,0,0,0,,,
ORD-2127,VND-011,Electronics,04/06/2025,08/06/2025,08/06/2025,Delivered,1,2400,Central,2400,June,4,0,0,0,1,0,1,,,
ORD-2128,VND-011,Apparel,04/06/2025,13/06/2025,,In Transit,46,45,Central,2070,June,,,1,0,0,0,0,,,
ORD-2129,VND-002,Furniture,05/06/2025,14/06/2025,15/06/2025,Delivered,3,18000,International,54000,June,10,1,0,1,0,0,3,,,
ORD-2130,VND-008,Apparel,05/06/2025,13/06/2025,13/06/2025,Delivered,13,60,Central,780,June,8,0,0,0,1,0,13,,,
ORD-2131,VND-012,Office Supplies,05/06/2025,09/06/2025,12/06/2025,Delivered,110,18,North,1980,June,7,3,0,1,0,0,110,,,
ORD-2132,VND-015,Furniture,05/06/2025,11/06/2025,11/06/2025,Delivered,2,4500,South,9000,June,6,0,0,0,1,0,2,,,
ORD-2133,VND-006,Office Supplies,05/06/2025,11/06/2025,09/06/2025,Delivered,27,40,West,1080,June,4,-2,0,0,0,1,27,,,
ORD-2134,VND-008,Apparel,05/06/2025,10/06/2025,10/06/2025,Delivered,27,195,North,5265,June,5,0,0,0,1,0,27,,,
ORD-2135,VND-011,Furniture,05/06/2025,10/06/2025,,Cancelled,1,6500,International,6500,June,,,1,0,0,0,0,,,
ORD-2136,VND-005,Office Supplies,05/06/2025,14/06/2025,,In Transit,30,30,West,900,June,,,1,0,0,0,0,,,
ORD-2137,VND-010,Apparel,05/06/2025,13/06/2025,16/06/2025,Delivered,52,140,North,7280,June,11,3,0,1,0,0,52,,,
ORD-2138,VND-002,Apparel,05/06/2025,13/06/2025,15/06/2025,Delivered,27,220,Central,5940,June,10,2,0,1,0,0,27,,,
ORD-2139,VND-006,Furniture,05/06/2025,14/06/2025,15/06/2025,Delivered,1,15000,International,15000,June,10,1,0,1,0,0,1,,,
ORD-2140,VND-005,Apparel,05/06/2025,09/06/2025,08/06/2025,Delivered,27,140,International,3780,June,3,-1,0,0,0,1,27,,,
ORD-2141,VND-012,Electronics,05/06/2025,12/06/2025,11/06/2025,Delivered,3,1100,West,3300,June,6,-1,0,0,0,1,3,,,
ORD-2142,VND-013,Office Supplies,05/06/2025,09/06/2025,,Cancelled,69,500,Central,34500,June,,,1,0,0,0,0,,,
ORD-2143,VND-012,Office Supplies,05/06/2025,11/06/2025,,Cancelled,92,45,West,4140,June,,,1,0,0,0,0,,,
ORD-2144,VND-005,Apparel,05/06/2025,14/06/2025,15/06/2025,Delivered,25,220,East,5500,June,10,1,0,1,0,0,25,,,
ORD-2145,VND-013,Apparel,05/06/2025,09/06/2025,,In Transit,54,75,North,4050,June,,,1,0,0,0,0,,,
ORD-2146,VND-001,Electronics,06/06/2025,15/06/2025,16/06/2025,Delivered,4,13500,East,54000,June,10,1,0,1,0,0,4,,,
ORD-2147,VND-002,Furniture,06/06/2025,14/06/2025,15/06/2025,Delivered,1,18000,North,18000,June,9,1,0,1,0,0,1,,,
ORD-2148,VND-008,Apparel,06/06/2025,12/06/2025,12/06/2025,Delivered,40,90,South,3600,June,6,0,0,0,1,0,40,,,
ORD-2149,VND-013,Apparel,06/06/2025,11/06/2025,12/06/2025,Delivered,13,180,International,2340,June,6,1,0,1,0,0,13,,,
ORD-2150,VND-014,Apparel,06/06/2025,14/06/2025,14/06/2025,Delivered,6,140,West,840,June,8,0,0,0,1,0,6,,,
ORD-2151,VND-013,Apparel,06/06/2025,11/06/2025,13/06/2025,Delivered,10,140,South,1400,June,7,2,0,1,0,0,10,,,
ORD-2152,VND-003,Office Supplies,06/06/2025,14/06/2025,16/06/2025,Delivered,50,22,South,1100,June,10,2,0,1,0,0,50,,,
ORD-2153,VND-010,Apparel,06/06/2025,10/06/2025,10/06/2025,Delivered,50,110,International,5500,June,4,0,0,0,1,0,50,,,
ORD-2154,VND-003,Office Supplies,06/06/2025,10/06/2025,,Cancelled,29,50,International,1450,June,,,1,0,0,0,0,,,
ORD-2155,VND-008,Apparel,06/06/2025,10/06/2025,10/06/2025,Delivered,38,250,North,9500,June,4,0,0,0,1,0,38,,,
ORD-2156,VND-008,Furniture,06/06/2025,13/06/2025,16/06/2025,Delivered,1,16500,East,16500,June,10,3,0,1,0,0,1,,,
ORD-2157,VND-002,Electronics,06/06/2025,11/06/2025,14/06/2025,Delivered,1,2400,Central,2400,June,8,3,0,1,0,0,1,,,
ORD-2158,VND-008,Furniture,06/06/2025,15/06/2025,18/06/2025,Delivered,1,15000,North,15000,June,12,3,0,1,0,0,1,,,
ORD-2159,VND-011,Apparel,06/06/2025,15/06/2025,15/06/2025,Delivered,26,90,Central,2340,June,9,0,0,0,1,0,26,,,
ORD-2160,VND-013,Apparel,06/06/2025,15/06/2025,,In Transit,52,60,South,3120,June,,,1,0,0,0,0,,,
ORD-2161,VND-013,Apparel,06/06/2025,11/06/2025,12/06/2025,Delivered,20,110,Central,2200,June,6,1,0,1,0,0,20,,,
ORD-2162,VND-001,Furniture,06/06/2025,12/06/2025,,Cancelled,2,18000,East,36000,June,,,1,0,0,0,0,,,
ORD-2163,VND-006,Apparel,06/06/2025,15/06/2025,17/06/2025,Delivered,5,180,North,900,June,11,2,0,1,0,0,5,,,
ORD-2164,VND-008,Furniture,06/06/2025,12/06/2025,13/06/2025,Delivered,3,4500,International,13500,June,7,1,0,1,0,0,3,,,
ORD-2165,VND-003,Office Supplies,06/06/2025,15/06/2025,,In Transit,88,40,East,3520,June,,,1,0,0,0,0,,,
ORD-2166,VND-008,Electronics,06/06/2025,10/06/2025,,In Transit,2,2400,East,4800,June,,,1,0,0,0,0,,,
ORD-2167,VND-012,Electronics,06/06/2025,12/06/2025,,Cancelled,4,13500,North,54000,June,,,1,0,0,0,0,,,
ORD-2168,VND-001,Furniture,07/06/2025,15/06/2025,15/06/2025,Delivered,3,3800,International,11400,June,8,0,0,0,1,0,3,,,
ORD-2169,VND-011,Office Supplies,07/06/2025,11/06/2025,,Cancelled,9,12,East,108,June,,,1,0,0,0,0,,,
ORD-2170,VND-011,Furniture,07/06/2025,13/06/2025,,In Transit,2,6500,International,13000,June,,,1,0,0,0,0,,,
ORD-2171,VND-009,Office Supplies,07/06/2025,15/06/2025,,In Transit,88,150,West,13200,June,,,1,0,0,0,0,,,
ORD-2172,VND-013,Apparel,07/06/2025,14/06/2025,16/06/2025,Delivered,28,320,West,8960,June,9,2,0,1,0,0,28,,,
ORD-2173,VND-011,Office Supplies,07/06/2025,14/06/2025,16/06/2025,Delivered,37,22,West,814,June,9,2,0,1,0,0,37,,,
ORD-2174,VND-013,Office Supplies,07/06/2025,12/06/2025,,Cancelled,49,40,Central,1960,June,,,1,0,0,0,0,,,
ORD-2175,VND-009,Office Supplies,07/06/2025,13/06/2025,13/06/2025,Delivered,113,15,East,1695,June,6,0,0,0,1,0,113,,,
ORD-2176,VND-005,Electronics,07/06/2025,11/06/2025,10/06/2025,Delivered,6,3100,North,18600,June,3,-1,0,0,0,1,6,,,
ORD-2177,VND-010,Office Supplies,07/06/2025,11/06/2025,11/06/2025,Delivered,78,150,North,11700,June,4,0,0,0,1,0,78,,,
ORD-2178,VND-004,Apparel,08/06/2025,12/06/2025,13/06/2025,Delivered,53,320,Central,16960,June,5,1,0,1,0,0,53,,,
ORD-2179,VND-015,Apparel,08/06/2025,13/06/2025,15/06/2025,Delivered,53,60,North,3180,June,7,2,0,1,0,0,53,,,
ORD-2180,VND-011,Apparel,08/06/2025,15/06/2025,18/06/2025,Delivered,50,250,West,12500,June,10,3,0,1,0,0,50,,,
ORD-2181,VND-006,Office Supplies,08/06/2025,16/06/2025,,In Transit,9,25,East,225,June,,,1,0,0,0,0,,,
ORD-2182,VND-012,Furniture,08/06/2025,12/06/2025,12/06/2025,Delivered,1,18000,North,18000,June,4,0,0,0,1,0,1,,,
ORD-2183,VND-007,Furniture,08/06/2025,15/06/2025,14/06/2025,Delivered,2,9500,North,19000,June,6,-1,0,0,0,1,2,,,
ORD-2184,VND-005,Apparel,08/06/2025,16/06/2025,19/06/2025,Delivered,39,90,South,3510,June,11,3,0,1,0,0,39,,,
ORD-2185,VND-011,Electronics,08/06/2025,15/06/2025,15/06/2025,Delivered,1,3000,South,3000,June,7,0,0,0,1,0,1,,,
ORD-2186,VND-013,Furniture,09/06/2025,14/06/2025,13/06/2025,Delivered,3,16500,South,49500,June,4,-1,0,0,0,1,3,,,
ORD-2187,VND-010,Office Supplies,09/06/2025,17/06/2025,18/06/2025,Delivered,104,500,East,52000,June,9,1,0,1,0,0,104,,,
ORD-2188,VND-009,Furniture,09/06/2025,16/06/2025,15/06/2025,Delivered,1,16500,West,16500,June,6,-1,0,0,0,1,1,,,
ORD-2189,VND-003,Apparel,09/06/2025,13/06/2025,,Cancelled,41,45,International,1845,June,,,1,0,0,0,0,,,
ORD-2190,VND-015,Electronics,09/06/2025,14/06/2025,14/06/2025,Delivered,5,8500,West,42500,June,5,0,0,0,1,0,5,,,
ORD-2191,VND-007,Furniture,09/06/2025,16/06/2025,18/06/2025,Delivered,1,4500,West,4500,June,9,2,0,1,0,0,1,,,
ORD-2192,VND-010,Furniture,09/06/2025,16/06/2025,15/06/2025,Delivered,1,4500,East,4500,June,6,-1,0,0,0,1,1,,,
ORD-2193,VND-010,Apparel,09/06/2025,15/06/2025,13/06/2025,Delivered,30,195,East,5850,June,4,-2,0,0,0,1,30,,,
ORD-2194,VND-011,Electronics,09/06/2025,16/06/2025,,In Transit,5,29000,South,145000,June,,,1,0,0,0,0,,,
ORD-2195,VND-005,Electronics,09/06/2025,14/06/2025,,In Transit,8,13500,North,108000,June,,,1,0,0,0,0,,,
ORD-2196,VND-014,Apparel,09/06/2025,18/06/2025,17/06/2025,Delivered,6,90,Central,540,June,8,-1,0,0,0,1,6,,,
ORD-2197,VND-007,Office Supplies,09/06/2025,14/06/2025,14/06/2025,Delivered,19,95,Central,1805,June,5,0,0,0,1,0,19,,,
ORD-2198,VND-015,Furniture,09/06/2025,14/06/2025,13/06/2025,Delivered,3,15000,International,45000,June,4,-1,0,0,0,1,3,,,
ORD-2199,VND-002,Office Supplies,09/06/2025,14/06/2025,15/06/2025,Delivered,81,95,North,7695,June,6,1,0,1,0,0,81,,,
ORD-2200,VND-004,Furniture,10/06/2025,15/06/2025,,Cancelled,2,16500,International,33000,June,,,1,0,0,0,0,,,
ORD-2201,VND-002,Furniture,10/06/2025,16/06/2025,19/06/2025,Delivered,3,9500,South,28500,June,9,3,0,1,0,0,3,,,
ORD-2202,VND-014,Office Supplies,10/06/2025,17/06/2025,20/06/2025,Delivered,60,30,International,1800,June,10,3,0,1,0,0,60,,,
ORD-2203,VND-013,Apparel,10/06/2025,15/06/2025,13/06/2025,Delivered,37,110,North,4070,June,3,-2,0,0,0,1,37,,,
ORD-2204,VND-013,Apparel,10/06/2025,19/06/2025,19/06/2025,Delivered,34,110,North,3740,June,9,0,0,0,1,0,34,,,
ORD-2205,VND-012,Furniture,10/06/2025,14/06/2025,14/06/2025,Delivered,3,16500,Central,49500,June,4,0,0,0,1,0,3,,,
ORD-2206,VND-007,Apparel,10/06/2025,14/06/2025,13/06/2025,Delivered,26,90,South,2340,June,3,-1,0,0,0,1,26,,,
ORD-2207,VND-002,Furniture,10/06/2025,14/06/2025,,In Transit,2,7000,East,14000,June,,,1,0,0,0,0,,,
ORD-2208,VND-013,Apparel,10/06/2025,19/06/2025,17/06/2025,Delivered,44,250,International,11000,June,7,-2,0,0,0,1,44,,,
ORD-2209,VND-014,Furniture,10/06/2025,16/06/2025,15/06/2025,Delivered,3,6500,Central,19500,June,5,-1,0,0,0,1,3,,,
ORD-2210,VND-011,Apparel,10/06/2025,16/06/2025,15/06/2025,Delivered,44,60,International,2640,June,5,-1,0,0,0,1,44,,,
ORD-2211,VND-001,Electronics,11/06/2025,20/06/2025,,Cancelled,6,7200,International,43200,June,,,1,0,0,0,0,,,
ORD-2212,VND-009,Office Supplies,11/06/2025,19/06/2025,20/06/2025,Delivered,24,30,East,720,June,9,1,0,1,0,0,24,,,
ORD-2213,VND-001,Electronics,11/06/2025,20/06/2025,,In Transit,9,13500,South,121500,June,,,1,0,0,0,0,,,
ORD-2214,VND-008,Office Supplies,11/06/2025,20/06/2025,,In Transit,97,15,North,1455,June,,,1,0,0,0,0,,,
ORD-2215,VND-015,Office Supplies,11/06/2025,18/06/2025,,Cancelled,18,350,West,6300,June,,,1,0,0,0,0,,,
ORD-2216,VND-002,Furniture,11/06/2025,17/06/2025,20/06/2025,Delivered,1,4500,International,4500,June,9,3,0,1,0,0,1,,,
ORD-2217,VND-012,Office Supplies,11/06/2025,16/06/2025,14/06/2025,Delivered,108,30,West,3240,June,3,-2,0,0,0,1,108,,,
ORD-2218,VND-008,Electronics,11/06/2025,20/06/2025,21/06/2025,Delivered,1,5000,South,5000,June,10,1,0,1,0,0,1,,,
ORD-2219,VND-013,Electronics,11/06/2025,20/06/2025,20/06/2025,Delivered,4,8500,West,34000,June,9,0,0,0,1,0,4,,,
ORD-2220,VND-003,Apparel,11/06/2025,17/06/2025,17/06/2025,Delivered,19,130,International,2470,June,6,0,0,0,1,0,19,,,
ORD-2221,VND-006,Electronics,11/06/2025,16/06/2025,19/06/2025,Delivered,9,1100,East,9900,June,8,3,0,1,0,0,9,,,
ORD-2222,VND-003,Apparel,11/06/2025,17/06/2025,,Cancelled,22,130,West,2860,June,,,1,0,0,0,0,,,
ORD-2223,VND-014,Office Supplies,11/06/2025,19/06/2025,17/06/2025,Delivered,38,22,South,836,June,6,-2,0,0,0,1,38,,,
ORD-2224,VND-007,Electronics,11/06/2025,17/06/2025,16/06/2025,Delivered,9,1800,South,16200,June,5,-1,0,0,0,1,9,,,
ORD-2225,VND-010,Office Supplies,11/06/2025,15/06/2025,13/06/2025,Delivered,104,95,East,9880,June,2,-2,0,0,0,1,104,,,
ORD-2226,VND-009,Electronics,12/06/2025,19/06/2025,19/06/2025,Delivered,1,45000,West,45000,June,7,0,0,0,1,0,1,,,
ORD-2227,VND-002,Electronics,12/06/2025,18/06/2025,21/06/2025,Delivered,9,8500,West,76500,June,9,3,0,1,0,0,9,,,
ORD-2228,VND-015,Apparel,12/06/2025,17/06/2025,19/06/2025,Delivered,9,60,North,540,June,7,2,0,1,0,0,9,,,
ORD-2229,VND-012,Office Supplies,12/06/2025,21/06/2025,23/06/2025,Delivered,16,350,Central,5600,June,11,2,0,1,0,0,16,,,
ORD-2230,VND-012,Electronics,12/06/2025,19/06/2025,21/06/2025,Delivered,8,29000,South,232000,June,9,2,0,1,0,0,8,,,
ORD-2231,VND-015,Furniture,12/06/2025,17/06/2025,,Cancelled,2,16500,North,33000,June,,,1,0,0,0,0,,,
ORD-2232,VND-014,Office Supplies,12/06/2025,19/06/2025,,In Transit,29,40,South,1160,June,,,1,0,0,0,0,,,
ORD-2233,VND-005,Office Supplies,12/06/2025,18/06/2025,,Cancelled,67,30,North,2010,June,,,1,0,0,0,0,,,
ORD-2234,VND-013,Office Supplies,12/06/2025,20/06/2025,19/06/2025,Delivered,44,22,Central,968,June,7,-1,0,0,0,1,44,,,
ORD-2235,VND-006,Apparel,12/06/2025,17/06/2025,17/06/2025,Delivered,43,90,North,3870,June,5,0,0,0,1,0,43,,,
ORD-2236,VND-004,Furniture,12/06/2025,17/06/2025,18/06/2025,Delivered,2,16500,South,33000,June,6,1,0,1,0,0,2,,,
ORD-2237,VND-004,Office Supplies,12/06/2025,19/06/2025,22/06/2025,Delivered,97,50,West,4850,June,10,3,0,1,0,0,97,,,
ORD-2238,VND-004,Electronics,12/06/2025,16/06/2025,16/06/2025,Delivered,5,7200,South,36000,June,4,0,0,0,1,0,5,,,
ORD-2239,VND-002,Electronics,12/06/2025,17/06/2025,19/06/2025,Delivered,6,2400,International,14400,June,7,2,0,1,0,0,6,,,
ORD-2240,VND-004,Apparel,13/06/2025,22/06/2025,23/06/2025,Delivered,16,75,East,1200,June,10,1,0,1,0,0,16,,,
ORD-2241,VND-011,Electronics,13/06/2025,19/06/2025,19/06/2025,Delivered,6,1100,East,6600,June,6,0,0,0,1,0,6,,,
ORD-2242,VND-001,Office Supplies,13/06/2025,20/06/2025,,In Transit,9,40,International,360,June,,,1,0,0,0,0,,,
ORD-2243,VND-012,Electronics,13/06/2025,17/06/2025,17/06/2025,Delivered,4,3000,East,12000,June,4,0,0,0,1,0,4,,,
ORD-2244,VND-006,Office Supplies,13/06/2025,18/06/2025,20/06/2025,Delivered,22,95,East,2090,June,7,2,0,1,0,0,22,,,
ORD-2245,VND-001,Electronics,13/06/2025,21/06/2025,22/06/2025,Delivered,10,1100,Central,11000,June,9,1,0,1,0,0,10,,,
ORD-2246,VND-010,Furniture,13/06/2025,19/06/2025,21/06/2025,Delivered,2,7000,West,14000,June,8,2,0,1,0,0,2,,,
ORD-2247,VND-006,Apparel,13/06/2025,19/06/2025,20/06/2025,Delivered,28,220,West,6160,June,7,1,0,1,0,0,28,,,
ORD-2248,VND-001,Apparel,13/06/2025,17/06/2025,19/06/2025,Delivered,34,75,South,2550,June,6,2,0,1,0,0,34,,,
ORD-2249,VND-006,Furniture,13/06/2025,18/06/2025,21/06/2025,Delivered,3,21000,International,63000,June,8,3,0,1,0,0,3,,,
ORD-2250,VND-010,Furniture,13/06/2025,20/06/2025,,In Transit,1,6500,North,6500,June,,,1,0,0,0,0,,,
ORD-2251,VND-008,Apparel,13/06/2025,22/06/2025,20/06/2025,Delivered,44,110,South,4840,June,7,-2,0,0,0,1,44,,,
ORD-2252,VND-011,Furniture,13/06/2025,18/06/2025,21/06/2025,Delivered,2,21000,South,42000,June,8,3,0,1,0,0,2,,,
ORD-2253,VND-002,Office Supplies,13/06/2025,18/06/2025,20/06/2025,Delivered,85,40,South,3400,June,7,2,0,1,0,0,85,,,
ORD-2254,VND-002,Electronics,14/06/2025,20/06/2025,21/06/2025,Delivered,8,3000,South,24000,June,7,1,0,1,0,0,8,,,
ORD-2255,VND-014,Apparel,14/06/2025,19/06/2025,,In Transit,12,320,West,3840,June,,,1,0,0,0,0,,,
ORD-2256,VND-015,Furniture,14/06/2025,22/06/2025,20/06/2025,Delivered,3,6500,North,19500,June,6,-2,0,0,0,1,3,,,
ORD-2257,VND-013,Office Supplies,14/06/2025,19/06/2025,17/06/2025,Delivered,55,500,South,27500,June,3,-2,0,0,0,1,55,,,
ORD-2258,VND-012,Apparel,14/06/2025,21/06/2025,23/06/2025,Delivered,32,140,West,4480,June,9,2,0,1,0,0,32,,,
ORD-2259,VND-004,Furniture,14/06/2025,18/06/2025,18/06/2025,Delivered,3,4500,South,13500,June,4,0,0,0,1,0,3,,,
ORD-2260,VND-011,Apparel,14/06/2025,23/06/2025,,In Transit,28,130,East,3640,June,,,1,0,0,0,0,,,
ORD-2261,VND-003,Furniture,14/06/2025,18/06/2025,16/06/2025,Delivered,2,6500,South,13000,June,2,-2,0,0,0,1,2,,,
ORD-2262,VND-004,Apparel,14/06/2025,22/06/2025,24/06/2025,Delivered,8,140,International,1120,June,10,2,0,1,0,0,8,,,
ORD-2263,VND-013,Office Supplies,14/06/2025,19/06/2025,22/06/2025,Delivered,74,12,International,888,June,8,3,0,1,0,0,74,,,
ORD-2264,VND-012,Office Supplies,14/06/2025,18/06/2025,16/06/2025,Delivered,58,95,South,5510,June,2,-2,0,0,0,1,58,,,
ORD-2265,VND-007,Electronics,14/06/2025,22/06/2025,,In Transit,10,3100,Central,31000,June,,,1,0,0,0,0,,,
ORD-2266,VND-013,Apparel,15/06/2025,21/06/2025,,In Transit,30,320,East,9600,June,,,1,0,0,0,0,,,
ORD-2267,VND-011,Electronics,15/06/2025,23/06/2025,23/06/2025,Delivered,3,3100,North,9300,June,8,0,0,0,1,0,3,,,
ORD-2268,VND-001,Apparel,15/06/2025,24/06/2025,26/06/2025,Delivered,15,90,South,1350,June,11,2,0,1,0,0,15,,,
ORD-2269,VND-006,Furniture,15/06/2025,24/06/2025,25/06/2025,Delivered,1,7000,North,7000,June,10,1,0,1,0,0,1,,,
ORD-2270,VND-015,Furniture,15/06/2025,19/06/2025,22/06/2025,Delivered,2,16500,East,33000,June,7,3,0,1,0,0,2,,,
ORD-2271,VND-015,Electronics,15/06/2025,21/06/2025,22/06/2025,Delivered,2,2400,South,4800,June,7,1,0,1,0,0,2,,,
ORD-2272,VND-003,Apparel,15/06/2025,21/06/2025,20/06/2025,Delivered,16,90,Central,1440,June,5,-1,0,0,0,1,16,,,
ORD-2273,VND-011,Electronics,15/06/2025,20/06/2025,18/06/2025,Delivered,7,3000,West,21000,June,3,-2,0,0,0,1,7,,,
ORD-2274,VND-010,Office Supplies,15/06/2025,22/06/2025,23/06/2025,Delivered,79,40,Central,3160,June,8,1,0,1,0,0,79,,,
ORD-2275,VND-007,Electronics,15/06/2025,20/06/2025,18/06/2025,Delivered,10,8500,Central,85000,June,3,-2,0,0,0,1,10,,,
ORD-2276,VND-010,Electronics,16/06/2025,25/06/2025,24/06/2025,Delivered,8,8500,West,68000,June,8,-1,0,0,0,1,8,,,
ORD-2277,VND-002,Furniture,16/06/2025,23/06/2025,23/06/2025,Delivered,1,16500,West,16500,June,7,0,0,0,1,0,1,,,
ORD-2278,VND-014,Electronics,16/06/2025,23/06/2025,21/06/2025,Delivered,3,3000,International,9000,June,5,-2,0,0,0,1,3,,,
ORD-2279,VND-002,Apparel,16/06/2025,23/06/2025,25/06/2025,Delivered,12,220,West,2640,June,9,2,0,1,0,0,12,,,
ORD-2280,VND-013,Furniture,16/06/2025,23/06/2025,25/06/2025,Delivered,3,4500,South,13500,June,9,2,0,1,0,0,3,,,
ORD-2281,VND-004,Electronics,16/06/2025,21/06/2025,24/06/2025,Delivered,6,2400,North,14400,June,8,3,0,1,0,0,6,,,
ORD-2282,VND-001,Office Supplies,16/06/2025,24/06/2025,25/06/2025,Delivered,53,25,International,1325,June,9,1,0,1,0,0,53,,,
ORD-2283,VND-003,Electronics,16/06/2025,25/06/2025,,In Transit,4,2400,International,9600,June,,,1,0,0,0,0,,,
ORD-2284,VND-013,Electronics,16/06/2025,25/06/2025,26/06/2025,Delivered,4,29000,North,116000,June,10,1,0,1,0,0,4,,,
ORD-2285,VND-009,Electronics,16/06/2025,23/06/2025,21/06/2025,Delivered,2,1100,International,2200,June,5,-2,0,0,0,1,2,,,
ORD-2286,VND-007,Furniture,16/06/2025,21/06/2025,23/06/2025,Delivered,2,12000,West,24000,June,7,2,0,1,0,0,2,,,
ORD-2287,VND-015,Apparel,16/06/2025,22/06/2025,24/06/2025,Delivered,48,45,Central,2160,June,8,2,0,1,0,0,48,,,
ORD-2288,VND-007,Office Supplies,16/06/2025,23/06/2025,23/06/2025,Delivered,107,15,East,1605,June,7,0,0,0,1,0,107,,,
ORD-2289,VND-013,Electronics,16/06/2025,22/06/2025,24/06/2025,Delivered,3,5000,West,15000,June,8,2,0,1,0,0,3,,,
ORD-2290,VND-013,Apparel,16/06/2025,24/06/2025,26/06/2025,Delivered,42,130,Central,5460,June,10,2,0,1,0,0,42,,,
ORD-2291,VND-011,Apparel,16/06/2025,24/06/2025,23/06/2025,Delivered,12,180,Central,2160,June,7,-1,0,0,0,1,12,,,
ORD-2292,VND-004,Furniture,16/06/2025,20/06/2025,18/06/2025,Delivered,2,3800,International,7600,June,2,-2,0,0,0,1,2,,,
ORD-2293,VND-002,Office Supplies,16/06/2025,24/06/2025,22/06/2025,Delivered,20,40,South,800,June,6,-2,0,0,0,1,20,,,
ORD-2294,VND-015,Furniture,17/06/2025,25/06/2025,27/06/2025,Delivered,1,18000,South,18000,June,10,2,0,1,0,0,1,,,
ORD-2295,VND-014,Apparel,17/06/2025,25/06/2025,28/06/2025,Delivered,8,140,International,1120,June,11,3,0,1,0,0,8,,,
ORD-2296,VND-004,Apparel,17/06/2025,22/06/2025,23/06/2025,Delivered,16,250,International,4000,June,6,1,0,1,0,0,16,,,
ORD-2297,VND-006,Apparel,17/06/2025,21/06/2025,,In Transit,17,130,North,2210,June,,,1,0,0,0,0,,,
ORD-2298,VND-011,Furniture,17/06/2025,21/06/2025,20/06/2025,Delivered,2,6500,North,13000,June,3,-1,0,0,0,1,2,,,
ORD-2299,VND-011,Office Supplies,17/06/2025,22/06/2025,,Cancelled,65,22,East,1430,June,,,1,0,0,0,0,,,
ORD-2300,VND-003,Electronics,17/06/2025,25/06/2025,27/06/2025,Delivered,5,8500,East,42500,June,10,2,0,1,0,0,5,,,
ORD-2301,VND-001,Furniture,17/06/2025,26/06/2025,,Cancelled,3,9500,East,28500,June,,,1,0,0,0,0,,,
ORD-2302,VND-014,Apparel,17/06/2025,26/06/2025,27/06/2025,Delivered,14,45,East,630,June,10,1,0,1,0,0,14,,,
ORD-2303,VND-012,Furniture,17/06/2025,21/06/2025,20/06/2025,Delivered,3,16500,Central,49500,June,3,-1,0,0,0,1,3,,,
ORD-2304,VND-008,Apparel,17/06/2025,24/06/2025,22/06/2025,Delivered,34,320,Central,10880,June,5,-2,0,0,0,1,34,,,
ORD-2305,VND-012,Electronics,17/06/2025,24/06/2025,25/06/2025,Delivered,7,5000,North,35000,June,8,1,0,1,0,0,7,,,
ORD-2306,VND-013,Electronics,17/06/2025,25/06/2025,26/06/2025,Delivered,2,1800,South,3600,June,9,1,0,1,0,0,2,,,
ORD-2307,VND-005,Office Supplies,17/06/2025,25/06/2025,23/06/2025,Delivered,86,40,International,3440,June,6,-2,0,0,0,1,86,,,
ORD-2308,VND-015,Apparel,18/06/2025,27/06/2025,25/06/2025,Delivered,48,130,South,6240,June,7,-2,0,0,0,1,48,,,
ORD-2309,VND-005,Office Supplies,18/06/2025,26/06/2025,,In Transit,46,80,West,3680,June,,,1,0,0,0,0,,,
ORD-2310,VND-011,Office Supplies,18/06/2025,27/06/2025,27/06/2025,Delivered,61,150,Central,9150,June,9,0,0,0,1,0,61,,,
ORD-2311,VND-004,Electronics,18/06/2025,27/06/2025,,In Transit,4,13500,East,54000,June,,,1,0,0,0,0,,,
ORD-2312,VND-006,Furniture,18/06/2025,25/06/2025,23/06/2025,Delivered,1,12000,East,12000,June,5,-2,0,0,0,1,1,,,
ORD-2313,VND-003,Furniture,18/06/2025,25/06/2025,28/06/2025,Delivered,1,4500,West,4500,June,10,3,0,1,0,0,1,,,
ORD-2314,VND-009,Office Supplies,18/06/2025,24/06/2025,25/06/2025,Delivered,48,500,South,24000,June,7,1,0,1,0,0,48,,,
ORD-2315,VND-005,Electronics,18/06/2025,24/06/2025,23/06/2025,Delivered,7,8500,East,59500,June,5,-1,0,0,0,1,7,,,
ORD-2316,VND-003,Apparel,18/06/2025,24/06/2025,22/06/2025,Delivered,31,195,South,6045,June,4,-2,0,0,0,1,31,,,
ORD-2317,VND-011,Furniture,18/06/2025,27/06/2025,,In Transit,2,8000,International,16000,June,,,1,0,0,0,0,,,
ORD-2318,VND-001,Office Supplies,18/06/2025,26/06/2025,28/06/2025,Delivered,14,25,West,350,June,10,2,0,1,0,0,14,,,
ORD-2319,VND-010,Furniture,18/06/2025,25/06/2025,28/06/2025,Delivered,3,6500,South,19500,June,10,3,0,1,0,0,3,,,
ORD-2320,VND-012,Furniture,18/06/2025,23/06/2025,,In Transit,2,14000,International,28000,June,,,1,0,0,0,0,,,
ORD-2321,VND-006,Apparel,18/06/2025,25/06/2025,25/06/2025,Delivered,13,250,South,3250,June,7,0,0,0,1,0,13,,,
ORD-2322,VND-015,Electronics,18/06/2025,26/06/2025,,Cancelled,6,1200,South,7200,June,,,1,0,0,0,0,,,
ORD-2323,VND-002,Apparel,19/06/2025,25/06/2025,,Cancelled,39,250,East,9750,June,,,1,0,0,0,0,,,
ORD-2324,VND-013,Electronics,19/06/2025,27/06/2025,29/06/2025,Delivered,10,29000,North,290000,June,10,2,0,1,0,0,10,,,
ORD-2325,VND-003,Furniture,19/06/2025,27/06/2025,30/06/2025,Delivered,3,9500,Central,28500,June,11,3,0,1,0,0,3,,,
ORD-2326,VND-001,Office Supplies,19/06/2025,23/06/2025,26/06/2025,Delivered,8,500,South,4000,June,7,3,0,1,0,0,8,,,
ORD-2327,VND-009,Apparel,19/06/2025,25/06/2025,,In Transit,54,180,South,9720,June,,,1,0,0,0,0,,,
ORD-2328,VND-008,Electronics,19/06/2025,28/06/2025,29/06/2025,Delivered,8,3100,South,24800,June,10,1,0,1,0,0,8,,,
ORD-2329,VND-012,Furniture,19/06/2025,24/06/2025,25/06/2025,Delivered,3,4500,North,13500,June,6,1,0,1,0,0,3,,,
ORD-2330,VND-002,Electronics,19/06/2025,28/06/2025,28/06/2025,Delivered,6,1100,International,6600,June,9,0,0,0,1,0,6,,,
ORD-2331,VND-015,Electronics,19/06/2025,24/06/2025,25/06/2025,Delivered,10,3100,West,31000,June,6,1,0,1,0,0,10,,,
ORD-2332,VND-012,Electronics,19/06/2025,24/06/2025,,In Transit,9,5000,East,45000,June,,,1,0,0,0,0,,,
ORD-2333,VND-011,Furniture,20/06/2025,26/06/2025,28/06/2025,Delivered,1,4500,North,4500,June,8,2,0,1,0,0,1,,,
ORD-2334,VND-008,Office Supplies,20/06/2025,26/06/2025,24/06/2025,Delivered,18,500,International,9000,June,4,-2,0,0,0,1,18,,,
ORD-2335,VND-012,Office Supplies,20/06/2025,25/06/2025,,In Transit,108,50,South,5400,June,,,1,0,0,0,0,,,
ORD-2336,VND-014,Office Supplies,20/06/2025,26/06/2025,28/06/2025,Delivered,78,50,International,3900,June,8,2,0,1,0,0,78,,,
ORD-2337,VND-009,Electronics,20/06/2025,28/06/2025,28/06/2025,Delivered,6,5000,North,30000,June,8,0,0,0,1,0,6,,,
ORD-2338,VND-001,Furniture,20/06/2025,27/06/2025,27/06/2025,Delivered,2,8000,North,16000,June,7,0,0,0,1,0,2,,,
ORD-2339,VND-013,Electronics,20/06/2025,28/06/2025,28/06/2025,Delivered,6,1100,North,6600,June,8,0,0,0,1,0,6,,,
ORD-2340,VND-005,Office Supplies,20/06/2025,24/06/2025,25/06/2025,Delivered,72,15,West,1080,June,5,1,0,1,0,0,72,,,
ORD-2341,VND-008,Office Supplies,20/06/2025,26/06/2025,,Cancelled,66,500,Central,33000,June,,,1,0,0,0,0,,,
ORD-2342,VND-015,Furniture,20/06/2025,28/06/2025,28/06/2025,Delivered,3,15000,East,45000,June,8,0,0,0,1,0,3,,,
ORD-2343,VND-011,Electronics,20/06/2025,26/06/2025,25/06/2025,Delivered,7,3100,West,21700,June,5,-1,0,0,0,1,7,,,
ORD-2344,VND-014,Apparel,20/06/2025,26/06/2025,24/06/2025,Delivered,35,45,West,1575,June,4,-2,0,0,0,1,35,,,
ORD-2345,VND-002,Apparel,21/06/2025,29/06/2025,02/07/2025,Delivered,47,320,Central,15040,June,11,3,0,1,0,0,47,,,
ORD-2346,VND-004,Office Supplies,21/06/2025,26/06/2025,,Cancelled,68,22,West,1496,June,,,1,0,0,0,0,,,
ORD-2347,VND-007,Furniture,21/06/2025,30/06/2025,,In Transit,1,18000,North,18000,June,,,1,0,0,0,0,,,
ORD-2348,VND-003,Electronics,21/06/2025,27/06/2025,28/06/2025,Delivered,9,45000,North,405000,June,7,1,0,1,0,0,9,,,
ORD-2349,VND-013,Electronics,21/06/2025,25/06/2025,23/06/2025,Delivered,3,2400,International,7200,June,2,-2,0,0,0,1,3,,,
ORD-2350,VND-012,Office Supplies,21/06/2025,25/06/2025,24/06/2025,Delivered,63,18,South,1134,June,3,-1,0,0,0,1,63,,,
ORD-2351,VND-005,Office Supplies,21/06/2025,27/06/2025,25/06/2025,Delivered,26,350,West,9100,June,4,-2,0,0,0,1,26,,,
ORD-2352,VND-008,Electronics,21/06/2025,27/06/2025,28/06/2025,Delivered,9,3000,South,27000,June,7,1,0,1,0,0,9,,,
ORD-2353,VND-012,Electronics,21/06/2025,27/06/2025,30/06/2025,Delivered,10,1100,East,11000,June,9,3,0,1,0,0,10,,,
ORD-2354,VND-010,Office Supplies,21/06/2025,27/06/2025,,Cancelled,30,40,North,1200,June,,,1,0,0,0,0,,,
ORD-2355,VND-003,Electronics,21/06/2025,27/06/2025,29/06/2025,Delivered,6,3100,International,18600,June,8,2,0,1,0,0,6,,,
ORD-2356,VND-004,Apparel,21/06/2025,30/06/2025,,In Transit,7,75,East,525,June,,,1,0,0,0,0,,,
ORD-2357,VND-014,Office Supplies,21/06/2025,26/06/2025,26/06/2025,Delivered,87,80,International,6960,June,5,0,0,0,1,0,87,,,
ORD-2358,VND-015,Electronics,22/06/2025,26/06/2025,28/06/2025,Delivered,9,1100,Central,9900,June,6,2,0,1,0,0,9,,,
ORD-2359,VND-009,Office Supplies,22/06/2025,28/06/2025,,In Transit,46,350,North,16100,June,,,1,0,0,0,0,,,
ORD-2360,VND-014,Furniture,22/06/2025,30/06/2025,29/06/2025,Delivered,3,16500,East,49500,June,7,-1,0,0,0,1,3,,,
ORD-2361,VND-014,Office Supplies,22/06/2025,30/06/2025,,In Transit,46,45,Central,2070,June,,,1,0,0,0,0,,,
ORD-2362,VND-007,Office Supplies,22/06/2025,26/06/2025,26/06/2025,Delivered,45,45,East,2025,June,4,0,0,0,1,0,45,,,
ORD-2363,VND-001,Furniture,22/06/2025,26/06/2025,27/06/2025,Delivered,1,3800,International,3800,June,5,1,0,1,0,0,1,,,
ORD-2364,VND-014,Apparel,22/06/2025,30/06/2025,,In Transit,48,90,Central,4320,June,,,1,0,0,0,0,,,
ORD-2365,VND-012,Electronics,22/06/2025,30/06/2025,02/07/2025,Delivered,3,3100,Central,9300,June,10,2,0,1,0,0,3,,,
ORD-2366,VND-004,Furniture,22/06/2025,01/07/2025,,In Transit,2,21000,North,42000,June,,,1,0,0,0,0,,,
ORD-2367,VND-004,Office Supplies,22/06/2025,27/06/2025,,Cancelled,87,350,South,30450,June,,,1,0,0,0,0,,,
ORD-2368,VND-009,Electronics,22/06/2025,01/07/2025,29/06/2025,Delivered,9,13500,International,121500,June,7,-2,0,0,0,1,9,,,
ORD-2369,VND-006,Furniture,22/06/2025,29/06/2025,28/06/2025,Delivered,3,7000,International,21000,June,6,-1,0,0,0,1,3,,,
ORD-2370,VND-009,Electronics,22/06/2025,27/06/2025,27/06/2025,Delivered,9,3000,Central,27000,June,5,0,0,0,1,0,9,,,
ORD-2371,VND-012,Electronics,22/06/2025,29/06/2025,01/07/2025,Delivered,7,1800,Central,12600,June,9,2,0,1,0,0,7,,,
ORD-2372,VND-015,Furniture,23/06/2025,02/07/2025,,In Transit,3,21000,North,63000,June,,,1,0,0,0,0,,,
ORD-2373,VND-006,Electronics,23/06/2025,01/07/2025,01/07/2025,Delivered,3,7200,South,21600,June,8,0,0,0,1,0,3,,,
ORD-2374,VND-006,Apparel,23/06/2025,02/07/2025,04/07/2025,Delivered,50,130,International,6500,June,11,2,0,1,0,0,50,,,
ORD-2375,VND-005,Furniture,23/06/2025,27/06/2025,29/06/2025,Delivered,1,15000,West,15000,June,6,2,0,1,0,0,1,,,
ORD-2376,VND-005,Apparel,23/06/2025,02/07/2025,30/06/2025,Delivered,21,130,West,2730,June,7,-2,0,0,0,1,21,,,
ORD-2377,VND-002,Office Supplies,23/06/2025,29/06/2025,,In Transit,107,22,South,2354,June,,,1,0,0,0,0,,,
ORD-2378,VND-008,Electronics,23/06/2025,29/06/2025,27/06/2025,Delivered,3,45000,East,135000,June,4,-2,0,0,0,1,3,,,
ORD-2379,VND-008,Office Supplies,23/06/2025,02/07/2025,,Cancelled,64,15,North,960,June,,,1,0,0,0,0,,,
ORD-2380,VND-011,Office Supplies,23/06/2025,02/07/2025,04/07/2025,Delivered,88,500,South,44000,June,11,2,0,1,0,0,88,,,
ORD-2381,VND-013,Electronics,23/06/2025,29/06/2025,29/06/2025,Delivered,10,1800,West,18000,June,6,0,0,0,1,0,10,,,
ORD-2382,VND-001,Furniture,23/06/2025,27/06/2025,27/06/2025,Delivered,1,7000,Central,7000,June,4,0,0,0,1,0,1,,,
ORD-2383,VND-008,Electronics,24/06/2025,02/07/2025,02/07/2025,Delivered,4,3100,West,12400,June,8,0,0,0,1,0,4,,,
ORD-2384,VND-005,Office Supplies,24/06/2025,28/06/2025,,Cancelled,104,12,Central,1248,June,,,1,0,0,0,0,,,
ORD-2385,VND-002,Office Supplies,24/06/2025,02/07/2025,03/07/2025,Delivered,89,22,North,1958,June,9,1,0,1,0,0,89,,,
ORD-2386,VND-014,Furniture,24/06/2025,28/06/2025,29/06/2025,Delivered,3,9500,Central,28500,June,5,1,0,1,0,0,3,,,
ORD-2387,VND-002,Electronics,24/06/2025,30/06/2025,02/07/2025,Delivered,9,5000,South,45000,June,8,2,0,1,0,0,9,,,
ORD-2388,VND-014,Office Supplies,24/06/2025,30/06/2025,02/07/2025,Delivered,99,25,Central,2475,June,8,2,0,1,0,0,99,,,
ORD-2389,VND-015,Apparel,24/06/2025,29/06/2025,29/06/2025,Delivered,26,220,East,5720,June,5,0,0,0,1,0,26,,,
ORD-2390,VND-015,Office Supplies,24/06/2025,30/06/2025,30/06/2025,Delivered,32,12,South,384,June,6,0,0,0,1,0,32,,,
ORD-2391,VND-006,Office Supplies,24/06/2025,03/07/2025,01/07/2025,Delivered,66,50,North,3300,June,7,-2,0,0,0,1,66,,,
ORD-2392,VND-011,Furniture,24/06/2025,03/07/2025,05/07/2025,Delivered,2,21000,South,42000,June,11,2,0,1,0,0,2,,,
ORD-2393,VND-013,Apparel,24/06/2025,02/07/2025,,Cancelled,16,110,East,1760,June,,,1,0,0,0,0,,,
ORD-2394,VND-009,Office Supplies,24/06/2025,02/07/2025,30/06/2025,Delivered,23,12,North,276,June,6,-2,0,0,0,1,23,,,
ORD-2395,VND-001,Office Supplies,24/06/2025,02/07/2025,05/07/2025,Delivered,62,350,West,21700,June,11,3,0,1,0,0,62,,,
ORD-2396,VND-012,Apparel,25/06/2025,04/07/2025,04/07/2025,Delivered,35,180,East,6300,June,9,0,0,0,1,0,35,,,
ORD-2397,VND-006,Electronics,25/06/2025,02/07/2025,01/07/2025,Delivered,5,1200,North,6000,June,6,-1,0,0,0,1,5,,,
ORD-2398,VND-009,Electronics,25/06/2025,03/07/2025,,Cancelled,8,13500,Central,108000,June,,,1,0,0,0,0,,,
ORD-2399,VND-008,Office Supplies,25/06/2025,29/06/2025,27/06/2025,Delivered,78,80,South,6240,June,2,-2,0,0,0,1,78,,,
ORD-2400,VND-011,Office Supplies,25/06/2025,03/07/2025,04/07/2025,Delivered,64,22,North,1408,June,9,1,0,1,0,0,64,,,
ORD-2401,VND-006,Electronics,25/06/2025,04/07/2025,06/07/2025,Delivered,9,2400,South,21600,June,11,2,0,1,0,0,9,,,
ORD-2402,VND-003,Furniture,25/06/2025,29/06/2025,28/06/2025,Delivered,3,18000,Central,54000,June,3,-1,0,0,0,1,3,,,
ORD-2403,VND-008,Apparel,25/06/2025,02/07/2025,04/07/2025,Delivered,7,220,North,1540,June,9,2,0,1,0,0,7,,,
ORD-2404,VND-009,Apparel,26/06/2025,01/07/2025,03/07/2025,Delivered,22,220,West,4840,June,7,2,0,1,0,0,22,,,
ORD-2405,VND-001,Furniture,26/06/2025,03/07/2025,01/07/2025,Delivered,3,14000,East,42000,June,5,-2,0,0,0,1,3,,,
ORD-2406,VND-012,Furniture,26/06/2025,05/07/2025,08/07/2025,Delivered,3,14000,North,42000,June,12,3,0,1,0,0,3,,,
ORD-2407,VND-009,Furniture,26/06/2025,03/07/2025,,In Transit,2,18000,Central,36000,June,,,1,0,0,0,0,,,
ORD-2408,VND-014,Furniture,26/06/2025,02/07/2025,05/07/2025,Delivered,2,4500,North,9000,June,9,3,0,1,0,0,2,,,
ORD-2409,VND-015,Furniture,26/06/2025,04/07/2025,,In Transit,2,12000,South,24000,June,,,1,0,0,0,0,,,
ORD-2410,VND-006,Furniture,26/06/2025,01/07/2025,30/06/2025,Delivered,3,9500,International,28500,June,4,-1,0,0,0,1,3,,,
ORD-2411,VND-006,Apparel,26/06/2025,05/07/2025,,In Transit,16,250,North,4000,June,,,1,0,0,0,0,,,
ORD-2412,VND-012,Furniture,26/06/2025,03/07/2025,04/07/2025,Delivered,1,4500,West,4500,June,8,1,0,1,0,0,1,,,
ORD-2413,VND-004,Electronics,26/06/2025,03/07/2025,02/07/2025,Delivered,1,45000,North,45000,June,6,-1,0,0,0,1,1,,,
ORD-2414,VND-001,Furniture,26/06/2025,30/06/2025,29/06/2025,Delivered,3,12000,East,36000,June,3,-1,0,0,0,1,3,,,
ORD-2415,VND-010,Furniture,26/06/2025,30/06/2025,01/07/2025,Delivered,2,4500,North,9000,June,5,1,0,1,0,0,2,,,
ORD-2416,VND-008,Apparel,26/06/2025,02/07/2025,01/07/2025,Delivered,38,60,International,2280,June,5,-1,0,0,0,1,38,,,
ORD-2417,VND-002,Apparel,26/06/2025,03/07/2025,02/07/2025,Delivered,44,140,South,6160,June,6,-1,0,0,0,1,44,,,
ORD-2418,VND-012,Furniture,27/06/2025,04/07/2025,03/07/2025,Delivered,1,7000,North,7000,June,6,-1,0,0,0,1,1,,,
ORD-2419,VND-001,Apparel,27/06/2025,05/07/2025,04/07/2025,Delivered,47,90,West,4230,June,7,-1,0,0,0,1,47,,,
ORD-2420,VND-002,Office Supplies,27/06/2025,05/07/2025,03/07/2025,Delivered,78,15,Central,1170,June,6,-2,0,0,0,1,78,,,
ORD-2421,VND-001,Apparel,27/06/2025,02/07/2025,,In Transit,8,45,North,360,June,,,1,0,0,0,0,,,
ORD-2422,VND-001,Apparel,27/06/2025,01/07/2025,01/07/2025,Delivered,15,250,North,3750,June,4,0,0,0,1,0,15,,,
ORD-2423,VND-009,Apparel,27/06/2025,06/07/2025,09/07/2025,Delivered,24,250,East,6000,June,12,3,0,1,0,0,24,,,
ORD-2424,VND-013,Apparel,27/06/2025,05/07/2025,04/07/2025,Delivered,19,45,West,855,June,7,-1,0,0,0,1,19,,,
ORD-2425,VND-014,Electronics,27/06/2025,06/07/2025,04/07/2025,Delivered,2,1200,International,2400,June,7,-2,0,0,0,1,2,,,
ORD-2426,VND-001,Electronics,27/06/2025,06/07/2025,09/07/2025,Delivered,10,45000,Central,450000,June,12,3,0,1,0,0,10,,,
ORD-2427,VND-013,Electronics,27/06/2025,04/07/2025,,In Transit,3,7200,South,21600,June,,,1,0,0,0,0,,,
ORD-2428,VND-004,Furniture,27/06/2025,06/07/2025,04/07/2025,Delivered,3,9500,North,28500,June,7,-2,0,0,0,1,3,,,
ORD-2429,VND-010,Furniture,27/06/2025,06/07/2025,05/07/2025,Delivered,2,15000,International,30000,June,8,-1,0,0,0,1,2,,,
ORD-2430,VND-006,Office Supplies,27/06/2025,06/07/2025,06/07/2025,Delivered,31,15,Central,465,June,9,0,0,0,1,0,31,,,
ORD-2431,VND-007,Electronics,27/06/2025,06/07/2025,08/07/2025,Delivered,6,1100,South,6600,June,11,2,0,1,0,0,6,,,
ORD-2432,VND-002,Furniture,27/06/2025,04/07/2025,,In Transit,1,15000,International,15000,June,,,1,0,0,0,0,,,
ORD-2433,VND-006,Apparel,28/06/2025,02/07/2025,,In Transit,40,90,West,3600,June,,,1,0,0,0,0,,,
ORD-2434,VND-007,Apparel,28/06/2025,07/07/2025,10/07/2025,Delivered,45,75,West,3375,June,12,3,0,1,0,0,45,,,
ORD-2435,VND-010,Electronics,28/06/2025,03/07/2025,02/07/2025,Delivered,5,1100,Central,5500,June,4,-1,0,0,0,1,5,,,
ORD-2436,VND-014,Office Supplies,28/06/2025,06/07/2025,07/07/2025,Delivered,61,18,South,1098,June,9,1,0,1,0,0,61,,,
ORD-2437,VND-010,Office Supplies,28/06/2025,02/07/2025,30/06/2025,Delivered,104,80,West,8320,June,2,-2,0,0,0,1,104,,,
ORD-2438,VND-002,Apparel,28/06/2025,02/07/2025,04/07/2025,Delivered,34,320,Central,10880,June,6,2,0,1,0,0,34,,,
ORD-2439,VND-015,Office Supplies,28/06/2025,06/07/2025,09/07/2025,Delivered,17,15,West,255,June,11,3,0,1,0,0,17,,,
ORD-2440,VND-002,Electronics,28/06/2025,05/07/2025,03/07/2025,Delivered,8,29000,West,232000,June,5,-2,0,0,0,1,8,,,
ORD-2441,VND-010,Apparel,28/06/2025,02/07/2025,05/07/2025,Delivered,48,60,International,2880,June,7,3,0,1,0,0,48,,,
ORD-2442,VND-007,Furniture,28/06/2025,05/07/2025,06/07/2025,Delivered,2,6500,International,13000,June,8,1,0,1,0,0,2,,,
ORD-2443,VND-012,Furniture,28/06/2025,05/07/2025,04/07/2025,Delivered,1,4500,West,4500,June,6,-1,0,0,0,1,1,,,
ORD-2444,VND-001,Office Supplies,28/06/2025,05/07/2025,05/07/2025,Delivered,26,40,East,1040,June,7,0,0,0,1,0,26,,,
ORD-2445,VND-008,Apparel,28/06/2025,06/07/2025,,In Transit,8,130,International,1040,June,,,1,0,0,0,0,,,
ORD-2446,VND-011,Apparel,28/06/2025,05/07/2025,04/07/2025,Delivered,37,250,South,9250,June,6,-1,0,0,0,1,37,,,
ORD-2447,VND-013,Furniture,28/06/2025,04/07/2025,03/07/2025,Delivered,2,7000,Central,14000,June,5,-1,0,0,0,1,2,,,
ORD-2448,VND-003,Apparel,28/06/2025,03/07/2025,,In Transit,54,140,Central,7560,June,,,1,0,0,0,0,,,
ORD-2449,VND-011,Apparel,28/06/2025,07/07/2025,,In Transit,30,320,South,9600,June,,,1,0,0,0,0,,,
ORD-2450,VND-006,Apparel,29/06/2025,04/07/2025,03/07/2025,Delivered,35,110,South,3850,June,4,-1,0,0,0,1,35,,,
ORD-2451,VND-009,Office Supplies,29/06/2025,03/07/2025,05/07/2025,Delivered,61,30,South,1830,June,6,2,0,1,0,0,61,,,
ORD-2452,VND-006,Apparel,29/06/2025,08/07/2025,,In Transit,29,320,South,9280,June,,,1,0,0,0,0,,,
ORD-2453,VND-009,Electronics,29/06/2025,08/07/2025,06/07/2025,Delivered,2,45000,North,90000,June,7,-2,0,0,0,1,2,,,
ORD-2454,VND-007,Office Supplies,29/06/2025,05/07/2025,03/07/2025,Delivered,29,50,Central,1450,June,4,-2,0,0,0,1,29,,,
ORD-2455,VND-015,Apparel,29/06/2025,08/07/2025,,Cancelled,24,320,North,7680,June,,,1,0,0,0,0,,,
ORD-2456,VND-009,Apparel,29/06/2025,05/07/2025,08/07/2025,Delivered,33,250,West,8250,June,9,3,0,1,0,0,33,,,
ORD-2457,VND-002,Electronics,29/06/2025,06/07/2025,06/07/2025,Delivered,6,5000,West,30000,June,7,0,0,0,1,0,6,,,
ORD-2458,VND-012,Office Supplies,29/06/2025,08/07/2025,06/07/2025,Delivered,88,25,Central,2200,June,7,-2,0,0,0,1,88,,,
ORD-2459,VND-008,Furniture,29/06/2025,08/07/2025,06/07/2025,Delivered,1,16500,West,16500,June,7,-2,0,0,0,1,1,,,
ORD-2460,VND-008,Furniture,29/06/2025,05/07/2025,03/07/2025,Delivered,3,4500,South,13500,June,4,-2,0,0,0,1,3,,,
ORD-2461,VND-002,Office Supplies,30/06/2025,06/07/2025,05/07/2025,Delivered,57,15,North,855,June,5,-1,0,0,0,1,57,,,
ORD-2462,VND-012,Apparel,30/06/2025,08/07/2025,08/07/2025,Delivered,27,250,South,6750,June,8,0,0,0,1,0,27,,,
ORD-2463,VND-014,Apparel,30/06/2025,05/07/2025,04/07/2025,Delivered,17,250,West,4250,June,4,-1,0,0,0,1,17,,,
ORD-2464,VND-004,Furniture,30/06/2025,05/07/2025,04/07/2025,Delivered,3,9500,International,28500,June,4,-1,0,0,0,1,3,,,
ORD-2465,VND-014,Furniture,30/06/2025,06/07/2025,04/07/2025,Delivered,3,15000,North,45000,June,4,-2,0,0,0,1,3,,,
ORD-2466,VND-015,Furniture,30/06/2025,05/07/2025,,Cancelled,3,4500,South,13500,June,,,1,0,0,0,0,,,
ORD-2467,VND-011,Electronics,30/06/2025,07/07/2025,06/07/2025,Delivered,10,45000,Central,450000,June,6,-1,0,0,0,1,10,,,
ORD-2468,VND-015,Furniture,30/06/2025,04/07/2025,,Cancelled,1,15000,South,15000,June,,,1,0,0,0,0,,,
ORD-2469,VND-007,Electronics,30/06/2025,04/07/2025,06/07/2025,Delivered,5,3100,International,15500,June,6,2,0,1,0,0,5,,,
ORD-2470,VND-011,Office Supplies,30/06/2025,08/07/2025,,In Transit,77,95,West,7315,June,,,1,0,0,0,0,,,
ORD-2471,VND-004,Apparel,30/06/2025,05/07/2025,04/07/2025,Delivered,47,220,North,10340,June,4,-1,0,0,0,1,47,,,
ORD-2472,VND-004,Furniture,30/06/2025,09/07/2025,12/07/2025,Delivered,3,12000,Central,36000,June,12,3,0,1,0,0,3,,,
ORD-2473,VND-006,Apparel,01/07/2025,09/07/2025,,In Transit,44,110,North,4840,July,,,1,0,0,0,0,,,
ORD-2474,VND-010,Apparel,01/07/2025,06/07/2025,,In Transit,38,75,Central,2850,July,,,1,0,0,0,0,,,
ORD-2475,VND-006,Furniture,01/07/2025,10/07/2025,11/07/2025,Delivered,1,9500,North,9500,July,10,1,0,1,0,0,1,,,
ORD-2476,VND-010,Furniture,01/07/2025,07/07/2025,09/07/2025,Delivered,2,8000,West,16000,July,8,2,0,1,0,0,2,,,
ORD-2477,VND-015,Office Supplies,01/07/2025,09/07/2025,07/07/2025,Delivered,24,30,Central,720,July,6,-2,0,0,0,1,24,,,
ORD-2478,VND-003,Electronics,01/07/2025,06/07/2025,,In Transit,7,8500,East,59500,July,,,1,0,0,0,0,,,
ORD-2479,VND-015,Electronics,01/07/2025,09/07/2025,11/07/2025,Delivered,2,45000,North,90000,July,10,2,0,1,0,0,2,,,
ORD-2480,VND-009,Apparel,01/07/2025,10/07/2025,11/07/2025,Delivered,17,60,North,1020,July,10,1,0,1,0,0,17,,,
ORD-2481,VND-012,Furniture,01/07/2025,06/07/2025,06/07/2025,Delivered,2,3800,South,7600,July,5,0,0,0,1,0,2,,,
ORD-2482,VND-010,Office Supplies,01/07/2025,08/07/2025,08/07/2025,Delivered,57,18,Central,1026,July,7,0,0,0,1,0,57,,,
ORD-2483,VND-014,Office Supplies,01/07/2025,05/07/2025,,In Transit,105,95,International,9975,July,,,1,0,0,0,0,,,
ORD-2484,VND-011,Office Supplies,01/07/2025,09/07/2025,12/07/2025,Delivered,75,95,East,7125,July,11,3,0,1,0,0,75,,,
ORD-2485,VND-002,Office Supplies,01/07/2025,08/07/2025,08/07/2025,Delivered,74,50,West,3700,July,7,0,0,0,1,0,74,,,
ORD-2486,VND-006,Office Supplies,01/07/2025,06/07/2025,04/07/2025,Delivered,17,150,South,2550,July,3,-2,0,0,0,1,17,,,
ORD-2487,VND-012,Electronics,01/07/2025,05/07/2025,07/07/2025,Delivered,2,5000,East,10000,July,6,2,0,1,0,0,2,,,
ORD-2488,VND-007,Electronics,01/07/2025,09/07/2025,09/07/2025,Delivered,3,13500,Central,40500,July,8,0,0,0,1,0,3,,,
ORD-2489,VND-012,Electronics,01/07/2025,07/07/2025,05/07/2025,Delivered,8,2400,East,19200,July,4,-2,0,0,0,1,8,,,
ORD-2490,VND-013,Furniture,02/07/2025,08/07/2025,,Cancelled,2,7000,North,14000,July,,,1,0,0,0,0,,,
ORD-2491,VND-009,Apparel,02/07/2025,10/07/2025,08/07/2025,Delivered,47,75,North,3525,July,6,-2,0,0,0,1,47,,,
ORD-2492,VND-013,Office Supplies,02/07/2025,06/07/2025,05/07/2025,Delivered,30,12,South,360,July,3,-1,0,0,0,1,30,,,
ORD-2493,VND-003,Furniture,02/07/2025,07/07/2025,07/07/2025,Delivered,3,16500,Central,49500,July,5,0,0,0,1,0,3,,,
ORD-2494,VND-010,Office Supplies,02/07/2025,08/07/2025,10/07/2025,Delivered,114,15,Central,1710,July,8,2,0,1,0,0,114,,,
ORD-2495,VND-003,Electronics,02/07/2025,10/07/2025,,Cancelled,6,8500,East,51000,July,,,1,0,0,0,0,,,
ORD-2496,VND-007,Furniture,02/07/2025,07/07/2025,05/07/2025,Delivered,2,6500,South,13000,July,3,-2,0,0,0,1,2,,,
ORD-2497,VND-014,Electronics,02/07/2025,09/07/2025,12/07/2025,Delivered,1,45000,Central,45000,July,10,3,0,1,0,0,1,,,
ORD-2498,VND-004,Office Supplies,02/07/2025,11/07/2025,12/07/2025,Delivered,83,22,International,1826,July,10,1,0,1,0,0,83,,,
ORD-2499,VND-013,Office Supplies,02/07/2025,08/07/2025,11/07/2025,Delivered,59,350,International,20650,July,9,3,0,1,0,0,59,,,
ORD-2500,VND-008,Apparel,02/07/2025,11/07/2025,12/07/2025,Delivered,28,220,North,6160,July,10,1,0,1,0,0,28,,,
ORD-2501,VND-013,Office Supplies,02/07/2025,09/07/2025,,In Transit,65,500,East,32500,July,,,1,0,0,0,0,,,
ORD-2502,VND-007,Electronics,02/07/2025,07/07/2025,05/07/2025,Delivered,7,13500,West,94500,July,3,-2,0,0,0,1,7,,,
ORD-2503,VND-005,Office Supplies,02/07/2025,10/07/2025,09/07/2025,Delivered,46,40,North,1840,July,7,-1,0,0,0,1,46,,,
ORD-2504,VND-007,Apparel,03/07/2025,12/07/2025,14/07/2025,Delivered,32,60,South,1920,July,11,2,0,1,0,0,32,,,
ORD-2505,VND-003,Apparel,03/07/2025,08/07/2025,07/07/2025,Delivered,45,130,Central,5850,July,4,-1,0,0,0,1,45,,,
ORD-2506,VND-012,Electronics,03/07/2025,10/07/2025,12/07/2025,Delivered,2,1100,North,2200,July,9,2,0,1,0,0,2,,,
ORD-2507,VND-002,Furniture,03/07/2025,08/07/2025,,In Transit,3,3800,West,11400,July,,,1,0,0,0,0,,,
ORD-2508,VND-006,Office Supplies,03/07/2025,10/07/2025,10/07/2025,Delivered,88,22,West,1936,July,7,0,0,0,1,0,88,,,
ORD-2509,VND-002,Apparel,03/07/2025,11/07/2025,10/07/2025,Delivered,40,320,International,12800,July,7,-1,0,0,0,1,40,,,
ORD-2510,VND-003,Office Supplies,04/07/2025,13/07/2025,13/07/2025,Delivered,16,350,South,5600,July,9,0,0,0,1,0,16,,,
ORD-2511,VND-006,Office Supplies,04/07/2025,11/07/2025,,In Transit,67,150,North,10050,July,,,1,0,0,0,0,,,
ORD-2512,VND-005,Furniture,04/07/2025,09/07/2025,12/07/2025,Delivered,1,6500,East,6500,July,8,3,0,1,0,0,1,,,
ORD-2513,VND-008,Apparel,04/07/2025,11/07/2025,,In Transit,12,60,North,720,July,,,1,0,0,0,0,,,
ORD-2514,VND-009,Office Supplies,04/07/2025,11/07/2025,14/07/2025,Delivered,77,95,International,7315,July,10,3,0,1,0,0,77,,,
ORD-2515,VND-011,Apparel,04/07/2025,11/07/2025,,Cancelled,10,110,West,1100,July,,,1,0,0,0,0,,,
ORD-2516,VND-003,Electronics,04/07/2025,12/07/2025,12/07/2025,Delivered,9,8500,South,76500,July,8,0,0,0,1,0,9,,,
ORD-2517,VND-012,Electronics,04/07/2025,10/07/2025,08/07/2025,Delivered,1,1800,South,1800,July,4,-2,0,0,0,1,1,,,
ORD-2518,VND-010,Office Supplies,04/07/2025,09/07/2025,10/07/2025,Delivered,24,30,East,720,July,6,1,0,1,0,0,24,,,
ORD-2519,VND-003,Apparel,04/07/2025,09/07/2025,09/07/2025,Delivered,52,320,South,16640,July,5,0,0,0,1,0,52,,,
ORD-2520,VND-003,Office Supplies,04/07/2025,10/07/2025,11/07/2025,Delivered,39,18,International,702,July,7,1,0,1,0,0,39,,,
ORD-2521,VND-013,Apparel,04/07/2025,12/07/2025,15/07/2025,Delivered,18,45,International,810,July,11,3,0,1,0,0,18,,,
ORD-2522,VND-013,Apparel,04/07/2025,11/07/2025,12/07/2025,Delivered,20,110,International,2200,July,8,1,0,1,0,0,20,,,
ORD-2523,VND-006,Furniture,04/07/2025,08/07/2025,11/07/2025,Delivered,2,4500,South,9000,July,7,3,0,1,0,0,2,,,
ORD-2524,VND-015,Furniture,04/07/2025,12/07/2025,,Cancelled,1,14000,South,14000,July,,,1,0,0,0,0,,,
ORD-2525,VND-015,Furniture,05/07/2025,10/07/2025,13/07/2025,Delivered,2,7000,International,14000,July,8,3,0,1,0,0,2,,,
ORD-2526,VND-001,Office Supplies,05/07/2025,13/07/2025,,In Transit,22,22,South,484,July,,,1,0,0,0,0,,,
ORD-2527,VND-007,Furniture,05/07/2025,12/07/2025,13/07/2025,Delivered,2,7000,South,14000,July,8,1,0,1,0,0,2,,,
ORD-2528,VND-012,Furniture,05/07/2025,12/07/2025,13/07/2025,Delivered,2,18000,West,36000,July,8,1,0,1,0,0,2,,,
ORD-2529,VND-001,Electronics,05/07/2025,12/07/2025,15/07/2025,Delivered,6,2400,North,14400,July,10,3,0,1,0,0,6,,,
ORD-2530,VND-014,Apparel,05/07/2025,14/07/2025,17/07/2025,Delivered,45,195,Central,8775,July,12,3,0,1,0,0,45,,,
ORD-2531,VND-005,Apparel,05/07/2025,13/07/2025,,Cancelled,39,140,South,5460,July,,,1,0,0,0,0,,,
ORD-2532,VND-015,Furniture,05/07/2025,12/07/2025,12/07/2025,Delivered,1,21000,Central,21000,July,7,0,0,0,1,0,1,,,
ORD-2533,VND-010,Apparel,05/07/2025,14/07/2025,,In Transit,13,60,Central,780,July,,,1,0,0,0,0,,,
ORD-2534,VND-013,Electronics,05/07/2025,11/07/2025,,Cancelled,3,13500,West,40500,July,,,1,0,0,0,0,,,
ORD-2535,VND-008,Electronics,05/07/2025,09/07/2025,08/07/2025,Delivered,5,45000,South,225000,July,3,-1,0,0,0,1,5,,,
ORD-2536,VND-004,Furniture,05/07/2025,14/07/2025,,Cancelled,1,16500,International,16500,July,,,1,0,0,0,0,,,
ORD-2537,VND-005,Electronics,05/07/2025,11/07/2025,09/07/2025,Delivered,7,7200,Central,50400,July,4,-2,0,0,0,1,7,,,
ORD-2538,VND-004,Apparel,06/07/2025,14/07/2025,,Cancelled,12,45,South,540,July,,,1,0,0,0,0,,,
ORD-2539,VND-012,Office Supplies,06/07/2025,11/07/2025,12/07/2025,Delivered,37,12,East,444,July,6,1,0,1,0,0,37,,,
ORD-2540,VND-012,Apparel,06/07/2025,15/07/2025,18/07/2025,Delivered,39,45,International,1755,July,12,3,0,1,0,0,39,,,
ORD-2541,VND-014,Office Supplies,06/07/2025,13/07/2025,,Cancelled,65,45,East,2925,July,,,1,0,0,0,0,,,
ORD-2542,VND-004,Furniture,06/07/2025,14/07/2025,13/07/2025,Delivered,1,15000,East,15000,July,7,-1,0,0,0,1,1,,,
ORD-2543,VND-012,Office Supplies,06/07/2025,15/07/2025,15/07/2025,Delivered,9,50,Central,450,July,9,0,0,0,1,0,9,,,
ORD-2544,VND-008,Electronics,06/07/2025,11/07/2025,09/07/2025,Delivered,7,8500,East,59500,July,3,-2,0,0,0,1,7,,,
ORD-2545,VND-002,Apparel,06/07/2025,15/07/2025,17/07/2025,Delivered,37,45,West,1665,July,11,2,0,1,0,0,37,,,
ORD-2546,VND-001,Office Supplies,06/07/2025,12/07/2025,11/07/2025,Delivered,38,80,West,3040,July,5,-1,0,0,0,1,38,,,
ORD-2547,VND-003,Apparel,06/07/2025,11/07/2025,,In Transit,10,140,Central,1400,July,,,1,0,0,0,0,,,
ORD-2548,VND-009,Furniture,06/07/2025,12/07/2025,10/07/2025,Delivered,1,9500,South,9500,July,4,-2,0,0,0,1,1,,,
ORD-2549,VND-004,Furniture,07/07/2025,11/07/2025,10/07/2025,Delivered,1,4500,North,4500,July,3,-1,0,0,0,1,1,,,
ORD-2550,VND-010,Electronics,07/07/2025,14/07/2025,14/07/2025,Delivered,2,7200,South,14400,July,7,0,0,0,1,0,2,,,
ORD-2551,VND-005,Furniture,07/07/2025,16/07/2025,14/07/2025,Delivered,3,3800,South,11400,July,7,-2,0,0,0,1,3,,,
ORD-2552,VND-002,Office Supplies,07/07/2025,16/07/2025,14/07/2025,Delivered,63,95,South,5985,July,7,-2,0,0,0,1,63,,,
ORD-2553,VND-004,Furniture,07/07/2025,11/07/2025,,In Transit,2,18000,South,36000,July,,,1,0,0,0,0,,,
ORD-2554,VND-002,Electronics,07/07/2025,15/07/2025,,Cancelled,7,5000,International,35000,July,,,1,0,0,0,0,,,
ORD-2555,VND-015,Apparel,07/07/2025,16/07/2025,17/07/2025,Delivered,25,75,North,1875,July,10,1,0,1,0,0,25,,,
ORD-2556,VND-002,Apparel,07/07/2025,11/07/2025,12/07/2025,Delivered,43,140,International,6020,July,5,1,0,1,0,0,43,,,
ORD-2557,VND-004,Furniture,07/07/2025,12/07/2025,,Cancelled,3,21000,East,63000,July,,,1,0,0,0,0,,,
ORD-2558,VND-006,Office Supplies,07/07/2025,12/07/2025,,In Transit,54,95,South,5130,July,,,1,0,0,0,0,,,
ORD-2559,VND-007,Electronics,07/07/2025,15/07/2025,16/07/2025,Delivered,2,1800,West,3600,July,9,1,0,1,0,0,2,,,
ORD-2560,VND-010,Office Supplies,08/07/2025,14/07/2025,16/07/2025,Delivered,58,22,Central,1276,July,8,2,0,1,0,0,58,,,
ORD-2561,VND-003,Electronics,08/07/2025,12/07/2025,,Cancelled,9,13500,Central,121500,July,,,1,0,0,0,0,,,
ORD-2562,VND-003,Furniture,08/07/2025,13/07/2025,12/07/2025,Delivered,3,3800,International,11400,July,4,-1,0,0,0,1,3,,,
ORD-2563,VND-010,Electronics,08/07/2025,14/07/2025,16/07/2025,Delivered,7,5000,International,35000,July,8,2,0,1,0,0,7,,,
ORD-2564,VND-006,Electronics,08/07/2025,15/07/2025,14/07/2025,Delivered,4,29000,West,116000,July,6,-1,0,0,0,1,4,,,
ORD-2565,VND-013,Furniture,08/07/2025,12/07/2025,12/07/2025,Delivered,1,6500,South,6500,July,4,0,0,0,1,0,1,,,
ORD-2566,VND-012,Office Supplies,08/07/2025,14/07/2025,17/07/2025,Delivered,76,150,North,11400,July,9,3,0,1,0,0,76,,,
ORD-2567,VND-003,Furniture,08/07/2025,14/07/2025,12/07/2025,Delivered,2,12000,East,24000,July,4,-2,0,0,0,1,2,,,
ORD-2568,VND-013,Electronics,08/07/2025,14/07/2025,15/07/2025,Delivered,10,13500,Central,135000,July,7,1,0,1,0,0,10,,,
ORD-2569,VND-002,Furniture,08/07/2025,17/07/2025,18/07/2025,Delivered,3,21000,East,63000,July,10,1,0,1,0,0,3,,,
ORD-2570,VND-008,Electronics,08/07/2025,16/07/2025,18/07/2025,Delivered,10,3000,North,30000,July,10,2,0,1,0,0,10,,,
ORD-2571,VND-005,Furniture,08/07/2025,15/07/2025,13/07/2025,Delivered,3,21000,International,63000,July,5,-2,0,0,0,1,3,,,
ORD-2572,VND-015,Apparel,08/07/2025,17/07/2025,,In Transit,36,220,Central,7920,July,,,1,0,0,0,0,,,
ORD-2573,VND-001,Apparel,08/07/2025,16/07/2025,,Cancelled,35,130,East,4550,July,,,1,0,0,0,0,,,
ORD-2574,VND-003,Furniture,08/07/2025,14/07/2025,15/07/2025,Delivered,1,7000,International,7000,July,7,1,0,1,0,0,1,,,
ORD-2575,VND-010,Office Supplies,08/07/2025,13/07/2025,11/07/2025,Delivered,27,95,North,2565,July,3,-2,0,0,0,1,27,,,
ORD-2576,VND-008,Electronics,08/07/2025,12/07/2025,,Cancelled,8,1200,East,9600,July,,,1,0,0,0,0,,,
ORD-2577,VND-004,Apparel,08/07/2025,15/07/2025,14/07/2025,Delivered,53,140,South,7420,July,6,-1,0,0,0,1,53,,,
ORD-2578,VND-014,Office Supplies,09/07/2025,13/07/2025,16/07/2025,Delivered,45,25,International,1125,July,7,3,0,1,0,0,45,,,
ORD-2579,VND-007,Electronics,09/07/2025,17/07/2025,20/07/2025,Delivered,8,29000,North,232000,July,11,3,0,1,0,0,8,,,
ORD-2580,VND-010,Apparel,09/07/2025,14/07/2025,17/07/2025,Delivered,51,60,East,3060,July,8,3,0,1,0,0,51,,,
ORD-2581,VND-012,Apparel,09/07/2025,15/07/2025,,In Transit,54,195,South,10530,July,,,1,0,0,0,0,,,
ORD-2582,VND-014,Furniture,09/07/2025,17/07/2025,,In Transit,1,9500,South,9500,July,,,1,0,0,0,0,,,
ORD-2583,VND-014,Electronics,09/07/2025,14/07/2025,15/07/2025,Delivered,3,3000,North,9000,July,6,1,0,1,0,0,3,,,
ORD-2584,VND-002,Office Supplies,09/07/2025,13/07/2025,15/07/2025,Delivered,78,350,West,27300,July,6,2,0,1,0,0,78,,,
ORD-2585,VND-007,Office Supplies,09/07/2025,16/07/2025,15/07/2025,Delivered,83,22,Central,1826,July,6,-1,0,0,0,1,83,,,
ORD-2586,VND-005,Office Supplies,09/07/2025,15/07/2025,13/07/2025,Delivered,31,95,North,2945,July,4,-2,0,0,0,1,31,,,
ORD-2587,VND-005,Electronics,09/07/2025,13/07/2025,15/07/2025,Delivered,10,29000,South,290000,July,6,2,0,1,0,0,10,,,
ORD-2588,VND-006,Office Supplies,09/07/2025,16/07/2025,15/07/2025,Delivered,89,40,South,3560,July,6,-1,0,0,0,1,89,,,
ORD-2589,VND-013,Office Supplies,09/07/2025,14/07/2025,15/07/2025,Delivered,12,95,North,1140,July,6,1,0,1,0,0,12,,,
ORD-2590,VND-009,Office Supplies,10/07/2025,14/07/2025,,Cancelled,42,95,West,3990,July,,,1,0,0,0,0,,,
ORD-2591,VND-014,Furniture,10/07/2025,17/07/2025,20/07/2025,Delivered,2,12000,Central,24000,July,10,3,0,1,0,0,2,,,
ORD-2592,VND-006,Furniture,10/07/2025,15/07/2025,16/07/2025,Delivered,3,4500,East,13500,July,6,1,0,1,0,0,3,,,
ORD-2593,VND-012,Electronics,10/07/2025,14/07/2025,16/07/2025,Delivered,1,13500,North,13500,July,6,2,0,1,0,0,1,,,
ORD-2594,VND-013,Electronics,10/07/2025,19/07/2025,17/07/2025,Delivered,2,45000,Central,90000,July,7,-2,0,0,0,1,2,,,
ORD-2595,VND-015,Office Supplies,10/07/2025,16/07/2025,16/07/2025,Delivered,15,95,Central,1425,July,6,0,0,0,1,0,15,,,
ORD-2596,VND-014,Furniture,10/07/2025,17/07/2025,15/07/2025,Delivered,2,6500,International,13000,July,5,-2,0,0,0,1,2,,,
ORD-2597,VND-008,Apparel,10/07/2025,14/07/2025,13/07/2025,Delivered,28,75,South,2100,July,3,-1,0,0,0,1,28,,,
ORD-2598,VND-007,Apparel,10/07/2025,18/07/2025,,In Transit,42,60,East,2520,July,,,1,0,0,0,0,,,
ORD-2599,VND-009,Office Supplies,10/07/2025,19/07/2025,,Cancelled,106,12,North,1272,July,,,1,0,0,0,0,,,
ORD-2600,VND-004,Office Supplies,10/07/2025,14/07/2025,17/07/2025,Delivered,80,22,South,1760,July,7,3,0,1,0,0,80,,,
ORD-2601,VND-002,Furniture,10/07/2025,17/07/2025,16/07/2025,Delivered,2,12000,International,24000,July,6,-1,0,0,0,1,2,,,
ORD-2602,VND-007,Furniture,11/07/2025,20/07/2025,23/07/2025,Delivered,2,14000,International,28000,July,12,3,0,1,0,0,2,,,
ORD-2603,VND-006,Furniture,11/07/2025,20/07/2025,23/07/2025,Delivered,1,16500,South,16500,July,12,3,0,1,0,0,1,,,
ORD-2604,VND-001,Electronics,11/07/2025,20/07/2025,19/07/2025,Delivered,2,3000,West,6000,July,8,-1,0,0,0,1,2,,,
ORD-2605,VND-011,Electronics,11/07/2025,18/07/2025,,Cancelled,2,29000,Central,58000,July,,,1,0,0,0,0,,,
ORD-2606,VND-009,Office Supplies,11/07/2025,20/07/2025,23/07/2025,Delivered,44,40,North,1760,July,12,3,0,1,0,0,44,,,
ORD-2607,VND-009,Electronics,11/07/2025,18/07/2025,16/07/2025,Delivered,6,2400,North,14400,July,5,-2,0,0,0,1,6,,,
ORD-2608,VND-012,Furniture,11/07/2025,15/07/2025,14/07/2025,Delivered,2,4500,North,9000,July,3,-1,0,0,0,1,2,,,
ORD-2609,VND-002,Furniture,11/07/2025,16/07/2025,,Cancelled,3,21000,South,63000,July,,,1,0,0,0,0,,,
ORD-2610,VND-003,Electronics,11/07/2025,19/07/2025,,In Transit,10,8500,West,85000,July,,,1,0,0,0,0,,,
ORD-2611,VND-005,Apparel,11/07/2025,16/07/2025,17/07/2025,Delivered,5,75,East,375,July,6,1,0,1,0,0,5,,,
ORD-2612,VND-005,Office Supplies,11/07/2025,20/07/2025,21/07/2025,Delivered,86,500,International,43000,July,10,1,0,1,0,0,86,,,
ORD-2613,VND-015,Apparel,12/07/2025,20/07/2025,20/07/2025,Delivered,45,110,South,4950,July,8,0,0,0,1,0,45,,,
ORD-2614,VND-001,Office Supplies,12/07/2025,18/07/2025,19/07/2025,Delivered,62,80,East,4960,July,7,1,0,1,0,0,62,,,
ORD-2615,VND-008,Apparel,12/07/2025,18/07/2025,18/07/2025,Delivered,11,90,International,990,July,6,0,0,0,1,0,11,,,
ORD-2616,VND-012,Electronics,12/07/2025,20/07/2025,,In Transit,5,1200,International,6000,July,,,1,0,0,0,0,,,
ORD-2617,VND-008,Office Supplies,12/07/2025,21/07/2025,20/07/2025,Delivered,111,150,West,16650,July,8,-1,0,0,0,1,111,,,
ORD-2618,VND-004,Office Supplies,12/07/2025,17/07/2025,,Cancelled,86,12,Central,1032,July,,,1,0,0,0,0,,,
ORD-2619,VND-013,Office Supplies,12/07/2025,18/07/2025,16/07/2025,Delivered,41,150,North,6150,July,4,-2,0,0,0,1,41,,,
ORD-2620,VND-007,Furniture,12/07/2025,20/07/2025,,In Transit,3,12000,East,36000,July,,,1,0,0,0,0,,,
ORD-2621,VND-015,Furniture,12/07/2025,21/07/2025,,In Transit,2,12000,South,24000,July,,,1,0,0,0,0,,,
ORD-2622,VND-015,Apparel,12/07/2025,21/07/2025,21/07/2025,Delivered,9,90,East,810,July,9,0,0,0,1,0,9,,,
ORD-2623,VND-011,Electronics,12/07/2025,16/07/2025,14/07/2025,Delivered,7,1800,Central,12600,July,2,-2,0,0,0,1,7,,,
ORD-2624,VND-010,Furniture,12/07/2025,21/07/2025,23/07/2025,Delivered,1,16500,North,16500,July,11,2,0,1,0,0,1,,,
ORD-2625,VND-003,Office Supplies,12/07/2025,17/07/2025,,In Transit,62,15,East,930,July,,,1,0,0,0,0,,,
ORD-2626,VND-006,Furniture,13/07/2025,22/07/2025,25/07/2025,Delivered,2,21000,Central,42000,July,12,3,0,1,0,0,2,,,
ORD-2627,VND-014,Electronics,13/07/2025,20/07/2025,18/07/2025,Delivered,3,1800,South,5400,July,5,-2,0,0,0,1,3,,,
ORD-2628,VND-010,Furniture,13/07/2025,20/07/2025,21/07/2025,Delivered,1,6500,West,6500,July,8,1,0,1,0,0,1,,,
ORD-2629,VND-013,Office Supplies,13/07/2025,21/07/2025,24/07/2025,Delivered,77,15,International,1155,July,11,3,0,1,0,0,77,,,
ORD-2630,VND-010,Apparel,13/07/2025,18/07/2025,20/07/2025,Delivered,28,250,South,7000,July,7,2,0,1,0,0,28,,,
ORD-2631,VND-012,Office Supplies,13/07/2025,17/07/2025,16/07/2025,Delivered,98,50,North,4900,July,3,-1,0,0,0,1,98,,,
ORD-2632,VND-014,Electronics,13/07/2025,22/07/2025,22/07/2025,Delivered,7,1800,International,12600,July,9,0,0,0,1,0,7,,,
ORD-2633,VND-009,Apparel,13/07/2025,18/07/2025,20/07/2025,Delivered,15,220,South,3300,July,7,2,0,1,0,0,15,,,
ORD-2634,VND-001,Furniture,14/07/2025,22/07/2025,,In Transit,2,4500,South,9000,July,,,1,0,0,0,0,,,
ORD-2635,VND-005,Furniture,14/07/2025,21/07/2025,,Cancelled,1,8000,South,8000,July,,,1,0,0,0,0,,,
ORD-2636,VND-004,Furniture,14/07/2025,23/07/2025,23/07/2025,Delivered,2,16500,South,33000,July,9,0,0,0,1,0,2,,,
ORD-2637,VND-008,Apparel,14/07/2025,23/07/2025,22/07/2025,Delivered,42,140,International,5880,July,8,-1,0,0,0,1,42,,,
ORD-2638,VND-011,Office Supplies,14/07/2025,20/07/2025,23/07/2025,Delivered,52,15,North,780,July,9,3,0,1,0,0,52,,,
ORD-2639,VND-012,Apparel,14/07/2025,21/07/2025,21/07/2025,Delivered,51,45,Central,2295,July,7,0,0,0,1,0,51,,,
ORD-2640,VND-001,Apparel,14/07/2025,20/07/2025,19/07/2025,Delivered,49,140,East,6860,July,5,-1,0,0,0,1,49,,,
ORD-2641,VND-009,Electronics,14/07/2025,20/07/2025,21/07/2025,Delivered,1,1800,West,1800,July,7,1,0,1,0,0,1,,,
ORD-2642,VND-006,Apparel,14/07/2025,18/07/2025,16/07/2025,Delivered,54,140,East,7560,July,2,-2,0,0,0,1,54,,,
ORD-2643,VND-004,Furniture,14/07/2025,22/07/2025,20/07/2025,Delivered,1,3800,East,3800,July,6,-2,0,0,0,1,1,,,
ORD-2644,VND-012,Office Supplies,14/07/2025,19/07/2025,21/07/2025,Delivered,35,150,West,5250,July,7,2,0,1,0,0,35,,,
ORD-2645,VND-009,Office Supplies,14/07/2025,18/07/2025,,In Transit,87,45,International,3915,July,,,1,0,0,0,0,,,
ORD-2646,VND-011,Office Supplies,14/07/2025,18/07/2025,20/07/2025,Delivered,17,40,North,680,July,6,2,0,1,0,0,17,,,
ORD-2647,VND-005,Furniture,15/07/2025,20/07/2025,22/07/2025,Delivered,2,12000,West,24000,July,7,2,0,1,0,0,2,,,
ORD-2648,VND-015,Furniture,15/07/2025,20/07/2025,,In Transit,3,4500,North,13500,July,,,1,0,0,0,0,,,
ORD-2649,VND-005,Furniture,15/07/2025,20/07/2025,,In Transit,2,3800,International,7600,July,,,1,0,0,0,0,,,
ORD-2650,VND-012,Furniture,15/07/2025,24/07/2025,25/07/2025,Delivered,2,12000,East,24000,July,10,1,0,1,0,0,2,,,
ORD-2651,VND-005,Furniture,15/07/2025,19/07/2025,22/07/2025,Delivered,3,21000,North,63000,July,7,3,0,1,0,0,3,,,
ORD-2652,VND-001,Apparel,15/07/2025,19/07/2025,22/07/2025,Delivered,40,220,International,8800,July,7,3,0,1,0,0,40,,,
ORD-2653,VND-001,Furniture,15/07/2025,21/07/2025,23/07/2025,Delivered,1,4500,International,4500,July,8,2,0,1,0,0,1,,,
ORD-2654,VND-008,Furniture,15/07/2025,24/07/2025,25/07/2025,Delivered,1,16500,Central,16500,July,10,1,0,1,0,0,1,,,
ORD-2655,VND-012,Furniture,15/07/2025,19/07/2025,19/07/2025,Delivered,3,15000,West,45000,July,4,0,0,0,1,0,3,,,
ORD-2656,VND-008,Furniture,15/07/2025,22/07/2025,,In Transit,2,6500,Central,13000,July,,,1,0,0,0,0,,,
ORD-2657,VND-012,Office Supplies,15/07/2025,20/07/2025,18/07/2025,Delivered,64,12,East,768,July,3,-2,0,0,0,1,64,,,
ORD-2658,VND-015,Furniture,15/07/2025,24/07/2025,,Cancelled,3,7000,West,21000,July,,,1,0,0,0,0,,,
ORD-2659,VND-015,Apparel,16/07/2025,24/07/2025,,In Transit,43,220,East,9460,July,,,1,0,0,0,0,,,
ORD-2660,VND-006,Apparel,16/07/2025,23/07/2025,,Cancelled,19,130,Central,2470,July,,,1,0,0,0,0,,,
ORD-2661,VND-012,Apparel,16/07/2025,22/07/2025,24/07/2025,Delivered,8,90,International,720,July,8,2,0,1,0,0,8,,,
ORD-2662,VND-011,Electronics,16/07/2025,21/07/2025,,In Transit,8,5000,East,40000,July,,,1,0,0,0,0,,,
ORD-2663,VND-013,Office Supplies,16/07/2025,24/07/2025,24/07/2025,Delivered,107,95,West,10165,July,8,0,0,0,1,0,107,,,
ORD-2664,VND-004,Furniture,16/07/2025,21/07/2025,21/07/2025,Delivered,2,9500,West,19000,July,5,0,0,0,1,0,2,,,
ORD-2665,VND-002,Electronics,16/07/2025,20/07/2025,20/07/2025,Delivered,1,1200,East,1200,July,4,0,0,0,1,0,1,,,
ORD-2666,VND-014,Furniture,16/07/2025,24/07/2025,22/07/2025,Delivered,2,9500,West,19000,July,6,-2,0,0,0,1,2,,,
ORD-2667,VND-002,Electronics,16/07/2025,20/07/2025,,In Transit,1,7200,International,7200,July,,,1,0,0,0,0,,,
ORD-2668,VND-009,Electronics,16/07/2025,23/07/2025,,In Transit,2,3000,International,6000,July,,,1,0,0,0,0,,,
ORD-2669,VND-015,Apparel,16/07/2025,24/07/2025,26/07/2025,Delivered,40,110,West,4400,July,10,2,0,1,0,0,40,,,
ORD-2670,VND-005,Apparel,16/07/2025,21/07/2025,21/07/2025,Delivered,9,220,East,1980,July,5,0,0,0,1,0,9,,,
ORD-2671,VND-004,Electronics,17/07/2025,26/07/2025,26/07/2025,Delivered,8,13500,Central,108000,July,9,0,0,0,1,0,8,,,
ORD-2672,VND-010,Apparel,17/07/2025,25/07/2025,25/07/2025,Delivered,11,320,West,3520,July,8,0,0,0,1,0,11,,,
ORD-2673,VND-013,Electronics,17/07/2025,25/07/2025,,In Transit,9,45000,West,405000,July,,,1,0,0,0,0,,,
ORD-2674,VND-001,Office Supplies,17/07/2025,21/07/2025,21/07/2025,Delivered,50,350,West,17500,July,4,0,0,0,1,0,50,,,
ORD-2675,VND-007,Apparel,17/07/2025,23/07/2025,,Cancelled,51,45,West,2295,July,,,1,0,0,0,0,,,
ORD-2676,VND-003,Apparel,17/07/2025,25/07/2025,27/07/2025,Delivered,26,130,East,3380,July,10,2,0,1,0,0,26,,,
ORD-2677,VND-006,Apparel,17/07/2025,22/07/2025,22/07/2025,Delivered,22,250,Central,5500,July,5,0,0,0,1,0,22,,,
ORD-2678,VND-005,Office Supplies,17/07/2025,24/07/2025,26/07/2025,Delivered,79,30,Central,2370,July,9,2,0,1,0,0,79,,,
ORD-2679,VND-005,Electronics,17/07/2025,24/07/2025,22/07/2025,Delivered,10,8500,North,85000,July,5,-2,0,0,0,1,10,,,
ORD-2680,VND-011,Furniture,17/07/2025,21/07/2025,22/07/2025,Delivered,2,8000,West,16000,July,5,1,0,1,0,0,2,,,
ORD-2681,VND-005,Apparel,18/07/2025,27/07/2025,,In Transit,11,130,West,1430,July,,,1,0,0,0,0,,,
ORD-2682,VND-001,Electronics,18/07/2025,22/07/2025,,In Transit,5,3100,North,15500,July,,,1,0,0,0,0,,,
ORD-2683,VND-001,Office Supplies,18/07/2025,25/07/2025,24/07/2025,Delivered,75,18,Central,1350,July,6,-1,0,0,0,1,75,,,
ORD-2684,VND-003,Furniture,18/07/2025,23/07/2025,21/07/2025,Delivered,1,3800,South,3800,July,3,-2,0,0,0,1,1,,,
ORD-2685,VND-014,Apparel,18/07/2025,25/07/2025,26/07/2025,Delivered,5,130,International,650,July,8,1,0,1,0,0,5,,,
ORD-2686,VND-012,Office Supplies,18/07/2025,25/07/2025,28/07/2025,Delivered,53,50,South,2650,July,10,3,0,1,0,0,53,,,
ORD-2687,VND-010,Office Supplies,18/07/2025,22/07/2025,25/07/2025,Delivered,48,45,Central,2160,July,7,3,0,1,0,0,48,,,
ORD-2688,VND-004,Furniture,18/07/2025,25/07/2025,27/07/2025,Delivered,2,21000,West,42000,July,9,2,0,1,0,0,2,,,
ORD-2689,VND-005,Electronics,18/07/2025,25/07/2025,,In Transit,9,2400,South,21600,July,,,1,0,0,0,0,,,
ORD-2690,VND-002,Apparel,19/07/2025,27/07/2025,26/07/2025,Delivered,36,195,East,7020,July,7,-1,0,0,0,1,36,,,
ORD-2691,VND-008,Apparel,19/07/2025,27/07/2025,,Cancelled,38,45,East,1710,July,,,1,0,0,0,0,,,
ORD-2692,VND-011,Electronics,19/07/2025,24/07/2025,22/07/2025,Delivered,9,13500,North,121500,July,3,-2,0,0,0,1,9,,,
ORD-2693,VND-011,Electronics,19/07/2025,28/07/2025,,Cancelled,8,5000,Central,40000,July,,,1,0,0,0,0,,,
ORD-2694,VND-014,Electronics,19/07/2025,28/07/2025,27/07/2025,Delivered,8,45000,Central,360000,July,8,-1,0,0,0,1,8,,,
ORD-2695,VND-002,Furniture,19/07/2025,24/07/2025,25/07/2025,Delivered,1,15000,South,15000,July,6,1,0,1,0,0,1,,,
ORD-2696,VND-009,Furniture,19/07/2025,25/07/2025,,Cancelled,2,18000,West,36000,July,,,1,0,0,0,0,,,
ORD-2697,VND-002,Apparel,19/07/2025,24/07/2025,26/07/2025,Delivered,35,320,Central,11200,July,7,2,0,1,0,0,35,,,
ORD-2698,VND-013,Furniture,19/07/2025,23/07/2025,26/07/2025,Delivered,3,15000,South,45000,July,7,3,0,1,0,0,3,,,
ORD-2699,VND-009,Office Supplies,19/07/2025,27/07/2025,30/07/2025,Delivered,68,500,South,34000,July,11,3,0,1,0,0,68,,,
ORD-2700,VND-007,Apparel,19/07/2025,23/07/2025,,Cancelled,49,60,International,2940,July,,,1,0,0,0,0,,,
ORD-2701,VND-015,Furniture,19/07/2025,27/07/2025,,In Transit,3,7000,International,21000,July,,,1,0,0,0,0,,,
ORD-2702,VND-008,Electronics,20/07/2025,29/07/2025,28/07/2025,Delivered,7,1100,Central,7700,July,8,-1,0,0,0,1,7,,,
ORD-2703,VND-015,Office Supplies,20/07/2025,26/07/2025,25/07/2025,Delivered,69,50,South,3450,July,5,-1,0,0,0,1,69,,,
ORD-2704,VND-011,Electronics,20/07/2025,29/07/2025,,Cancelled,3,2400,North,7200,July,,,1,0,0,0,0,,,
ORD-2705,VND-002,Apparel,20/07/2025,27/07/2025,29/07/2025,Delivered,16,110,North,1760,July,9,2,0,1,0,0,16,,,
ORD-2706,VND-007,Electronics,20/07/2025,26/07/2025,28/07/2025,Delivered,3,2400,International,7200,July,8,2,0,1,0,0,3,,,
ORD-2707,VND-012,Furniture,20/07/2025,27/07/2025,28/07/2025,Delivered,1,21000,Central,21000,July,8,1,0,1,0,0,1,,,
ORD-2708,VND-006,Furniture,20/07/2025,27/07/2025,30/07/2025,Delivered,1,15000,West,15000,July,10,3,0,1,0,0,1,,,
ORD-2709,VND-004,Apparel,20/07/2025,25/07/2025,28/07/2025,Delivered,46,220,North,10120,July,8,3,0,1,0,0,46,,,
ORD-2710,VND-007,Electronics,20/07/2025,25/07/2025,25/07/2025,Delivered,4,8500,North,34000,July,5,0,0,0,1,0,4,,,
ORD-2711,VND-014,Apparel,20/07/2025,27/07/2025,26/07/2025,Delivered,8,45,International,360,July,6,-1,0,0,0,1,8,,,
ORD-2712,VND-013,Electronics,20/07/2025,24/07/2025,22/07/2025,Delivered,5,8500,International,42500,July,2,-2,0,0,0,1,5,,,
ORD-2713,VND-004,Office Supplies,20/07/2025,25/07/2025,25/07/2025,Delivered,10,25,Central,250,July,5,0,0,0,1,0,10,,,
ORD-2714,VND-002,Furniture,21/07/2025,29/07/2025,01/08/2025,Delivered,3,21000,International,63000,July,11,3,0,1,0,0,3,,,
ORD-2715,VND-010,Apparel,21/07/2025,28/07/2025,,In Transit,23,45,East,1035,July,,,1,0,0,0,0,,,
ORD-2716,VND-012,Office Supplies,21/07/2025,26/07/2025,26/07/2025,Delivered,89,15,South,1335,July,5,0,0,0,1,0,89,,,
ORD-2717,VND-007,Office Supplies,21/07/2025,30/07/2025,01/08/2025,Delivered,94,45,North,4230,July,11,2,0,1,0,0,94,,,
ORD-2718,VND-008,Apparel,21/07/2025,27/07/2025,,Cancelled,54,195,East,10530,July,,,1,0,0,0,0,,,
ORD-2719,VND-002,Apparel,21/07/2025,29/07/2025,27/07/2025,Delivered,33,75,West,2475,July,6,-2,0,0,0,1,33,,,
ORD-2720,VND-005,Office Supplies,21/07/2025,30/07/2025,02/08/2025,Delivered,49,350,East,17150,July,12,3,0,1,0,0,49,,,
ORD-2721,VND-001,Electronics,21/07/2025,29/07/2025,27/07/2025,Delivered,2,45000,Central,90000,July,6,-2,0,0,0,1,2,,,
ORD-2722,VND-007,Office Supplies,21/07/2025,28/07/2025,27/07/2025,Delivered,24,50,West,1200,July,6,-1,0,0,0,1,24,,,
ORD-2723,VND-008,Apparel,21/07/2025,25/07/2025,,Cancelled,49,320,West,15680,July,,,1,0,0,0,0,,,
ORD-2724,VND-013,Office Supplies,22/07/2025,28/07/2025,,Cancelled,114,22,International,2508,July,,,1,0,0,0,0,,,
ORD-2725,VND-006,Electronics,22/07/2025,30/07/2025,,In Transit,7,45000,East,315000,July,,,1,0,0,0,0,,,
ORD-2726,VND-005,Furniture,22/07/2025,31/07/2025,31/07/2025,Delivered,2,6500,Central,13000,July,9,0,0,0,1,0,2,,,
ORD-2727,VND-015,Furniture,22/07/2025,31/07/2025,29/07/2025,Delivered,3,7000,North,21000,July,7,-2,0,0,0,1,3,,,
ORD-2728,VND-006,Office Supplies,22/07/2025,31/07/2025,03/08/2025,Delivered,23,15,International,345,July,12,3,0,1,0,0,23,,,
ORD-2729,VND-015,Electronics,22/07/2025,31/07/2025,03/08/2025,Delivered,10,2400,East,24000,July,12,3,0,1,0,0,10,,,
ORD-2730,VND-002,Furniture,22/07/2025,28/07/2025,30/07/2025,Delivered,2,6500,North,13000,July,8,2,0,1,0,0,2,,,
ORD-2731,VND-001,Office Supplies,22/07/2025,27/07/2025,27/07/2025,Delivered,31,95,East,2945,July,5,0,0,0,1,0,31,,,
ORD-2732,VND-007,Office Supplies,22/07/2025,29/07/2025,31/07/2025,Delivered,89,95,International,8455,July,9,2,0,1,0,0,89,,,
ORD-2733,VND-007,Electronics,22/07/2025,30/07/2025,,In Transit,9,1800,North,16200,July,,,1,0,0,0,0,,,
ORD-2734,VND-010,Apparel,22/07/2025,29/07/2025,27/07/2025,Delivered,24,220,International,5280,July,5,-2,0,0,0,1,24,,,
ORD-2735,VND-011,Office Supplies,22/07/2025,29/07/2025,27/07/2025,Delivered,101,80,East,8080,July,5,-2,0,0,0,1,101,,,
ORD-2736,VND-010,Apparel,22/07/2025,27/07/2025,25/07/2025,Delivered,35,75,West,2625,July,3,-2,0,0,0,1,35,,,
ORD-2737,VND-014,Apparel,23/07/2025,28/07/2025,27/07/2025,Delivered,7,180,South,1260,July,4,-1,0,0,0,1,7,,,
ORD-2738,VND-002,Furniture,23/07/2025,01/08/2025,04/08/2025,Delivered,1,9500,West,9500,July,12,3,0,1,0,0,1,,,
ORD-2739,VND-002,Apparel,23/07/2025,30/07/2025,29/07/2025,Delivered,5,90,International,450,July,6,-1,0,0,0,1,5,,,
ORD-2740,VND-001,Electronics,23/07/2025,27/07/2025,27/07/2025,Delivered,8,3100,International,24800,July,4,0,0,0,1,0,8,,,
ORD-2741,VND-010,Furniture,23/07/2025,01/08/2025,,In Transit,2,6500,International,13000,July,,,1,0,0,0,0,,,
ORD-2742,VND-008,Furniture,23/07/2025,31/07/2025,,Cancelled,3,18000,North,54000,July,,,1,0,0,0,0,,,
ORD-2743,VND-015,Furniture,23/07/2025,31/07/2025,29/07/2025,Delivered,3,7000,Central,21000,July,6,-2,0,0,0,1,3,,,
ORD-2744,VND-008,Office Supplies,23/07/2025,01/08/2025,01/08/2025,Delivered,27,25,International,675,July,9,0,0,0,1,0,27,,,
ORD-2745,VND-001,Office Supplies,23/07/2025,28/07/2025,31/07/2025,Delivered,95,500,West,47500,July,8,3,0,1,0,0,95,,,
ORD-2746,VND-012,Apparel,23/07/2025,27/07/2025,,Cancelled,34,140,South,4760,July,,,1,0,0,0,0,,,
ORD-2747,VND-011,Furniture,23/07/2025,28/07/2025,31/07/2025,Delivered,1,8000,International,8000,July,8,3,0,1,0,0,1,,,
ORD-2748,VND-008,Furniture,23/07/2025,30/07/2025,30/07/2025,Delivered,1,7000,International,7000,July,7,0,0,0,1,0,1,,,
ORD-2749,VND-009,Electronics,23/07/2025,31/07/2025,,In Transit,6,3100,International,18600,July,,,1,0,0,0,0,,,
ORD-2750,VND-014,Apparel,23/07/2025,27/07/2025,29/07/2025,Delivered,45,220,North,9900,July,6,2,0,1,0,0,45,,,
ORD-2751,VND-004,Electronics,23/07/2025,28/07/2025,27/07/2025,Delivered,5,3000,International,15000,July,4,-1,0,0,0,1,5,,,
ORD-2752,VND-001,Apparel,23/07/2025,30/07/2025,29/07/2025,Delivered,31,130,West,4030,July,6,-1,0,0,0,1,31,,,
ORD-2753,VND-001,Apparel,23/07/2025,28/07/2025,30/07/2025,Delivered,39,130,East,5070,July,7,2,0,1,0,0,39,,,
ORD-2754,VND-003,Office Supplies,24/07/2025,01/08/2025,30/07/2025,Delivered,111,150,Central,16650,July,6,-2,0,0,0,1,111,,,
ORD-2755,VND-015,Office Supplies,24/07/2025,28/07/2025,27/07/2025,Delivered,77,150,International,11550,July,3,-1,0,0,0,1,77,,,
ORD-2756,VND-014,Electronics,24/07/2025,02/08/2025,,In Transit,5,1800,North,9000,July,,,1,0,0,0,0,,,
ORD-2757,VND-005,Apparel,24/07/2025,30/07/2025,28/07/2025,Delivered,53,110,West,5830,July,4,-2,0,0,0,1,53,,,
ORD-2758,VND-005,Furniture,24/07/2025,29/07/2025,01/08/2025,Delivered,2,9500,International,19000,July,8,3,0,1,0,0,2,,,
ORD-2759,VND-009,Office Supplies,24/07/2025,02/08/2025,04/08/2025,Delivered,37,30,North,1110,July,11,2,0,1,0,0,37,,,
ORD-2760,VND-010,Furniture,24/07/2025,02/08/2025,,In Transit,3,7000,East,21000,July,,,1,0,0,0,0,,,
ORD-2761,VND-014,Electronics,24/07/2025,31/07/2025,02/08/2025,Delivered,3,1200,South,3600,July,9,2,0,1,0,0,3,,,
ORD-2762,VND-012,Office Supplies,24/07/2025,01/08/2025,02/08/2025,Delivered,47,40,International,1880,July,9,1,0,1,0,0,47,,,
ORD-2763,VND-002,Office Supplies,24/07/2025,01/08/2025,30/07/2025,Delivered,98,45,West,4410,July,6,-2,0,0,0,1,98,,,
ORD-2764,VND-002,Apparel,24/07/2025,01/08/2025,,In Transit,49,130,North,6370,July,,,1,0,0,0,0,,,
ORD-2765,VND-006,Electronics,24/07/2025,31/07/2025,30/07/2025,Delivered,7,1100,North,7700,July,6,-1,0,0,0,1,7,,,
ORD-2766,VND-015,Apparel,24/07/2025,29/07/2025,28/07/2025,Delivered,30,110,International,3300,July,4,-1,0,0,0,1,30,,,
ORD-2767,VND-009,Office Supplies,24/07/2025,31/07/2025,01/08/2025,Delivered,91,80,North,7280,July,8,1,0,1,0,0,91,,,
ORD-2768,VND-001,Electronics,25/07/2025,29/07/2025,,In Transit,3,1200,South,3600,July,,,1,0,0,0,0,,,
ORD-2769,VND-009,Office Supplies,25/07/2025,01/08/2025,04/08/2025,Delivered,37,500,North,18500,July,10,3,0,1,0,0,37,,,
ORD-2770,VND-009,Electronics,25/07/2025,30/07/2025,31/07/2025,Delivered,9,7200,Central,64800,July,6,1,0,1,0,0,9,,,
ORD-2771,VND-013,Office Supplies,25/07/2025,31/07/2025,,In Transit,81,15,Central,1215,July,,,1,0,0,0,0,,,
ORD-2772,VND-009,Furniture,25/07/2025,02/08/2025,,Cancelled,2,6500,North,13000,July,,,1,0,0,0,0,,,
ORD-2773,VND-005,Furniture,25/07/2025,29/07/2025,28/07/2025,Delivered,3,8000,International,24000,July,3,-1,0,0,0,1,3,,,
ORD-2774,VND-013,Apparel,25/07/2025,03/08/2025,,Cancelled,11,140,Central,1540,July,,,1,0,0,0,0,,,
ORD-2775,VND-015,Furniture,25/07/2025,03/08/2025,02/08/2025,Delivered,3,16500,West,49500,July,8,-1,0,0,0,1,3,,,
ORD-2776,VND-009,Office Supplies,25/07/2025,03/08/2025,03/08/2025,Delivered,104,95,Central,9880,July,9,0,0,0,1,0,104,,,
ORD-2777,VND-011,Office Supplies,25/07/2025,29/07/2025,,In Transit,62,40,North,2480,July,,,1,0,0,0,0,,,
ORD-2778,VND-004,Furniture,25/07/2025,02/08/2025,31/07/2025,Delivered,2,9500,International,19000,July,6,-2,0,0,0,1,2,,,
ORD-2779,VND-002,Apparel,25/07/2025,29/07/2025,28/07/2025,Delivered,17,60,East,1020,July,3,-1,0,0,0,1,17,,,
ORD-2780,VND-013,Furniture,25/07/2025,01/08/2025,03/08/2025,Delivered,3,6500,International,19500,July,9,2,0,1,0,0,3,,,
ORD-2781,VND-006,Electronics,25/07/2025,29/07/2025,29/07/2025,Delivered,3,1200,International,3600,July,4,0,0,0,1,0,3,,,
ORD-2782,VND-014,Electronics,25/07/2025,30/07/2025,31/07/2025,Delivered,9,3100,International,27900,July,6,1,0,1,0,0,9,,,
ORD-2783,VND-004,Electronics,25/07/2025,01/08/2025,31/07/2025,Delivered,2,1800,West,3600,July,6,-1,0,0,0,1,2,,,
ORD-2784,VND-006,Furniture,25/07/2025,29/07/2025,,In Transit,2,9500,South,19000,July,,,1,0,0,0,0,,,
ORD-2785,VND-003,Furniture,25/07/2025,03/08/2025,02/08/2025,Delivered,3,9500,North,28500,July,8,-1,0,0,0,1,3,,,
ORD-2786,VND-006,Furniture,25/07/2025,03/08/2025,04/08/2025,Delivered,3,9500,South,28500,July,10,1,0,1,0,0,3,,,
ORD-2787,VND-002,Electronics,26/07/2025,02/08/2025,,Cancelled,3,29000,East,87000,July,,,1,0,0,0,0,,,
ORD-2788,VND-002,Apparel,26/07/2025,01/08/2025,01/08/2025,Delivered,12,195,South,2340,July,6,0,0,0,1,0,12,,,
ORD-2789,VND-013,Office Supplies,26/07/2025,02/08/2025,02/08/2025,Delivered,57,12,North,684,July,7,0,0,0,1,0,57,,,
ORD-2790,VND-009,Furniture,26/07/2025,01/08/2025,01/08/2025,Delivered,3,6500,North,19500,July,6,0,0,0,1,0,3,,,
ORD-2791,VND-007,Apparel,26/07/2025,02/08/2025,31/07/2025,Delivered,28,110,East,3080,July,5,-2,0,0,0,1,28,,,
ORD-2792,VND-003,Office Supplies,26/07/2025,30/07/2025,01/08/2025,Delivered,43,40,North,1720,July,6,2,0,1,0,0,43,,,
ORD-2793,VND-013,Office Supplies,26/07/2025,01/08/2025,30/07/2025,Delivered,76,80,East,6080,July,4,-2,0,0,0,1,76,,,
ORD-2794,VND-011,Office Supplies,26/07/2025,03/08/2025,02/08/2025,Delivered,70,350,East,24500,July,7,-1,0,0,0,1,70,,,
ORD-2795,VND-001,Apparel,26/07/2025,01/08/2025,30/07/2025,Delivered,20,130,North,2600,July,4,-2,0,0,0,1,20,,,
ORD-2796,VND-008,Apparel,26/07/2025,30/07/2025,02/08/2025,Delivered,18,220,Central,3960,July,7,3,0,1,0,0,18,,,
ORD-2797,VND-014,Electronics,26/07/2025,30/07/2025,,In Transit,4,1200,East,4800,July,,,1,0,0,0,0,,,
ORD-2798,VND-006,Apparel,27/07/2025,05/08/2025,,In Transit,29,60,North,1740,July,,,1,0,0,0,0,,,
ORD-2799,VND-007,Apparel,27/07/2025,04/08/2025,07/08/2025,Delivered,54,320,Central,17280,July,11,3,0,1,0,0,54,,,
ORD-2800,VND-009,Apparel,27/07/2025,01/08/2025,01/08/2025,Delivered,22,45,East,990,July,5,0,0,0,1,0,22,,,
ORD-2801,VND-005,Office Supplies,27/07/2025,31/07/2025,,Cancelled,99,150,Central,14850,July,,,1,0,0,0,0,,,
ORD-2802,VND-015,Furniture,27/07/2025,03/08/2025,03/08/2025,Delivered,3,9500,West,28500,July,7,0,0,0,1,0,3,,,
ORD-2803,VND-001,Electronics,27/07/2025,03/08/2025,,In Transit,7,1100,International,7700,July,,,1,0,0,0,0,,,
ORD-2804,VND-012,Furniture,27/07/2025,04/08/2025,02/08/2025,Delivered,2,8000,West,16000,July,6,-2,0,0,0,1,2,,,
ORD-2805,VND-010,Furniture,27/07/2025,02/08/2025,,Cancelled,1,3800,Central,3800,July,,,1,0,0,0,0,,,
ORD-2806,VND-007,Apparel,27/07/2025,02/08/2025,31/07/2025,Delivered,8,220,East,1760,July,4,-2,0,0,0,1,8,,,
ORD-2807,VND-015,Electronics,27/07/2025,01/08/2025,03/08/2025,Delivered,1,1100,North,1100,July,7,2,0,1,0,0,1,,,
ORD-2808,VND-005,Furniture,27/07/2025,31/07/2025,03/08/2025,Delivered,3,12000,South,36000,July,7,3,0,1,0,0,3,,,
ORD-2809,VND-003,Furniture,27/07/2025,02/08/2025,01/08/2025,Delivered,3,6500,North,19500,July,5,-1,0,0,0,1,3,,,
ORD-2810,VND-012,Electronics,27/07/2025,02/08/2025,03/08/2025,Delivered,7,1800,South,12600,July,7,1,0,1,0,0,7,,,
ORD-2811,VND-013,Apparel,27/07/2025,02/08/2025,04/08/2025,Delivered,54,220,South,11880,July,8,2,0,1,0,0,54,,,
ORD-2812,VND-009,Furniture,27/07/2025,31/07/2025,31/07/2025,Delivered,3,7000,East,21000,July,4,0,0,0,1,0,3,,,
ORD-2813,VND-001,Office Supplies,27/07/2025,05/08/2025,06/08/2025,Delivered,69,80,Central,5520,July,10,1,0,1,0,0,69,,,
ORD-2814,VND-001,Furniture,28/07/2025,04/08/2025,02/08/2025,Delivered,3,21000,North,63000,July,5,-2,0,0,0,1,3,,,
ORD-2815,VND-001,Office Supplies,28/07/2025,04/08/2025,02/08/2025,Delivered,62,150,Central,9300,July,5,-2,0,0,0,1,62,,,
ORD-2816,VND-003,Apparel,28/07/2025,05/08/2025,03/08/2025,Delivered,48,45,West,2160,July,6,-2,0,0,0,1,48,,,
ORD-2817,VND-012,Furniture,28/07/2025,02/08/2025,03/08/2025,Delivered,2,4500,East,9000,July,6,1,0,1,0,0,2,,,
ORD-2818,VND-006,Electronics,28/07/2025,04/08/2025,07/08/2025,Delivered,8,3000,East,24000,July,10,3,0,1,0,0,8,,,
ORD-2819,VND-010,Electronics,28/07/2025,03/08/2025,02/08/2025,Delivered,3,13500,West,40500,July,5,-1,0,0,0,1,3,,,
ORD-2820,VND-011,Furniture,28/07/2025,03/08/2025,01/08/2025,Delivered,3,18000,North,54000,July,4,-2,0,0,0,1,3,,,
ORD-2821,VND-003,Apparel,28/07/2025,05/08/2025,08/08/2025,Delivered,19,60,International,1140,July,11,3,0,1,0,0,19,,,
ORD-2822,VND-008,Apparel,28/07/2025,04/08/2025,06/08/2025,Delivered,41,250,West,10250,July,9,2,0,1,0,0,41,,,
ORD-2823,VND-014,Electronics,28/07/2025,01/08/2025,30/07/2025,Delivered,8,29000,North,232000,July,2,-2,0,0,0,1,8,,,
ORD-2824,VND-014,Furniture,28/07/2025,02/08/2025,02/08/2025,Delivered,1,3800,South,3800,July,5,0,0,0,1,0,1,,,
ORD-2825,VND-010,Apparel,28/07/2025,04/08/2025,,Cancelled,20,75,East,1500,July,,,1,0,0,0,0,,,
ORD-2826,VND-002,Electronics,28/07/2025,04/08/2025,06/08/2025,Delivered,7,3100,North,21700,July,9,2,0,1,0,0,7,,,
ORD-2827,VND-014,Office Supplies,28/07/2025,02/08/2025,05/08/2025,Delivered,30,22,Central,660,July,8,3,0,1,0,0,30,,,
ORD-2828,VND-009,Furniture,28/07/2025,01/08/2025,31/07/2025,Delivered,3,4500,Central,13500,July,3,-1,0,0,0,1,3,,,
ORD-2829,VND-003,Office Supplies,28/07/2025,04/08/2025,07/08/2025,Delivered,81,12,East,972,July,10,3,0,1,0,0,81,,,
ORD-2830,VND-005,Office Supplies,28/07/2025,03/08/2025,05/08/2025,Delivered,101,350,West,35350,July,8,2,0,1,0,0,101,,,
ORD-2831,VND-010,Apparel,28/07/2025,01/08/2025,30/07/2025,Delivered,34,195,International,6630,July,2,-2,0,0,0,1,34,,,
ORD-2832,VND-008,Apparel,29/07/2025,02/08/2025,,Cancelled,50,140,West,7000,July,,,1,0,0,0,0,,,
ORD-2833,VND-002,Apparel,29/07/2025,04/08/2025,,Cancelled,14,75,North,1050,July,,,1,0,0,0,0,,,
ORD-2834,VND-006,Furniture,29/07/2025,05/08/2025,,In Transit,2,6500,West,13000,July,,,1,0,0,0,0,,,
ORD-2835,VND-012,Office Supplies,29/07/2025,05/08/2025,04/08/2025,Delivered,46,25,East,1150,July,6,-1,0,0,0,1,46,,,
ORD-2836,VND-005,Furniture,29/07/2025,07/08/2025,06/08/2025,Delivered,3,15000,North,45000,July,8,-1,0,0,0,1,3,,,
ORD-2837,VND-013,Apparel,29/07/2025,05/08/2025,03/08/2025,Delivered,38,140,South,5320,July,5,-2,0,0,0,1,38,,,
ORD-2838,VND-010,Office Supplies,29/07/2025,04/08/2025,,Cancelled,93,30,West,2790,July,,,1,0,0,0,0,,,
ORD-2839,VND-009,Furniture,29/07/2025,05/08/2025,05/08/2025,Delivered,2,12000,West,24000,July,7,0,0,0,1,0,2,,,
ORD-2840,VND-012,Furniture,29/07/2025,06/08/2025,04/08/2025,Delivered,2,4500,International,9000,July,6,-2,0,0,0,1,2,,,
ORD-2841,VND-005,Electronics,29/07/2025,06/08/2025,07/08/2025,Delivered,5,1800,North,9000,July,9,1,0,1,0,0,5,,,
ORD-2842,VND-002,Furniture,30/07/2025,04/08/2025,05/08/2025,Delivered,1,14000,Central,14000,July,6,1,0,1,0,0,1,,,
ORD-2843,VND-005,Apparel,30/07/2025,07/08/2025,,Cancelled,30,250,West,7500,July,,,1,0,0,0,0,,,
ORD-2844,VND-015,Furniture,30/07/2025,05/08/2025,08/08/2025,Delivered,2,3800,East,7600,July,9,3,0,1,0,0,2,,,
ORD-2845,VND-012,Office Supplies,30/07/2025,08/08/2025,09/08/2025,Delivered,86,22,West,1892,July,10,1,0,1,0,0,86,,,
ORD-2846,VND-004,Furniture,30/07/2025,04/08/2025,06/08/2025,Delivered,2,18000,International,36000,July,7,2,0,1,0,0,2,,,
ORD-2847,VND-015,Electronics,30/07/2025,06/08/2025,,In Transit,2,5000,South,10000,July,,,1,0,0,0,0,,,
ORD-2848,VND-011,Office Supplies,30/07/2025,07/08/2025,09/08/2025,Delivered,68,18,International,1224,July,10,2,0,1,0,0,68,,,
ORD-2849,VND-007,Office Supplies,30/07/2025,03/08/2025,,In Transit,110,40,West,4400,July,,,1,0,0,0,0,,,
ORD-2850,VND-006,Electronics,30/07/2025,08/08/2025,11/08/2025,Delivered,1,3100,Central,3100,July,12,3,0,1,0,0,1,,,
ORD-2851,VND-014,Apparel,30/07/2025,05/08/2025,,In Transit,31,180,West,5580,July,,,1,0,0,0,0,,,
ORD-2852,VND-002,Office Supplies,30/07/2025,03/08/2025,06/08/2025,Delivered,23,45,North,1035,July,7,3,0,1,0,0,23,,,
ORD-2853,VND-012,Apparel,30/07/2025,07/08/2025,06/08/2025,Delivered,7,90,West,630,July,7,-1,0,0,0,1,7,,,
ORD-2854,VND-011,Office Supplies,30/07/2025,04/08/2025,02/08/2025,Delivered,40,80,Central,3200,July,3,-2,0,0,0,1,40,,,
ORD-2855,VND-011,Office Supplies,30/07/2025,04/08/2025,06/08/2025,Delivered,9,40,North,360,July,7,2,0,1,0,0,9,,,
ORD-2856,VND-013,Apparel,30/07/2025,06/08/2025,08/08/2025,Delivered,50,250,East,12500,July,9,2,0,1,0,0,50,,,
ORD-2857,VND-005,Office Supplies,31/07/2025,09/08/2025,,In Transit,22,40,North,880,July,,,1,0,0,0,0,,,
ORD-2858,VND-007,Apparel,31/07/2025,07/08/2025,06/08/2025,Delivered,49,195,International,9555,July,6,-1,0,0,0,1,49,,,
ORD-2859,VND-011,Electronics,31/07/2025,06/08/2025,06/08/2025,Delivered,10,8500,South,85000,July,6,0,0,0,1,0,10,,,
ORD-2860,VND-007,Apparel,31/07/2025,08/08/2025,10/08/2025,Delivered,45,130,International,5850,July,10,2,0,1,0,0,45,,,
ORD-2861,VND-015,Electronics,31/07/2025,05/08/2025,05/08/2025,Delivered,8,8500,North,68000,July,5,0,0,0,1,0,8,,,
ORD-2862,VND-005,Office Supplies,31/07/2025,06/08/2025,,In Transit,83,500,East,41500,July,,,1,0,0,0,0,,,
ORD-2863,VND-012,Apparel,31/07/2025,08/08/2025,11/08/2025,Delivered,24,90,West,2160,July,11,3,0,1,0,0,24,,,
ORD-2864,VND-015,Office Supplies,31/07/2025,06/08/2025,,Cancelled,61,500,North,30500,July,,,1,0,0,0,0,,,
ORD-2865,VND-009,Apparel,31/07/2025,08/08/2025,,Cancelled,31,90,International,2790,July,,,1,0,0,0,0,,,
ORD-2866,VND-004,Electronics,31/07/2025,04/08/2025,04/08/2025,Delivered,7,7200,North,50400,July,4,0,0,0,1,0,7,,,
ORD-2867,VND-011,Electronics,31/07/2025,07/08/2025,06/08/2025,Delivered,8,7200,North,57600,July,6,-1,0,0,0,1,8,,,
ORD-2868,VND-003,Apparel,31/07/2025,08/08/2025,,In Transit,6,220,North,1320,July,,,1,0,0,0,0,,,
ORD-2869,VND-015,Electronics,31/07/2025,06/08/2025,06/08/2025,Delivered,2,1200,East,2400,July,6,0,0,0,1,0,2,,,
ORD-2870,VND-004,Office Supplies,31/07/2025,09/08/2025,11/08/2025,Delivered,25,22,Central,550,July,11,2,0,1,0,0,25,,,
ORD-2871,VND-005,Office Supplies,31/07/2025,07/08/2025,07/08/2025,Delivered,76,22,Central,1672,July,7,0,0,0,1,0,76,,,
ORD-2872,VND-013,Furniture,31/07/2025,04/08/2025,03/08/2025,Delivered,3,8000,North,24000,July,3,-1,0,0,0,1,3,,,
ORD-2873,VND-006,Electronics,31/07/2025,08/08/2025,,In Transit,4,5000,East,20000,July,,,1,0,0,0,0,,,
ORD-2874,VND-003,Office Supplies,31/07/2025,06/08/2025,09/08/2025,Delivered,103,80,East,8240,July,9,3,0,1,0,0,103,,,
ORD-2875,VND-002,Apparel,01/08/2025,10/08/2025,09/08/2025,Delivered,21,45,North,945,August,8,-1,0,0,0,1,21,,,
ORD-2876,VND-014,Electronics,01/08/2025,09/08/2025,,Cancelled,2,1100,International,2200,August,,,1,0,0,0,0,,,
ORD-2877,VND-013,Office Supplies,01/08/2025,09/08/2025,11/08/2025,Delivered,22,80,International,1760,August,10,2,0,1,0,0,22,,,
ORD-2878,VND-004,Electronics,01/08/2025,08/08/2025,06/08/2025,Delivered,10,29000,South,290000,August,5,-2,0,0,0,1,10,,,
ORD-2879,VND-005,Apparel,01/08/2025,10/08/2025,,In Transit,39,130,North,5070,August,,,1,0,0,0,0,,,
ORD-2880,VND-004,Office Supplies,01/08/2025,09/08/2025,10/08/2025,Delivered,81,95,South,7695,August,9,1,0,1,0,0,81,,,
ORD-2881,VND-014,Furniture,01/08/2025,09/08/2025,11/08/2025,Delivered,2,3800,International,7600,August,10,2,0,1,0,0,2,,,
ORD-2882,VND-011,Furniture,01/08/2025,08/08/2025,06/08/2025,Delivered,2,8000,International,16000,August,5,-2,0,0,0,1,2,,,
ORD-2883,VND-013,Electronics,01/08/2025,06/08/2025,09/08/2025,Delivered,7,3100,North,21700,August,8,3,0,1,0,0,7,,,
ORD-2884,VND-015,Apparel,01/08/2025,07/08/2025,09/08/2025,Delivered,48,320,South,15360,August,8,2,0,1,0,0,48,,,
ORD-2885,VND-012,Office Supplies,01/08/2025,05/08/2025,08/08/2025,Delivered,14,15,South,210,August,7,3,0,1,0,0,14,,,
ORD-2886,VND-003,Apparel,02/08/2025,08/08/2025,,Cancelled,5,140,North,700,August,,,1,0,0,0,0,,,
ORD-2887,VND-008,Office Supplies,02/08/2025,10/08/2025,10/08/2025,Delivered,96,15,South,1440,August,8,0,0,0,1,0,96,,,
ORD-2888,VND-010,Electronics,02/08/2025,09/08/2025,,Cancelled,7,1800,West,12600,August,,,1,0,0,0,0,,,
ORD-2889,VND-004,Office Supplies,02/08/2025,11/08/2025,,Cancelled,61,18,International,1098,August,,,1,0,0,0,0,,,
ORD-2890,VND-014,Apparel,02/08/2025,06/08/2025,04/08/2025,Delivered,33,220,Central,7260,August,2,-2,0,0,0,1,33,,,
ORD-2891,VND-002,Apparel,02/08/2025,11/08/2025,,In Transit,47,110,East,5170,August,,,1,0,0,0,0,,,
ORD-2892,VND-002,Electronics,02/08/2025,07/08/2025,06/08/2025,Delivered,2,7200,South,14400,August,4,-1,0,0,0,1,2,,,
ORD-2893,VND-001,Apparel,02/08/2025,08/08/2025,,Cancelled,18,180,South,3240,August,,,1,0,0,0,0,,,
ORD-2894,VND-013,Office Supplies,02/08/2025,09/08/2025,09/08/2025,Delivered,62,30,East,1860,August,7,0,0,0,1,0,62,,,
ORD-2895,VND-004,Electronics,02/08/2025,10/08/2025,08/08/2025,Delivered,1,7200,South,7200,August,6,-2,0,0,0,1,1,,,
ORD-2896,VND-010,Office Supplies,02/08/2025,08/08/2025,08/08/2025,Delivered,104,45,East,4680,August,6,0,0,0,1,0,104,,,
ORD-2897,VND-009,Apparel,02/08/2025,11/08/2025,09/08/2025,Delivered,15,60,North,900,August,7,-2,0,0,0,1,15,,,
ORD-2898,VND-014,Electronics,02/08/2025,06/08/2025,05/08/2025,Delivered,8,13500,West,108000,August,3,-1,0,0,0,1,8,,,
ORD-2899,VND-011,Office Supplies,03/08/2025,08/08/2025,06/08/2025,Delivered,30,25,West,750,August,3,-2,0,0,0,1,30,,,
ORD-2900,VND-007,Apparel,03/08/2025,09/08/2025,11/08/2025,Delivered,20,180,International,3600,August,8,2,0,1,0,0,20,,,
ORD-2901,VND-015,Apparel,03/08/2025,09/08/2025,11/08/2025,Delivered,48,130,Central,6240,August,8,2,0,1,0,0,48,,,
ORD-2902,VND-012,Furniture,03/08/2025,07/08/2025,10/08/2025,Delivered,2,8000,South,16000,August,7,3,0,1,0,0,2,,,
ORD-2903,VND-010,Apparel,03/08/2025,11/08/2025,10/08/2025,Delivered,5,75,Central,375,August,7,-1,0,0,0,1,5,,,
ORD-2904,VND-007,Office Supplies,03/08/2025,12/08/2025,10/08/2025,Delivered,113,50,North,5650,August,7,-2,0,0,0,1,113,,,
ORD-2905,VND-013,Electronics,03/08/2025,10/08/2025,12/08/2025,Delivered,9,3000,West,27000,August,9,2,0,1,0,0,9,,,
ORD-2906,VND-015,Furniture,03/08/2025,11/08/2025,,In Transit,3,9500,North,28500,August,,,1,0,0,0,0,,,
ORD-2907,VND-007,Apparel,03/08/2025,12/08/2025,,Cancelled,9,45,North,405,August,,,1,0,0,0,0,,,
ORD-2908,VND-015,Apparel,03/08/2025,10/08/2025,11/08/2025,Delivered,54,320,South,17280,August,8,1,0,1,0,0,54,,,
ORD-2909,VND-008,Apparel,03/08/2025,07/08/2025,10/08/2025,Delivered,9,195,North,1755,August,7,3,0,1,0,0,9,,,
ORD-2910,VND-001,Office Supplies,03/08/2025,09/08/2025,10/08/2025,Delivered,51,22,West,1122,August,7,1,0,1,0,0,51,,,
ORD-2911,VND-010,Furniture,04/08/2025,12/08/2025,13/08/2025,Delivered,1,6500,Central,6500,August,9,1,0,1,0,0,1,,,
ORD-2912,VND-013,Office Supplies,04/08/2025,08/08/2025,06/08/2025,Delivered,72,30,West,2160,August,2,-2,0,0,0,1,72,,,
ORD-2913,VND-010,Furniture,04/08/2025,12/08/2025,,In Transit,3,16500,South,49500,August,,,1,0,0,0,0,,,
ORD-2914,VND-008,Electronics,04/08/2025,12/08/2025,14/08/2025,Delivered,7,2400,West,16800,August,10,2,0,1,0,0,7,,,
ORD-2915,VND-004,Office Supplies,04/08/2025,10/08/2025,,In Transit,65,25,East,1625,August,,,1,0,0,0,0,,,
ORD-2916,VND-004,Office Supplies,04/08/2025,12/08/2025,15/08/2025,Delivered,59,18,Central,1062,August,11,3,0,1,0,0,59,,,
ORD-2917,VND-004,Electronics,04/08/2025,08/08/2025,06/08/2025,Delivered,1,3100,East,3100,August,2,-2,0,0,0,1,1,,,
ORD-2918,VND-006,Furniture,04/08/2025,11/08/2025,13/08/2025,Delivered,2,8000,East,16000,August,9,2,0,1,0,0,2,,,
ORD-2919,VND-007,Apparel,04/08/2025,10/08/2025,13/08/2025,Delivered,52,250,International,13000,August,9,3,0,1,0,0,52,,,
ORD-2920,VND-006,Electronics,04/08/2025,09/08/2025,10/08/2025,Delivered,1,3000,South,3000,August,6,1,0,1,0,0,1,,,
ORD-2921,VND-001,Apparel,04/08/2025,13/08/2025,,In Transit,10,220,North,2200,August,,,1,0,0,0,0,,,
ORD-2922,VND-012,Apparel,04/08/2025,10/08/2025,12/08/2025,Delivered,37,110,East,4070,August,8,2,0,1,0,0,37,,,
ORD-2923,VND-008,Electronics,04/08/2025,10/08/2025,,In Transit,10,1100,West,11000,August,,,1,0,0,0,0,,,
ORD-2924,VND-013,Furniture,04/08/2025,09/08/2025,12/08/2025,Delivered,3,6500,North,19500,August,8,3,0,1,0,0,3,,,
ORD-2925,VND-010,Apparel,04/08/2025,10/08/2025,09/08/2025,Delivered,33,60,West,1980,August,5,-1,0,0,0,1,33,,,
ORD-2926,VND-015,Electronics,05/08/2025,10/08/2025,13/08/2025,Delivered,1,2400,West,2400,August,8,3,0,1,0,0,1,,,
ORD-2927,VND-011,Office Supplies,05/08/2025,10/08/2025,13/08/2025,Delivered,41,25,North,1025,August,8,3,0,1,0,0,41,,,
ORD-2928,VND-013,Office Supplies,05/08/2025,11/08/2025,13/08/2025,Delivered,49,12,North,588,August,8,2,0,1,0,0,49,,,
ORD-2929,VND-007,Office Supplies,05/08/2025,09/08/2025,07/08/2025,Delivered,67,80,West,5360,August,2,-2,0,0,0,1,67,,,
ORD-2930,VND-006,Electronics,05/08/2025,11/08/2025,13/08/2025,Delivered,1,29000,South,29000,August,8,2,0,1,0,0,1,,,
ORD-2931,VND-006,Office Supplies,05/08/2025,09/08/2025,08/08/2025,Delivered,11,40,Central,440,August,3,-1,0,0,0,1,11,,,
ORD-2932,VND-005,Apparel,05/08/2025,11/08/2025,11/08/2025,Delivered,18,60,International,1080,August,6,0,0,0,1,0,18,,,
ORD-2933,VND-006,Office Supplies,05/08/2025,12/08/2025,13/08/2025,Delivered,41,12,Central,492,August,8,1,0,1,0,0,41,,,
ORD-2934,VND-012,Office Supplies,05/08/2025,12/08/2025,15/08/2025,Delivered,60,30,South,1800,August,10,3,0,1,0,0,60,,,
ORD-2935,VND-009,Apparel,05/08/2025,13/08/2025,,Cancelled,20,130,International,2600,August,,,1,0,0,0,0,,,
ORD-2936,VND-010,Office Supplies,05/08/2025,11/08/2025,12/08/2025,Delivered,57,150,North,8550,August,7,1,0,1,0,0,57,,,
ORD-2937,VND-009,Apparel,06/08/2025,12/08/2025,11/08/2025,Delivered,32,140,International,4480,August,5,-1,0,0,0,1,32,,,
ORD-2938,VND-015,Office Supplies,06/08/2025,13/08/2025,13/08/2025,Delivered,93,45,West,4185,August,7,0,0,0,1,0,93,,,
ORD-2939,VND-010,Apparel,06/08/2025,14/08/2025,17/08/2025,Delivered,10,195,Central,1950,August,11,3,0,1,0,0,10,,,
ORD-2940,VND-008,Office Supplies,06/08/2025,14/08/2025,16/08/2025,Delivered,49,15,International,735,August,10,2,0,1,0,0,49,,,
ORD-2941,VND-010,Apparel,06/08/2025,13/08/2025,,Cancelled,11,110,West,1210,August,,,1,0,0,0,0,,,
ORD-2942,VND-009,Electronics,06/08/2025,14/08/2025,17/08/2025,Delivered,1,1800,South,1800,August,11,3,0,1,0,0,1,,,
ORD-2943,VND-013,Apparel,06/08/2025,10/08/2025,,In Transit,24,320,International,7680,August,,,1,0,0,0,0,,,
ORD-2944,VND-010,Office Supplies,06/08/2025,15/08/2025,14/08/2025,Delivered,9,40,West,360,August,8,-1,0,0,0,1,9,,,
ORD-2945,VND-008,Office Supplies,06/08/2025,15/08/2025,15/08/2025,Delivered,103,12,South,1236,August,9,0,0,0,1,0,103,,,
ORD-2946,VND-008,Furniture,06/08/2025,10/08/2025,11/08/2025,Delivered,3,21000,North,63000,August,5,1,0,1,0,0,3,,,
ORD-2947,VND-001,Apparel,06/08/2025,12/08/2025,15/08/2025,Delivered,13,250,South,3250,August,9,3,0,1,0,0,13,,,
ORD-2948,VND-010,Electronics,06/08/2025,12/08/2025,14/08/2025,Delivered,2,3000,South,6000,August,8,2,0,1,0,0,2,,,
ORD-2949,VND-011,Apparel,06/08/2025,12/08/2025,12/08/2025,Delivered,8,320,Central,2560,August,6,0,0,0,1,0,8,,,
ORD-2950,VND-005,Apparel,06/08/2025,15/08/2025,14/08/2025,Delivered,25,130,West,3250,August,8,-1,0,0,0,1,25,,,
ORD-2951,VND-004,Electronics,06/08/2025,15/08/2025,,Cancelled,1,1200,International,1200,August,,,1,0,0,0,0,,,
ORD-2952,VND-002,Apparel,06/08/2025,13/08/2025,11/08/2025,Delivered,21,75,Central,1575,August,5,-2,0,0,0,1,21,,,
ORD-2953,VND-008,Electronics,06/08/2025,14/08/2025,,In Transit,8,7200,East,57600,August,,,1,0,0,0,0,,,
ORD-2954,VND-003,Electronics,06/08/2025,11/08/2025,09/08/2025,Delivered,4,3100,South,12400,August,3,-2,0,0,0,1,4,,,
ORD-2955,VND-004,Apparel,06/08/2025,10/08/2025,09/08/2025,Delivered,16,195,East,3120,August,3,-1,0,0,0,1,16,,,
ORD-2956,VND-012,Apparel,06/08/2025,14/08/2025,,Cancelled,27,60,Central,1620,August,,,1,0,0,0,0,,,
ORD-2957,VND-007,Office Supplies,07/08/2025,14/08/2025,,In Transit,105,18,West,1890,August,,,1,0,0,0,0,,,
ORD-2958,VND-010,Office Supplies,07/08/2025,12/08/2025,,In Transit,95,80,Central,7600,August,,,1,0,0,0,0,,,
ORD-2959,VND-009,Furniture,07/08/2025,12/08/2025,11/08/2025,Delivered,3,15000,West,45000,August,4,-1,0,0,0,1,3,,,
ORD-2960,VND-002,Furniture,07/08/2025,15/08/2025,14/08/2025,Delivered,1,6500,West,6500,August,7,-1,0,0,0,1,1,,,
ORD-2961,VND-003,Apparel,07/08/2025,12/08/2025,12/08/2025,Delivered,29,320,North,9280,August,5,0,0,0,1,0,29,,,
ORD-2962,VND-004,Electronics,07/08/2025,13/08/2025,13/08/2025,Delivered,10,45000,South,450000,August,6,0,0,0,1,0,10,,,
ORD-2963,VND-010,Furniture,07/08/2025,13/08/2025,12/08/2025,Delivered,1,18000,Central,18000,August,5,-1,0,0,0,1,1,,,
ORD-2964,VND-001,Apparel,07/08/2025,13/08/2025,,In Transit,46,75,West,3450,August,,,1,0,0,0,0,,,
ORD-2965,VND-007,Furniture,07/08/2025,11/08/2025,,In Transit,3,12000,Central,36000,August,,,1,0,0,0,0,,,
ORD-2966,VND-002,Electronics,07/08/2025,14/08/2025,14/08/2025,Delivered,9,45000,Central,405000,August,7,0,0,0,1,0,9,,,
ORD-2967,VND-005,Apparel,07/08/2025,15/08/2025,16/08/2025,Delivered,42,75,West,3150,August,9,1,0,1,0,0,42,,,
ORD-2968,VND-015,Electronics,07/08/2025,16/08/2025,,In Transit,5,5000,International,25000,August,,,1,0,0,0,0,,,
ORD-2969,VND-001,Apparel,07/08/2025,16/08/2025,14/08/2025,Delivered,36,320,East,11520,August,7,-2,0,0,0,1,36,,,
ORD-2970,VND-003,Furniture,08/08/2025,15/08/2025,16/08/2025,Delivered,2,16500,South,33000,August,8,1,0,1,0,0,2,,,
ORD-2971,VND-012,Office Supplies,08/08/2025,12/08/2025,15/08/2025,Delivered,103,15,South,1545,August,7,3,0,1,0,0,103,,,
ORD-2972,VND-002,Furniture,08/08/2025,14/08/2025,12/08/2025,Delivered,3,14000,International,42000,August,4,-2,0,0,0,1,3,,,
ORD-2973,VND-001,Furniture,08/08/2025,16/08/2025,,Cancelled,1,12000,North,12000,August,,,1,0,0,0,0,,,
ORD-2974,VND-007,Office Supplies,08/08/2025,12/08/2025,11/08/2025,Delivered,45,500,International,22500,August,3,-1,0,0,0,1,45,,,
ORD-2975,VND-005,Office Supplies,08/08/2025,17/08/2025,16/08/2025,Delivered,9,50,North,450,August,8,-1,0,0,0,1,9,,,
ORD-2976,VND-001,Apparel,08/08/2025,17/08/2025,20/08/2025,Delivered,48,110,North,5280,August,12,3,0,1,0,0,48,,,
ORD-2977,VND-006,Apparel,08/08/2025,15/08/2025,,Cancelled,38,75,International,2850,August,,,1,0,0,0,0,,,
ORD-2978,VND-005,Electronics,08/08/2025,14/08/2025,,In Transit,7,5000,South,35000,August,,,1,0,0,0,0,,,
ORD-2979,VND-015,Electronics,08/08/2025,14/08/2025,17/08/2025,Delivered,10,1100,East,11000,August,9,3,0,1,0,0,10,,,
ORD-2980,VND-003,Furniture,08/08/2025,17/08/2025,16/08/2025,Delivered,3,16500,South,49500,August,8,-1,0,0,0,1,3,,,
ORD-2981,VND-012,Office Supplies,08/08/2025,16/08/2025,14/08/2025,Delivered,53,95,South,5035,August,6,-2,0,0,0,1,53,,,
ORD-2982,VND-007,Electronics,08/08/2025,17/08/2025,20/08/2025,Delivered,4,3100,South,12400,August,12,3,0,1,0,0,4,,,
ORD-2983,VND-011,Furniture,08/08/2025,12/08/2025,10/08/2025,Delivered,3,6500,International,19500,August,2,-2,0,0,0,1,3,,,
ORD-2984,VND-010,Office Supplies,08/08/2025,16/08/2025,18/08/2025,Delivered,31,45,International,1395,August,10,2,0,1,0,0,31,,,
ORD-2985,VND-009,Apparel,09/08/2025,13/08/2025,16/08/2025,Delivered,21,180,International,3780,August,7,3,0,1,0,0,21,,,
ORD-2986,VND-014,Furniture,09/08/2025,18/08/2025,16/08/2025,Delivered,2,21000,South,42000,August,7,-2,0,0,0,1,2,,,
ORD-2987,VND-013,Apparel,09/08/2025,18/08/2025,20/08/2025,Delivered,45,140,East,6300,August,11,2,0,1,0,0,45,,,
ORD-2988,VND-013,Electronics,09/08/2025,13/08/2025,,In Transit,8,1200,North,9600,August,,,1,0,0,0,0,,,
ORD-2989,VND-009,Electronics,09/08/2025,17/08/2025,20/08/2025,Delivered,4,5000,Central,20000,August,11,3,0,1,0,0,4,,,
ORD-2990,VND-014,Office Supplies,09/08/2025,18/08/2025,19/08/2025,Delivered,93,40,North,3720,August,10,1,0,1,0,0,93,,,
ORD-2991,VND-009,Furniture,09/08/2025,14/08/2025,,Cancelled,1,14000,North,14000,August,,,1,0,0,0,0,,,
ORD-2992,VND-002,Apparel,09/08/2025,14/08/2025,16/08/2025,Delivered,24,45,Central,1080,August,7,2,0,1,0,0,24,,,
ORD-2993,VND-003,Office Supplies,09/08/2025,13/08/2025,12/08/2025,Delivered,102,45,South,4590,August,3,-1,0,0,0,1,102,,,
ORD-2994,VND-007,Electronics,09/08/2025,18/08/2025,18/08/2025,Delivered,10,5000,East,50000,August,9,0,0,0,1,0,10,,,
ORD-2995,VND-005,Electronics,09/08/2025,13/08/2025,15/08/2025,Delivered,8,13500,East,108000,August,6,2,0,1,0,0,8,,,
ORD-2996,VND-002,Furniture,09/08/2025,18/08/2025,21/08/2025,Delivered,1,8000,North,8000,August,12,3,0,1,0,0,1,,,
ORD-2997,VND-003,Apparel,09/08/2025,15/08/2025,17/08/2025,Delivered,29,110,Central,3190,August,8,2,0,1,0,0,29,,,
ORD-2998,VND-010,Furniture,10/08/2025,14/08/2025,,In Transit,1,16500,West,16500,August,,,1,0,0,0,0,,,
ORD-2999,VND-006,Apparel,10/08/2025,19/08/2025,20/08/2025,Delivered,52,195,South,10140,August,10,1,0,1,0,0,52,,,
ORD-3000,VND-013,Apparel,10/08/2025,19/08/2025,20/08/2025,Delivered,24,90,North,2160,August,10,1,0,1,0,0,24,,,
ORD-3001,VND-007,Furniture,10/08/2025,17/08/2025,15/08/2025,Delivered,3,14000,East,42000,August,5,-2,0,0,0,1,3,,,
ORD-3002,VND-009,Office Supplies,10/08/2025,14/08/2025,14/08/2025,Delivered,14,95,International,1330,August,4,0,0,0,1,0,14,,,
ORD-3003,VND-001,Furniture,10/08/2025,19/08/2025,17/08/2025,Delivered,1,9500,International,9500,August,7,-2,0,0,0,1,1,,,
ORD-3004,VND-011,Furniture,10/08/2025,14/08/2025,14/08/2025,Delivered,3,6500,Central,19500,August,4,0,0,0,1,0,3,,,
ORD-3005,VND-007,Electronics,10/08/2025,16/08/2025,19/08/2025,Delivered,6,7200,Central,43200,August,9,3,0,1,0,0,6,,,
ORD-3006,VND-008,Electronics,10/08/2025,18/08/2025,17/08/2025,Delivered,10,29000,North,290000,August,7,-1,0,0,0,1,10,,,
ORD-3007,VND-012,Furniture,10/08/2025,19/08/2025,,In Transit,1,6500,West,6500,August,,,1,0,0,0,0,,,
ORD-3008,VND-014,Furniture,10/08/2025,15/08/2025,17/08/2025,Delivered,3,4500,East,13500,August,7,2,0,1,0,0,3,,,
ORD-3009,VND-003,Electronics,10/08/2025,17/08/2025,,Cancelled,5,2400,North,12000,August,,,1,0,0,0,0,,,
ORD-3010,VND-004,Apparel,10/08/2025,19/08/2025,17/08/2025,Delivered,33,110,West,3630,August,7,-2,0,0,0,1,33,,,
ORD-3011,VND-010,Furniture,10/08/2025,16/08/2025,19/08/2025,Delivered,2,6500,Central,13000,August,9,3,0,1,0,0,2,,,
ORD-3012,VND-006,Office Supplies,11/08/2025,17/08/2025,,In Transit,72,22,International,1584,August,,,1,0,0,0,0,,,
ORD-3013,VND-010,Office Supplies,11/08/2025,18/08/2025,18/08/2025,Delivered,93,15,South,1395,August,7,0,0,0,1,0,93,,,
ORD-3014,VND-007,Office Supplies,11/08/2025,18/08/2025,20/08/2025,Delivered,57,12,International,684,August,9,2,0,1,0,0,57,,,
ORD-3015,VND-013,Furniture,11/08/2025,18/08/2025,17/08/2025,Delivered,1,6500,East,6500,August,6,-1,0,0,0,1,1,,,
ORD-3016,VND-014,Apparel,11/08/2025,20/08/2025,21/08/2025,Delivered,6,90,East,540,August,10,1,0,1,0,0,6,,,
ORD-3017,VND-004,Apparel,11/08/2025,20/08/2025,22/08/2025,Delivered,20,130,International,2600,August,11,2,0,1,0,0,20,,,
ORD-3018,VND-008,Electronics,11/08/2025,18/08/2025,,Cancelled,1,8500,International,8500,August,,,1,0,0,0,0,,,
ORD-3019,VND-005,Furniture,11/08/2025,19/08/2025,18/08/2025,Delivered,1,14000,West,14000,August,7,-1,0,0,0,1,1,,,
ORD-3020,VND-001,Apparel,11/08/2025,15/08/2025,,In Transit,42,90,North,3780,August,,,1,0,0,0,0,,,
ORD-3021,VND-004,Furniture,11/08/2025,19/08/2025,17/08/2025,Delivered,2,14000,Central,28000,August,6,-2,0,0,0,1,2,,,
ORD-3022,VND-003,Electronics,11/08/2025,19/08/2025,20/08/2025,Delivered,7,45000,West,315000,August,9,1,0,1,0,0,7,,,
ORD-3023,VND-009,Electronics,11/08/2025,15/08/2025,17/08/2025,Delivered,4,1800,South,7200,August,6,2,0,1,0,0,4,,,
ORD-3024,VND-008,Electronics,12/08/2025,21/08/2025,,In Transit,6,1100,International,6600,August,,,1,0,0,0,0,,,
ORD-3025,VND-001,Office Supplies,12/08/2025,20/08/2025,,In Transit,89,40,South,3560,August,,,1,0,0,0,0,,,
ORD-3026,VND-011,Furniture,12/08/2025,16/08/2025,19/08/2025,Delivered,3,6500,South,19500,August,7,3,0,1,0,0,3,,,
ORD-3027,VND-006,Electronics,12/08/2025,20/08/2025,18/08/2025,Delivered,1,1200,West,1200,August,6,-2,0,0,0,1,1,,,
ORD-3028,VND-009,Furniture,12/08/2025,17/08/2025,17/08/2025,Delivered,2,16500,Central,33000,August,5,0,0,0,1,0,2,,,
ORD-3029,VND-007,Office Supplies,12/08/2025,17/08/2025,15/08/2025,Delivered,103,500,East,51500,August,3,-2,0,0,0,1,103,,,
ORD-3030,VND-004,Office Supplies,12/08/2025,19/08/2025,20/08/2025,Delivered,64,40,North,2560,August,8,1,0,1,0,0,64,,,
ORD-3031,VND-013,Electronics,12/08/2025,18/08/2025,,In Transit,7,13500,East,94500,August,,,1,0,0,0,0,,,
ORD-3032,VND-001,Electronics,12/08/2025,16/08/2025,19/08/2025,Delivered,8,45000,Central,360000,August,7,3,0,1,0,0,8,,,
ORD-3033,VND-012,Apparel,12/08/2025,20/08/2025,19/08/2025,Delivered,16,180,East,2880,August,7,-1,0,0,0,1,16,,,
ORD-3034,VND-002,Furniture,12/08/2025,21/08/2025,20/08/2025,Delivered,1,4500,International,4500,August,8,-1,0,0,0,1,1,,,
ORD-3035,VND-012,Electronics,12/08/2025,18/08/2025,18/08/2025,Delivered,8,7200,International,57600,August,6,0,0,0,1,0,8,,,
ORD-3036,VND-005,Apparel,12/08/2025,18/08/2025,21/08/2025,Delivered,33,110,West,3630,August,9,3,0,1,0,0,33,,,
ORD-3037,VND-012,Furniture,12/08/2025,21/08/2025,21/08/2025,Delivered,1,7000,South,7000,August,9,0,0,0,1,0,1,,,
ORD-3038,VND-011,Electronics,13/08/2025,22/08/2025,,In Transit,5,1200,Central,6000,August,,,1,0,0,0,0,,,
ORD-3039,VND-005,Apparel,13/08/2025,19/08/2025,22/08/2025,Delivered,54,110,Central,5940,August,9,3,0,1,0,0,54,,,
ORD-3040,VND-008,Apparel,13/08/2025,19/08/2025,21/08/2025,Delivered,47,75,East,3525,August,8,2,0,1,0,0,47,,,
ORD-3041,VND-006,Furniture,13/08/2025,21/08/2025,20/08/2025,Delivered,1,15000,West,15000,August,7,-1,0,0,0,1,1,,,
ORD-3042,VND-008,Apparel,13/08/2025,18/08/2025,18/08/2025,Delivered,54,320,East,17280,August,5,0,0,0,1,0,54,,,
ORD-3043,VND-002,Furniture,13/08/2025,18/08/2025,21/08/2025,Delivered,2,16500,East,33000,August,8,3,0,1,0,0,2,,,
ORD-3044,VND-003,Furniture,13/08/2025,19/08/2025,21/08/2025,Delivered,2,7000,Central,14000,August,8,2,0,1,0,0,2,,,
ORD-3045,VND-006,Furniture,13/08/2025,20/08/2025,22/08/2025,Delivered,2,12000,East,24000,August,9,2,0,1,0,0,2,,,
ORD-3046,VND-012,Office Supplies,13/08/2025,17/08/2025,,In Transit,54,150,South,8100,August,,,1,0,0,0,0,,,
ORD-3047,VND-013,Apparel,13/08/2025,21/08/2025,19/08/2025,Delivered,14,45,East,630,August,6,-2,0,0,0,1,14,,,
ORD-3048,VND-010,Furniture,13/08/2025,18/08/2025,20/08/2025,Delivered,3,4500,South,13500,August,7,2,0,1,0,0,3,,,
ORD-3049,VND-003,Electronics,13/08/2025,20/08/2025,,Cancelled,5,1200,Central,6000,August,,,1,0,0,0,0,,,
ORD-3050,VND-006,Office Supplies,13/08/2025,22/08/2025,24/08/2025,Delivered,11,50,West,550,August,11,2,0,1,0,0,11,,,
ORD-3051,VND-006,Office Supplies,13/08/2025,22/08/2025,,Cancelled,66,150,International,9900,August,,,1,0,0,0,0,,,
ORD-3052,VND-002,Apparel,13/08/2025,21/08/2025,23/08/2025,Delivered,53,45,South,2385,August,10,2,0,1,0,0,53,,,
ORD-3053,VND-007,Furniture,13/08/2025,22/08/2025,25/08/2025,Delivered,1,7000,West,7000,August,12,3,0,1,0,0,1,,,
ORD-3054,VND-012,Apparel,13/08/2025,19/08/2025,,In Transit,29,180,West,5220,August,,,1,0,0,0,0,,,
ORD-3055,VND-002,Office Supplies,13/08/2025,21/08/2025,,Cancelled,94,12,South,1128,August,,,1,0,0,0,0,,,
ORD-3056,VND-006,Furniture,13/08/2025,21/08/2025,22/08/2025,Delivered,3,15000,Central,45000,August,9,1,0,1,0,0,3,,,
ORD-3057,VND-001,Electronics,13/08/2025,22/08/2025,25/08/2025,Delivered,9,3000,North,27000,August,12,3,0,1,0,0,9,,,
ORD-3058,VND-003,Furniture,14/08/2025,18/08/2025,16/08/2025,Delivered,1,9500,West,9500,August,2,-2,0,0,0,1,1,,,
ORD-3059,VND-002,Office Supplies,14/08/2025,23/08/2025,,In Transit,50,350,West,17500,August,,,1,0,0,0,0,,,
ORD-3060,VND-007,Electronics,14/08/2025,21/08/2025,20/08/2025,Delivered,6,13500,Central,81000,August,6,-1,0,0,0,1,6,,,
ORD-3061,VND-014,Furniture,14/08/2025,22/08/2025,,In Transit,1,8000,Central,8000,August,,,1,0,0,0,0,,,
ORD-3062,VND-004,Electronics,14/08/2025,19/08/2025,20/08/2025,Delivered,1,1100,East,1100,August,6,1,0,1,0,0,1,,,
ORD-3063,VND-008,Electronics,14/08/2025,19/08/2025,17/08/2025,Delivered,5,3000,Central,15000,August,3,-2,0,0,0,1,5,,,
ORD-3064,VND-006,Office Supplies,14/08/2025,20/08/2025,19/08/2025,Delivered,78,15,West,1170,August,5,-1,0,0,0,1,78,,,
ORD-3065,VND-012,Electronics,14/08/2025,20/08/2025,19/08/2025,Delivered,6,1200,South,7200,August,5,-1,0,0,0,1,6,,,
ORD-3066,VND-010,Apparel,14/08/2025,21/08/2025,,Cancelled,17,220,North,3740,August,,,1,0,0,0,0,,,
ORD-3067,VND-004,Office Supplies,15/08/2025,21/08/2025,20/08/2025,Delivered,59,95,East,5605,August,5,-1,0,0,0,1,59,,,
ORD-3068,VND-005,Apparel,15/08/2025,22/08/2025,,Cancelled,30,110,South,3300,August,,,1,0,0,0,0,,,
ORD-3069,VND-013,Electronics,15/08/2025,24/08/2025,22/08/2025,Delivered,2,7200,North,14400,August,7,-2,0,0,0,1,2,,,
ORD-3070,VND-013,Apparel,15/08/2025,23/08/2025,24/08/2025,Delivered,24,45,North,1080,August,9,1,0,1,0,0,24,,,
ORD-3071,VND-015,Furniture,15/08/2025,22/08/2025,,In Transit,1,16500,North,16500,August,,,1,0,0,0,0,,,
ORD-3072,VND-015,Electronics,15/08/2025,19/08/2025,19/08/2025,Delivered,5,7200,International,36000,August,4,0,0,0,1,0,5,,,
ORD-3073,VND-009,Furniture,15/08/2025,20/08/2025,20/08/2025,Delivered,3,7000,South,21000,August,5,0,0,0,1,0,3,,,
ORD-3074,VND-007,Apparel,15/08/2025,22/08/2025,25/08/2025,Delivered,52,180,East,9360,August,10,3,0,1,0,0,52,,,
ORD-3075,VND-010,Furniture,15/08/2025,20/08/2025,,In Transit,3,21000,East,63000,August,,,1,0,0,0,0,,,
ORD-3076,VND-014,Electronics,15/08/2025,23/08/2025,,In Transit,9,1800,North,16200,August,,,1,0,0,0,0,,,
ORD-3077,VND-014,Furniture,15/08/2025,23/08/2025,22/08/2025,Delivered,3,15000,South,45000,August,7,-1,0,0,0,1,3,,,
ORD-3078,VND-009,Apparel,15/08/2025,22/08/2025,,In Transit,22,90,International,1980,August,,,1,0,0,0,0,,,
ORD-3079,VND-007,Apparel,15/08/2025,24/08/2025,22/08/2025,Delivered,23,180,North,4140,August,7,-2,0,0,0,1,23,,,
ORD-3080,VND-012,Apparel,15/08/2025,24/08/2025,24/08/2025,Delivered,8,195,Central,1560,August,9,0,0,0,1,0,8,,,
ORD-3081,VND-001,Electronics,15/08/2025,24/08/2025,,In Transit,1,1100,East,1100,August,,,1,0,0,0,0,,,
ORD-3082,VND-012,Apparel,15/08/2025,24/08/2025,24/08/2025,Delivered,39,220,West,8580,August,9,0,0,0,1,0,39,,,
ORD-3083,VND-008,Electronics,15/08/2025,19/08/2025,,In Transit,2,13500,North,27000,August,,,1,0,0,0,0,,,
ORD-3084,VND-004,Furniture,15/08/2025,19/08/2025,21/08/2025,Delivered,2,4500,Central,9000,August,6,2,0,1,0,0,2,,,
ORD-3085,VND-003,Apparel,15/08/2025,19/08/2025,18/08/2025,Delivered,28,45,East,1260,August,3,-1,0,0,0,1,28,,,
ORD-3086,VND-014,Furniture,16/08/2025,24/08/2025,25/08/2025,Delivered,2,14000,International,28000,August,9,1,0,1,0,0,2,,,
ORD-3087,VND-013,Office Supplies,16/08/2025,24/08/2025,27/08/2025,Delivered,106,15,South,1590,August,11,3,0,1,0,0,106,,,
ORD-3088,VND-007,Furniture,16/08/2025,25/08/2025,27/08/2025,Delivered,1,8000,East,8000,August,11,2,0,1,0,0,1,,,
ORD-3089,VND-012,Office Supplies,16/08/2025,22/08/2025,20/08/2025,Delivered,22,500,South,11000,August,4,-2,0,0,0,1,22,,,
ORD-3090,VND-003,Furniture,16/08/2025,25/08/2025,28/08/2025,Delivered,1,9500,South,9500,August,12,3,0,1,0,0,1,,,
ORD-3091,VND-008,Electronics,16/08/2025,21/08/2025,19/08/2025,Delivered,4,5000,International,20000,August,3,-2,0,0,0,1,4,,,
ORD-3092,VND-006,Furniture,16/08/2025,25/08/2025,25/08/2025,Delivered,3,18000,International,54000,August,9,0,0,0,1,0,3,,,
ORD-3093,VND-005,Electronics,16/08/2025,25/08/2025,,In Transit,9,3100,North,27900,August,,,1,0,0,0,0,,,
ORD-3094,VND-004,Electronics,16/08/2025,20/08/2025,19/08/2025,Delivered,1,8500,North,8500,August,3,-1,0,0,0,1,1,,,
ORD-3095,VND-008,Apparel,16/08/2025,20/08/2025,20/08/2025,Delivered,48,220,East,10560,August,4,0,0,0,1,0,48,,,
ORD-3096,VND-008,Electronics,16/08/2025,21/08/2025,,Cancelled,9,3000,International,27000,August,,,1,0,0,0,0,,,
ORD-3097,VND-012,Office Supplies,16/08/2025,20/08/2025,20/08/2025,Delivered,110,12,Central,1320,August,4,0,0,0,1,0,110,,,
ORD-3098,VND-001,Apparel,16/08/2025,22/08/2025,,In Transit,8,320,East,2560,August,,,1,0,0,0,0,,,
ORD-3099,VND-009,Apparel,17/08/2025,25/08/2025,28/08/2025,Delivered,30,90,West,2700,August,11,3,0,1,0,0,30,,,
ORD-3100,VND-014,Furniture,17/08/2025,22/08/2025,21/08/2025,Delivered,1,9500,South,9500,August,4,-1,0,0,0,1,1,,,
ORD-3101,VND-005,Electronics,17/08/2025,26/08/2025,,In Transit,4,3100,South,12400,August,,,1,0,0,0,0,,,
ORD-3102,VND-004,Electronics,17/08/2025,21/08/2025,23/08/2025,Delivered,10,5000,North,50000,August,6,2,0,1,0,0,10,,,
ORD-3103,VND-006,Office Supplies,17/08/2025,22/08/2025,22/08/2025,Delivered,42,50,Central,2100,August,5,0,0,0,1,0,42,,,
ORD-3104,VND-006,Furniture,17/08/2025,22/08/2025,24/08/2025,Delivered,1,4500,International,4500,August,7,2,0,1,0,0,1,,,
ORD-3105,VND-002,Furniture,17/08/2025,26/08/2025,27/08/2025,Delivered,2,16500,International,33000,August,10,1,0,1,0,0,2,,,
ORD-3106,VND-008,Apparel,17/08/2025,26/08/2025,26/08/2025,Delivered,16,195,North,3120,August,9,0,0,0,1,0,16,,,
ORD-3107,VND-007,Apparel,17/08/2025,22/08/2025,,In Transit,37,140,West,5180,August,,,1,0,0,0,0,,,
ORD-3108,VND-001,Apparel,17/08/2025,26/08/2025,26/08/2025,Delivered,16,250,East,4000,August,9,0,0,0,1,0,16,,,
ORD-3109,VND-005,Office Supplies,17/08/2025,21/08/2025,21/08/2025,Delivered,20,18,East,360,August,4,0,0,0,1,0,20,,,
ORD-3110,VND-012,Office Supplies,17/08/2025,22/08/2025,,In Transit,34,50,Central,1700,August,,,1,0,0,0,0,,,
ORD-3111,VND-006,Apparel,17/08/2025,21/08/2025,19/08/2025,Delivered,44,75,North,3300,August,2,-2,0,0,0,1,44,,,
ORD-3112,VND-004,Furniture,18/08/2025,22/08/2025,23/08/2025,Delivered,1,15000,North,15000,August,5,1,0,1,0,0,1,,,
ORD-3113,VND-002,Office Supplies,18/08/2025,25/08/2025,,In Transit,52,80,West,4160,August,,,1,0,0,0,0,,,
ORD-3114,VND-013,Furniture,18/08/2025,22/08/2025,,In Transit,1,6500,East,6500,August,,,1,0,0,0,0,,,
ORD-3115,VND-014,Furniture,18/08/2025,27/08/2025,30/08/2025,Delivered,1,9500,North,9500,August,12,3,0,1,0,0,1,,,
ORD-3116,VND-004,Electronics,18/08/2025,27/08/2025,26/08/2025,Delivered,6,29000,International,174000,August,8,-1,0,0,0,1,6,,,
ORD-3117,VND-001,Apparel,18/08/2025,22/08/2025,25/08/2025,Delivered,46,90,Central,4140,August,7,3,0,1,0,0,46,,,
ORD-3118,VND-007,Electronics,18/08/2025,22/08/2025,22/08/2025,Delivered,2,13500,East,27000,August,4,0,0,0,1,0,2,,,
ORD-3119,VND-002,Apparel,18/08/2025,27/08/2025,27/08/2025,Delivered,10,220,West,2200,August,9,0,0,0,1,0,10,,,
ORD-3120,VND-013,Apparel,18/08/2025,24/08/2025,,In Transit,41,130,Central,5330,August,,,1,0,0,0,0,,,
ORD-3121,VND-002,Furniture,18/08/2025,27/08/2025,,Cancelled,3,18000,South,54000,August,,,1,0,0,0,0,,,
ORD-3122,VND-009,Apparel,18/08/2025,26/08/2025,,In Transit,52,195,International,10140,August,,,1,0,0,0,0,,,
ORD-3123,VND-005,Furniture,18/08/2025,24/08/2025,27/08/2025,Delivered,2,12000,West,24000,August,9,3,0,1,0,0,2,,,
ORD-3124,VND-002,Furniture,19/08/2025,25/08/2025,,In Transit,2,8000,Central,16000,August,,,1,0,0,0,0,,,
ORD-3125,VND-011,Apparel,19/08/2025,24/08/2025,25/08/2025,Delivered,20,130,North,2600,August,6,1,0,1,0,0,20,,,
ORD-3126,VND-009,Furniture,19/08/2025,26/08/2025,27/08/2025,Delivered,1,15000,South,15000,August,8,1,0,1,0,0,1,,,
ORD-3127,VND-009,Furniture,19/08/2025,27/08/2025,25/08/2025,Delivered,1,8000,West,8000,August,6,-2,0,0,0,1,1,,,
ORD-3128,VND-001,Furniture,19/08/2025,25/08/2025,24/08/2025,Delivered,3,4500,North,13500,August,5,-1,0,0,0,1,3,,,
ORD-3129,VND-011,Office Supplies,19/08/2025,27/08/2025,,Cancelled,26,150,International,3900,August,,,1,0,0,0,0,,,
ORD-3130,VND-003,Furniture,19/08/2025,26/08/2025,28/08/2025,Delivered,2,16500,South,33000,August,9,2,0,1,0,0,2,,,
ORD-3131,VND-004,Office Supplies,19/08/2025,24/08/2025,27/08/2025,Delivered,17,150,East,2550,August,8,3,0,1,0,0,17,,,
ORD-3132,VND-014,Office Supplies,19/08/2025,27/08/2025,,Cancelled,53,15,North,795,August,,,1,0,0,0,0,,,
ORD-3133,VND-007,Furniture,19/08/2025,26/08/2025,24/08/2025,Delivered,3,9500,Central,28500,August,5,-2,0,0,0,1,3,,,
ORD-3134,VND-010,Furniture,19/08/2025,26/08/2025,,In Transit,1,18000,West,18000,August,,,1,0,0,0,0,,,
ORD-3135,VND-004,Office Supplies,19/08/2025,26/08/2025,27/08/2025,Delivered,85,350,South,29750,August,8,1,0,1,0,0,85,,,
ORD-3136,VND-002,Office Supplies,19/08/2025,27/08/2025,26/08/2025,Delivered,41,15,North,615,August,7,-1,0,0,0,1,41,,,
ORD-3137,VND-007,Furniture,19/08/2025,26/08/2025,,Cancelled,1,6500,East,6500,August,,,1,0,0,0,0,,,
ORD-3138,VND-006,Furniture,19/08/2025,28/08/2025,30/08/2025,Delivered,3,12000,West,36000,August,11,2,0,1,0,0,3,,,
ORD-3139,VND-003,Apparel,20/08/2025,25/08/2025,23/08/2025,Delivered,31,110,West,3410,August,3,-2,0,0,0,1,31,,,
ORD-3140,VND-006,Office Supplies,20/08/2025,27/08/2025,27/08/2025,Delivered,78,50,North,3900,August,7,0,0,0,1,0,78,,,
ORD-3141,VND-011,Office Supplies,20/08/2025,28/08/2025,31/08/2025,Delivered,109,15,East,1635,August,11,3,0,1,0,0,109,,,
ORD-3142,VND-015,Apparel,20/08/2025,24/08/2025,22/08/2025,Delivered,37,45,International,1665,August,2,-2,0,0,0,1,37,,,
ORD-3143,VND-006,Office Supplies,20/08/2025,24/08/2025,26/08/2025,Delivered,103,80,International,8240,August,6,2,0,1,0,0,103,,,
ORD-3144,VND-012,Electronics,20/08/2025,25/08/2025,25/08/2025,Delivered,9,3100,South,27900,August,5,0,0,0,1,0,9,,,
ORD-3145,VND-005,Office Supplies,20/08/2025,29/08/2025,,In Transit,45,22,North,990,August,,,1,0,0,0,0,,,
ORD-3146,VND-004,Apparel,20/08/2025,25/08/2025,26/08/2025,Delivered,48,60,South,2880,August,6,1,0,1,0,0,48,,,
ORD-3147,VND-010,Electronics,20/08/2025,26/08/2025,25/08/2025,Delivered,10,1800,International,18000,August,5,-1,0,0,0,1,10,,,
ORD-3148,VND-012,Furniture,20/08/2025,27/08/2025,27/08/2025,Delivered,3,14000,West,42000,August,7,0,0,0,1,0,3,,,
ORD-3149,VND-015,Apparel,21/08/2025,29/08/2025,,Cancelled,27,195,South,5265,August,,,1,0,0,0,0,,,
ORD-3150,VND-001,Apparel,21/08/2025,30/08/2025,,Cancelled,5,60,East,300,August,,,1,0,0,0,0,,,
ORD-3151,VND-010,Furniture,21/08/2025,30/08/2025,31/08/2025,Delivered,3,15000,Central,45000,August,10,1,0,1,0,0,3,,,
ORD-3152,VND-006,Apparel,21/08/2025,26/08/2025,,In Transit,36,110,International,3960,August,,,1,0,0,0,0,,,
ORD-3153,VND-002,Office Supplies,21/08/2025,27/08/2025,28/08/2025,Delivered,91,12,International,1092,August,7,1,0,1,0,0,91,,,
ORD-3154,VND-013,Furniture,21/08/2025,28/08/2025,30/08/2025,Delivered,1,18000,East,18000,August,9,2,0,1,0,0,1,,,
ORD-3155,VND-003,Apparel,21/08/2025,28/08/2025,28/08/2025,Delivered,17,195,South,3315,August,7,0,0,0,1,0,17,,,
ORD-3156,VND-014,Furniture,21/08/2025,25/08/2025,25/08/2025,Delivered,1,16500,North,16500,August,4,0,0,0,1,0,1,,,
ORD-3157,VND-008,Furniture,21/08/2025,27/08/2025,29/08/2025,Delivered,1,3800,West,3800,August,8,2,0,1,0,0,1,,,
ORD-3158,VND-010,Furniture,21/08/2025,29/08/2025,01/09/2025,Delivered,3,8000,Central,24000,August,11,3,0,1,0,0,3,,,
ORD-3159,VND-014,Electronics,21/08/2025,30/08/2025,,Cancelled,1,2400,North,2400,August,,,1,0,0,0,0,,,
ORD-3160,VND-014,Apparel,21/08/2025,28/08/2025,,In Transit,20,320,North,6400,August,,,1,0,0,0,0,,,
ORD-3161,VND-006,Electronics,21/08/2025,30/08/2025,01/09/2025,Delivered,5,29000,East,145000,August,11,2,0,1,0,0,5,,,
ORD-3162,VND-003,Apparel,21/08/2025,28/08/2025,26/08/2025,Delivered,7,60,South,420,August,5,-2,0,0,0,1,7,,,
ORD-3163,VND-007,Office Supplies,21/08/2025,26/08/2025,28/08/2025,Delivered,77,95,International,7315,August,7,2,0,1,0,0,77,,,
ORD-3164,VND-004,Office Supplies,21/08/2025,29/08/2025,27/08/2025,Delivered,36,18,International,648,August,6,-2,0,0,0,1,36,,,
ORD-3165,VND-014,Office Supplies,21/08/2025,29/08/2025,01/09/2025,Delivered,65,12,East,780,August,11,3,0,1,0,0,65,,,
ORD-3166,VND-009,Apparel,21/08/2025,30/08/2025,02/09/2025,Delivered,15,110,South,1650,August,12,3,0,1,0,0,15,,,
ORD-3167,VND-015,Furniture,21/08/2025,25/08/2025,26/08/2025,Delivered,2,4500,East,9000,August,5,1,0,1,0,0,2,,,
ORD-3168,VND-005,Furniture,22/08/2025,30/08/2025,,In Transit,3,7000,International,21000,August,,,1,0,0,0,0,,,
ORD-3169,VND-003,Electronics,22/08/2025,30/08/2025,02/09/2025,Delivered,4,2400,North,9600,August,11,3,0,1,0,0,4,,,
ORD-3170,VND-002,Electronics,22/08/2025,29/08/2025,31/08/2025,Delivered,7,1100,West,7700,August,9,2,0,1,0,0,7,,,
ORD-3171,VND-011,Office Supplies,22/08/2025,28/08/2025,26/08/2025,Delivered,47,150,South,7050,August,4,-2,0,0,0,1,47,,,
ORD-3172,VND-002,Electronics,22/08/2025,27/08/2025,27/08/2025,Delivered,10,8500,Central,85000,August,5,0,0,0,1,0,10,,,
ORD-3173,VND-003,Apparel,22/08/2025,27/08/2025,,In Transit,14,130,Central,1820,August,,,1,0,0,0,0,,,
ORD-3174,VND-002,Apparel,22/08/2025,28/08/2025,28/08/2025,Delivered,24,130,North,3120,August,6,0,0,0,1,0,24,,,
ORD-3175,VND-014,Electronics,22/08/2025,28/08/2025,,Cancelled,10,5000,East,50000,August,,,1,0,0,0,0,,,
ORD-3176,VND-004,Electronics,22/08/2025,26/08/2025,,Cancelled,6,29000,East,174000,August,,,1,0,0,0,0,,,
ORD-3177,VND-002,Electronics,22/08/2025,27/08/2025,28/08/2025,Delivered,1,3000,International,3000,August,6,1,0,1,0,0,1,,,
ORD-3178,VND-010,Electronics,22/08/2025,29/08/2025,01/09/2025,Delivered,8,7200,North,57600,August,10,3,0,1,0,0,8,,,
ORD-3179,VND-009,Office Supplies,22/08/2025,30/08/2025,,In Transit,19,80,International,1520,August,,,1,0,0,0,0,,,
ORD-3180,VND-002,Office Supplies,22/08/2025,26/08/2025,,Cancelled,43,80,International,3440,August,,,1,0,0,0,0,,,
ORD-3181,VND-009,Electronics,22/08/2025,31/08/2025,03/09/2025,Delivered,6,5000,Central,30000,August,12,3,0,1,0,0,6,,,
ORD-3182,VND-013,Apparel,22/08/2025,26/08/2025,,In Transit,35,250,International,8750,August,,,1,0,0,0,0,,,
ORD-3183,VND-006,Office Supplies,23/08/2025,27/08/2025,,In Transit,79,18,International,1422,August,,,1,0,0,0,0,,,
ORD-3184,VND-001,Apparel,23/08/2025,29/08/2025,27/08/2025,Delivered,44,110,Central,4840,August,4,-2,0,0,0,1,44,,,
ORD-3185,VND-004,Furniture,23/08/2025,30/08/2025,28/08/2025,Delivered,1,9500,East,9500,August,5,-2,0,0,0,1,1,,,
ORD-3186,VND-015,Apparel,23/08/2025,29/08/2025,,In Transit,54,140,South,7560,August,,,1,0,0,0,0,,,
ORD-3187,VND-014,Electronics,23/08/2025,28/08/2025,31/08/2025,Delivered,9,1800,West,16200,August,8,3,0,1,0,0,9,,,
ORD-3188,VND-001,Furniture,23/08/2025,27/08/2025,30/08/2025,Delivered,2,16500,International,33000,August,7,3,0,1,0,0,2,,,
ORD-3189,VND-014,Office Supplies,23/08/2025,28/08/2025,30/08/2025,Delivered,85,22,South,1870,August,7,2,0,1,0,0,85,,,
ORD-3190,VND-006,Office Supplies,23/08/2025,29/08/2025,01/09/2025,Delivered,75,22,Central,1650,August,9,3,0,1,0,0,75,,,
ORD-3191,VND-014,Furniture,24/08/2025,28/08/2025,30/08/2025,Delivered,3,8000,South,24000,August,6,2,0,1,0,0,3,,,
ORD-3192,VND-013,Apparel,24/08/2025,01/09/2025,,Cancelled,29,250,West,7250,August,,,1,0,0,0,0,,,
ORD-3193,VND-004,Office Supplies,24/08/2025,29/08/2025,01/09/2025,Delivered,79,80,South,6320,August,8,3,0,1,0,0,79,,,
ORD-3194,VND-003,Electronics,24/08/2025,02/09/2025,03/09/2025,Delivered,2,45000,South,90000,August,10,1,0,1,0,0,2,,,
ORD-3195,VND-003,Furniture,24/08/2025,31/08/2025,01/09/2025,Delivered,1,21000,South,21000,August,8,1,0,1,0,0,1,,,
ORD-3196,VND-009,Electronics,24/08/2025,02/09/2025,05/09/2025,Delivered,10,1200,South,12000,August,12,3,0,1,0,0,10,,,
ORD-3197,VND-006,Furniture,24/08/2025,31/08/2025,31/08/2025,Delivered,3,8000,North,24000,August,7,0,0,0,1,0,3,,,
ORD-3198,VND-009,Office Supplies,24/08/2025,28/08/2025,26/08/2025,Delivered,70,350,International,24500,August,2,-2,0,0,0,1,70,,,
ORD-3199,VND-013,Apparel,24/08/2025,30/08/2025,29/08/2025,Delivered,43,110,Central,4730,August,5,-1,0,0,0,1,43,,,
ORD-3200,VND-005,Furniture,24/08/2025,28/08/2025,31/08/2025,Delivered,2,14000,West,28000,August,7,3,0,1,0,0,2,,,
ORD-3201,VND-002,Furniture,24/08/2025,01/09/2025,04/09/2025,Delivered,1,18000,Central,18000,August,11,3,0,1,0,0,1,,,
ORD-3202,VND-008,Electronics,24/08/2025,28/08/2025,28/08/2025,Delivered,1,3000,North,3000,August,4,0,0,0,1,0,1,,,
ORD-3203,VND-005,Office Supplies,25/08/2025,30/08/2025,,Cancelled,54,12,North,648,August,,,1,0,0,0,0,,,
ORD-3204,VND-002,Electronics,25/08/2025,29/08/2025,29/08/2025,Delivered,3,13500,North,40500,August,4,0,0,0,1,0,3,,,
ORD-3205,VND-004,Office Supplies,25/08/2025,02/09/2025,03/09/2025,Delivered,22,50,International,1100,August,9,1,0,1,0,0,22,,,
ORD-3206,VND-009,Electronics,25/08/2025,02/09/2025,04/09/2025,Delivered,7,45000,North,315000,August,10,2,0,1,0,0,7,,,
ORD-3207,VND-015,Furniture,25/08/2025,30/08/2025,28/08/2025,Delivered,2,14000,South,28000,August,3,-2,0,0,0,1,2,,,
ORD-3208,VND-004,Electronics,25/08/2025,01/09/2025,01/09/2025,Delivered,8,3100,Central,24800,August,7,0,0,0,1,0,8,,,
ORD-3209,VND-013,Apparel,25/08/2025,01/09/2025,30/08/2025,Delivered,40,90,East,3600,August,5,-2,0,0,0,1,40,,,
ORD-3210,VND-012,Office Supplies,25/08/2025,30/08/2025,28/08/2025,Delivered,59,30,West,1770,August,3,-2,0,0,0,1,59,,,
ORD-3211,VND-012,Office Supplies,25/08/2025,31/08/2025,,In Transit,104,150,North,15600,August,,,1,0,0,0,0,,,
ORD-3212,VND-012,Furniture,25/08/2025,01/09/2025,,Cancelled,2,9500,Central,19000,August,,,1,0,0,0,0,,,
ORD-3213,VND-013,Office Supplies,25/08/2025,02/09/2025,31/08/2025,Delivered,37,500,North,18500,August,6,-2,0,0,0,1,37,,,
ORD-3214,VND-015,Apparel,25/08/2025,03/09/2025,02/09/2025,Delivered,47,45,International,2115,August,8,-1,0,0,0,1,47,,,
ORD-3215,VND-014,Electronics,25/08/2025,30/08/2025,31/08/2025,Delivered,9,45000,North,405000,August,6,1,0,1,0,0,9,,,
ORD-3216,VND-004,Furniture,25/08/2025,02/09/2025,,Cancelled,2,12000,North,24000,August,,,1,0,0,0,0,,,
ORD-3217,VND-002,Apparel,25/08/2025,31/08/2025,,Cancelled,50,320,North,16000,August,,,1,0,0,0,0,,,
ORD-3218,VND-013,Office Supplies,25/08/2025,02/09/2025,03/09/2025,Delivered,24,45,North,1080,August,9,1,0,1,0,0,24,,,
ORD-3219,VND-012,Office Supplies,25/08/2025,02/09/2025,03/09/2025,Delivered,55,150,West,8250,August,9,1,0,1,0,0,55,,,
ORD-3220,VND-015,Apparel,25/08/2025,02/09/2025,31/08/2025,Delivered,48,320,Central,15360,August,6,-2,0,0,0,1,48,,,
ORD-3221,VND-006,Electronics,26/08/2025,31/08/2025,01/09/2025,Delivered,5,3000,International,15000,August,6,1,0,1,0,0,5,,,
ORD-3222,VND-013,Electronics,26/08/2025,02/09/2025,01/09/2025,Delivered,6,5000,North,30000,August,6,-1,0,0,0,1,6,,,
ORD-3223,VND-011,Furniture,26/08/2025,04/09/2025,07/09/2025,Delivered,3,8000,North,24000,August,12,3,0,1,0,0,3,,,
ORD-3224,VND-014,Office Supplies,26/08/2025,01/09/2025,02/09/2025,Delivered,24,95,North,2280,August,7,1,0,1,0,0,24,,,
ORD-3225,VND-002,Apparel,26/08/2025,30/08/2025,,Cancelled,13,130,North,1690,August,,,1,0,0,0,0,,,
ORD-3226,VND-012,Electronics,26/08/2025,03/09/2025,,Cancelled,9,29000,South,261000,August,,,1,0,0,0,0,,,
ORD-3227,VND-007,Furniture,26/08/2025,30/08/2025,31/08/2025,Delivered,2,6500,South,13000,August,5,1,0,1,0,0,2,,,
ORD-3228,VND-003,Office Supplies,26/08/2025,01/09/2025,02/09/2025,Delivered,19,22,East,418,August,7,1,0,1,0,0,19,,,
ORD-3229,VND-015,Office Supplies,26/08/2025,01/09/2025,,In Transit,17,150,North,2550,August,,,1,0,0,0,0,,,
ORD-3230,VND-003,Furniture,26/08/2025,31/08/2025,02/09/2025,Delivered,3,14000,East,42000,August,7,2,0,1,0,0,3,,,
ORD-3231,VND-005,Furniture,26/08/2025,30/08/2025,30/08/2025,Delivered,2,7000,West,14000,August,4,0,0,0,1,0,2,,,
ORD-3232,VND-003,Electronics,26/08/2025,30/08/2025,29/08/2025,Delivered,7,29000,East,203000,August,3,-1,0,0,0,1,7,,,
ORD-3233,VND-002,Apparel,26/08/2025,02/09/2025,02/09/2025,Delivered,49,110,Central,5390,August,7,0,0,0,1,0,49,,,
ORD-3234,VND-010,Office Supplies,26/08/2025,03/09/2025,03/09/2025,Delivered,44,50,South,2200,August,8,0,0,0,1,0,44,,,
ORD-3235,VND-009,Apparel,27/08/2025,05/09/2025,06/09/2025,Delivered,39,220,South,8580,August,10,1,0,1,0,0,39,,,
ORD-3236,VND-002,Office Supplies,27/08/2025,03/09/2025,05/09/2025,Delivered,54,22,North,1188,August,9,2,0,1,0,0,54,,,
ORD-3237,VND-014,Office Supplies,27/08/2025,04/09/2025,03/09/2025,Delivered,28,12,North,336,August,7,-1,0,0,0,1,28,,,
ORD-3238,VND-011,Apparel,27/08/2025,31/08/2025,31/08/2025,Delivered,28,130,West,3640,August,4,0,0,0,1,0,28,,,
ORD-3239,VND-002,Furniture,27/08/2025,01/09/2025,30/08/2025,Delivered,1,6500,International,6500,August,3,-2,0,0,0,1,1,,,
ORD-3240,VND-013,Electronics,27/08/2025,01/09/2025,,In Transit,2,3000,West,6000,August,,,1,0,0,0,0,,,
ORD-3241,VND-015,Office Supplies,27/08/2025,05/09/2025,07/09/2025,Delivered,20,50,Central,1000,August,11,2,0,1,0,0,20,,,
ORD-3242,VND-008,Furniture,27/08/2025,04/09/2025,05/09/2025,Delivered,3,3800,North,11400,August,9,1,0,1,0,0,3,,,
ORD-3243,VND-015,Office Supplies,27/08/2025,02/09/2025,02/09/2025,Delivered,56,80,North,4480,August,6,0,0,0,1,0,56,,,
ORD-3244,VND-009,Electronics,27/08/2025,02/09/2025,01/09/2025,Delivered,3,13500,West,40500,August,5,-1,0,0,0,1,3,,,
ORD-3245,VND-007,Office Supplies,27/08/2025,01/09/2025,01/09/2025,Delivered,90,25,West,2250,August,5,0,0,0,1,0,90,,,
ORD-3246,VND-003,Electronics,27/08/2025,03/09/2025,01/09/2025,Delivered,4,3100,West,12400,August,5,-2,0,0,0,1,4,,,
ORD-3247,VND-009,Electronics,27/08/2025,05/09/2025,04/09/2025,Delivered,8,7200,South,57600,August,8,-1,0,0,0,1,8,,,
ORD-3248,VND-003,Office Supplies,27/08/2025,02/09/2025,04/09/2025,Delivered,54,95,East,5130,August,8,2,0,1,0,0,54,,,
ORD-3249,VND-005,Office Supplies,27/08/2025,01/09/2025,30/08/2025,Delivered,27,12,East,324,August,3,-2,0,0,0,1,27,,,
ORD-3250,VND-009,Electronics,27/08/2025,01/09/2025,30/08/2025,Delivered,7,3100,North,21700,August,3,-2,0,0,0,1,7,,,
ORD-3251,VND-012,Furniture,28/08/2025,01/09/2025,31/08/2025,Delivered,1,7000,South,7000,August,3,-1,0,0,0,1,1,,,
ORD-3252,VND-014,Apparel,28/08/2025,01/09/2025,31/08/2025,Delivered,26,180,West,4680,August,3,-1,0,0,0,1,26,,,
ORD-3253,VND-014,Electronics,28/08/2025,02/09/2025,03/09/2025,Delivered,6,1800,North,10800,August,6,1,0,1,0,0,6,,,
ORD-3254,VND-003,Office Supplies,28/08/2025,05/09/2025,08/09/2025,Delivered,32,18,South,576,August,11,3,0,1,0,0,32,,,
ORD-3255,VND-007,Office Supplies,28/08/2025,01/09/2025,31/08/2025,Delivered,107,350,Central,37450,August,3,-1,0,0,0,1,107,,,
ORD-3256,VND-012,Furniture,28/08/2025,01/09/2025,31/08/2025,Delivered,1,18000,International,18000,August,3,-1,0,0,0,1,1,,,
ORD-3257,VND-001,Apparel,28/08/2025,06/09/2025,05/09/2025,Delivered,38,250,South,9500,August,8,-1,0,0,0,1,38,,,
ORD-3258,VND-004,Electronics,28/08/2025,02/09/2025,04/09/2025,Delivered,10,29000,North,290000,August,7,2,0,1,0,0,10,,,
ORD-3259,VND-004,Electronics,28/08/2025,01/09/2025,03/09/2025,Delivered,10,1200,East,12000,August,6,2,0,1,0,0,10,,,
ORD-3260,VND-007,Apparel,28/08/2025,05/09/2025,07/09/2025,Delivered,10,60,West,600,August,10,2,0,1,0,0,10,,,
ORD-3261,VND-008,Electronics,29/08/2025,06/09/2025,07/09/2025,Delivered,10,1100,International,11000,August,9,1,0,1,0,0,10,,,
ORD-3262,VND-001,Apparel,29/08/2025,02/09/2025,,Cancelled,44,220,Central,9680,August,,,1,0,0,0,0,,,
ORD-3263,VND-005,Office Supplies,29/08/2025,02/09/2025,,In Transit,85,80,International,6800,August,,,1,0,0,0,0,,,
ORD-3264,VND-007,Apparel,29/08/2025,03/09/2025,01/09/2025,Delivered,49,45,International,2205,August,3,-2,0,0,0,1,49,,,
ORD-3265,VND-012,Electronics,29/08/2025,07/09/2025,09/09/2025,Delivered,10,3100,South,31000,August,11,2,0,1,0,0,10,,,
ORD-3266,VND-004,Apparel,29/08/2025,04/09/2025,02/09/2025,Delivered,16,45,North,720,August,4,-2,0,0,0,1,16,,,
ORD-3267,VND-013,Furniture,29/08/2025,04/09/2025,07/09/2025,Delivered,2,8000,North,16000,August,9,3,0,1,0,0,2,,,
ORD-3268,VND-004,Office Supplies,29/08/2025,05/09/2025,04/09/2025,Delivered,58,25,International,1450,August,6,-1,0,0,0,1,58,,,
ORD-3269,VND-004,Office Supplies,29/08/2025,03/09/2025,02/09/2025,Delivered,39,350,West,13650,August,4,-1,0,0,0,1,39,,,
ORD-3270,VND-012,Apparel,29/08/2025,05/09/2025,,In Transit,53,45,North,2385,August,,,1,0,0,0,0,,,
ORD-3271,VND-006,Electronics,29/08/2025,06/09/2025,06/09/2025,Delivered,4,8500,International,34000,August,8,0,0,0,1,0,4,,,
ORD-3272,VND-007,Furniture,30/08/2025,03/09/2025,05/09/2025,Delivered,2,15000,North,30000,August,6,2,0,1,0,0,2,,,
ORD-3273,VND-002,Office Supplies,30/08/2025,04/09/2025,03/09/2025,Delivered,88,18,West,1584,August,4,-1,0,0,0,1,88,,,
ORD-3274,VND-015,Office Supplies,30/08/2025,07/09/2025,07/09/2025,Delivered,20,150,Central,3000,August,8,0,0,0,1,0,20,,,
ORD-3275,VND-005,Electronics,30/08/2025,07/09/2025,,In Transit,4,1200,International,4800,August,,,1,0,0,0,0,,,
ORD-3276,VND-004,Electronics,30/08/2025,06/09/2025,,In Transit,7,1800,East,12600,August,,,1,0,0,0,0,,,
ORD-3277,VND-015,Furniture,30/08/2025,04/09/2025,,Cancelled,1,3800,East,3800,August,,,1,0,0,0,0,,,
ORD-3278,VND-014,Apparel,30/08/2025,05/09/2025,03/09/2025,Delivered,40,45,International,1800,August,4,-2,0,0,0,1,40,,,
ORD-3279,VND-013,Electronics,30/08/2025,04/09/2025,06/09/2025,Delivered,7,1200,South,8400,August,7,2,0,1,0,0,7,,,
ORD-3280,VND-003,Apparel,30/08/2025,05/09/2025,04/09/2025,Delivered,16,110,Central,1760,August,5,-1,0,0,0,1,16,,,
ORD-3281,VND-007,Furniture,30/08/2025,03/09/2025,01/09/2025,Delivered,3,18000,South,54000,August,2,-2,0,0,0,1,3,,,
ORD-3282,VND-011,Apparel,30/08/2025,08/09/2025,10/09/2025,Delivered,44,220,East,9680,August,11,2,0,1,0,0,44,,,
ORD-3283,VND-012,Office Supplies,31/08/2025,07/09/2025,09/09/2025,Delivered,21,95,West,1995,August,9,2,0,1,0,0,21,,,
ORD-3284,VND-006,Apparel,31/08/2025,06/09/2025,08/09/2025,Delivered,42,140,International,5880,August,8,2,0,1,0,0,42,,,
ORD-3285,VND-014,Furniture,31/08/2025,06/09/2025,09/09/2025,Delivered,1,9500,North,9500,August,9,3,0,1,0,0,1,,,
ORD-3286,VND-007,Furniture,31/08/2025,09/09/2025,12/09/2025,Delivered,1,21000,East,21000,August,12,3,0,1,0,0,1,,,
ORD-3287,VND-005,Furniture,31/08/2025,07/09/2025,10/09/2025,Delivered,2,4500,Central,9000,August,10,3,0,1,0,0,2,,,
ORD-3288,VND-013,Apparel,31/08/2025,08/09/2025,06/09/2025,Delivered,50,60,East,3000,August,6,-2,0,0,0,1,50,,,
ORD-3289,VND-006,Office Supplies,31/08/2025,06/09/2025,06/09/2025,Delivered,61,15,Central,915,August,6,0,0,0,1,0,61,,,
ORD-3290,VND-005,Electronics,31/08/2025,04/09/2025,06/09/2025,Delivered,3,7200,Central,21600,August,6,2,0,1,0,0,3,,,
ORD-3291,VND-014,Office Supplies,31/08/2025,07/09/2025,06/09/2025,Delivered,79,95,International,7505,August,6,-1,0,0,0,1,79,,,
ORD-3292,VND-007,Apparel,31/08/2025,08/09/2025,11/09/2025,Delivered,16,90,Central,1440,August,11,3,0,1,0,0,16,,,
ORD-3293,VND-002,Apparel,31/08/2025,08/09/2025,,Cancelled,13,180,South,2340,August,,,1,0,0,0,0,,,
ORD-3294,VND-014,Electronics,31/08/2025,06/09/2025,06/09/2025,Delivered,1,7200,West,7200,August,6,0,0,0,1,0,1,,,
ORD-3295,VND-011,Apparel,31/08/2025,07/09/2025,10/09/2025,Delivered,20,45,East,900,August,10,3,0,1,0,0,20,,,
ORD-3296,VND-005,Furniture,31/08/2025,07/09/2025,08/09/2025,Delivered,3,7000,West,21000,August,8,1,0,1,0,0,3,,,
ORD-3297,VND-006,Furniture,31/08/2025,04/09/2025,,In Transit,2,9500,North,19000,August,,,1,0,0,0,0,,,
ORD-3298,VND-006,Furniture,01/09/2025,06/09/2025,05/09/2025,Delivered,3,16500,East,49500,September,4,-1,0,0,0,1,3,,,
ORD-3299,VND-015,Furniture,01/09/2025,10/09/2025,11/09/2025,Delivered,1,7000,West,7000,September,10,1,0,1,0,0,1,,,
ORD-3300,VND-005,Furniture,01/09/2025,07/09/2025,06/09/2025,Delivered,2,15000,West,30000,September,5,-1,0,0,0,1,2,,,
ORD-3301,VND-010,Apparel,01/09/2025,09/09/2025,07/09/2025,Delivered,50,130,International,6500,September,6,-2,0,0,0,1,50,,,
ORD-3302,VND-007,Electronics,01/09/2025,07/09/2025,05/09/2025,Delivered,4,1200,International,4800,September,4,-2,0,0,0,1,4,,,
ORD-3303,VND-010,Electronics,01/09/2025,09/09/2025,08/09/2025,Delivered,7,13500,North,94500,September,7,-1,0,0,0,1,7,,,
ORD-3304,VND-008,Furniture,01/09/2025,05/09/2025,,In Transit,3,18000,Central,54000,September,,,1,0,0,0,0,,,
ORD-3305,VND-007,Apparel,01/09/2025,10/09/2025,,In Transit,49,320,East,15680,September,,,1,0,0,0,0,,,
ORD-3306,VND-005,Office Supplies,01/09/2025,05/09/2025,03/09/2025,Delivered,90,18,International,1620,September,2,-2,0,0,0,1,90,,,
ORD-3307,VND-001,Office Supplies,01/09/2025,09/09/2025,09/09/2025,Delivered,59,15,East,885,September,8,0,0,0,1,0,59,,,
ORD-3308,VND-013,Apparel,01/09/2025,07/09/2025,09/09/2025,Delivered,36,110,North,3960,September,8,2,0,1,0,0,36,,,
ORD-3309,VND-005,Furniture,01/09/2025,05/09/2025,,In Transit,3,16500,International,49500,September,,,1,0,0,0,0,,,
ORD-3310,VND-010,Electronics,01/09/2025,05/09/2025,06/09/2025,Delivered,5,45000,International,225000,September,5,1,0,1,0,0,5,,,
ORD-3311,VND-002,Apparel,01/09/2025,10/09/2025,,Cancelled,11,195,Central,2145,September,,,1,0,0,0,0,,,
ORD-3312,VND-013,Office Supplies,01/09/2025,06/09/2025,05/09/2025,Delivered,9,50,East,450,September,4,-1,0,0,0,1,9,,,
ORD-3313,VND-005,Office Supplies,02/09/2025,08/09/2025,10/09/2025,Delivered,17,30,East,510,September,8,2,0,1,0,0,17,,,
ORD-3314,VND-005,Office Supplies,02/09/2025,06/09/2025,,In Transit,51,30,East,1530,September,,,1,0,0,0,0,,,
ORD-3315,VND-002,Furniture,02/09/2025,11/09/2025,10/09/2025,Delivered,3,6500,Central,19500,September,8,-1,0,0,0,1,3,,,
ORD-3316,VND-005,Office Supplies,02/09/2025,10/09/2025,12/09/2025,Delivered,69,80,International,5520,September,10,2,0,1,0,0,69,,,
ORD-3317,VND-013,Apparel,02/09/2025,06/09/2025,09/09/2025,Delivered,13,90,North,1170,September,7,3,0,1,0,0,13,,,
ORD-3318,VND-004,Apparel,02/09/2025,10/09/2025,09/09/2025,Delivered,41,75,East,3075,September,7,-1,0,0,0,1,41,,,
ORD-3319,VND-001,Office Supplies,02/09/2025,09/09/2025,08/09/2025,Delivered,44,45,West,1980,September,6,-1,0,0,0,1,44,,,
ORD-3320,VND-003,Apparel,02/09/2025,11/09/2025,12/09/2025,Delivered,12,180,Central,2160,September,10,1,0,1,0,0,12,,,
ORD-3321,VND-001,Office Supplies,02/09/2025,10/09/2025,09/09/2025,Delivered,61,12,South,732,September,7,-1,0,0,0,1,61,,,
ORD-3322,VND-012,Office Supplies,02/09/2025,06/09/2025,,Cancelled,114,80,North,9120,September,,,1,0,0,0,0,,,
ORD-3323,VND-011,Electronics,02/09/2025,11/09/2025,,Cancelled,6,45000,West,270000,September,,,1,0,0,0,0,,,
ORD-3324,VND-015,Furniture,02/09/2025,10/09/2025,08/09/2025,Delivered,3,16500,East,49500,September,6,-2,0,0,0,1,3,,,
ORD-3325,VND-005,Furniture,02/09/2025,09/09/2025,09/09/2025,Delivered,3,15000,South,45000,September,7,0,0,0,1,0,3,,,
ORD-3326,VND-004,Electronics,02/09/2025,08/09/2025,09/09/2025,Delivered,8,29000,North,232000,September,7,1,0,1,0,0,8,,,
ORD-3327,VND-007,Electronics,02/09/2025,08/09/2025,11/09/2025,Delivered,8,5000,Central,40000,September,9,3,0,1,0,0,8,,,
ORD-3328,VND-005,Furniture,02/09/2025,10/09/2025,12/09/2025,Delivered,2,3800,South,7600,September,10,2,0,1,0,0,2,,,
ORD-3329,VND-010,Office Supplies,02/09/2025,11/09/2025,,Cancelled,54,15,International,810,September,,,1,0,0,0,0,,,
ORD-3330,VND-014,Office Supplies,02/09/2025,07/09/2025,,Cancelled,29,350,South,10150,September,,,1,0,0,0,0,,,
ORD-3331,VND-004,Furniture,02/09/2025,10/09/2025,10/09/2025,Delivered,2,16500,West,33000,September,8,0,0,0,1,0,2,,,
ORD-3332,VND-002,Office Supplies,02/09/2025,11/09/2025,09/09/2025,Delivered,59,80,North,4720,September,7,-2,0,0,0,1,59,,,
ORD-3333,VND-004,Electronics,02/09/2025,07/09/2025,05/09/2025,Delivered,3,3100,West,9300,September,3,-2,0,0,0,1,3,,,
ORD-3334,VND-012,Office Supplies,03/09/2025,09/09/2025,07/09/2025,Delivered,52,500,West,26000,September,4,-2,0,0,0,1,52,,,
ORD-3335,VND-002,Office Supplies,03/09/2025,09/09/2025,11/09/2025,Delivered,82,30,East,2460,September,8,2,0,1,0,0,82,,,
ORD-3336,VND-008,Apparel,03/09/2025,08/09/2025,09/09/2025,Delivered,38,110,Central,4180,September,6,1,0,1,0,0,38,,,
ORD-3337,VND-003,Apparel,03/09/2025,09/09/2025,12/09/2025,Delivered,17,130,South,2210,September,9,3,0,1,0,0,17,,,
ORD-3338,VND-009,Apparel,03/09/2025,12/09/2025,14/09/2025,Delivered,29,130,North,3770,September,11,2,0,1,0,0,29,,,
ORD-3339,VND-013,Office Supplies,03/09/2025,12/09/2025,,Cancelled,28,12,International,336,September,,,1,0,0,0,0,,,
ORD-3340,VND-004,Furniture,03/09/2025,07/09/2025,09/09/2025,Delivered,2,8000,Central,16000,September,6,2,0,1,0,0,2,,,
ORD-3341,VND-013,Electronics,03/09/2025,12/09/2025,10/09/2025,Delivered,5,3100,Central,15500,September,7,-2,0,0,0,1,5,,,
ORD-3342,VND-006,Office Supplies,03/09/2025,07/09/2025,,In Transit,78,350,North,27300,September,,,1,0,0,0,0,,,
ORD-3343,VND-010,Furniture,03/09/2025,07/09/2025,,In Transit,1,7000,Central,7000,September,,,1,0,0,0,0,,,
ORD-3344,VND-005,Office Supplies,03/09/2025,12/09/2025,10/09/2025,Delivered,30,25,East,750,September,7,-2,0,0,0,1,30,,,
ORD-3345,VND-010,Electronics,03/09/2025,08/09/2025,11/09/2025,Delivered,6,2400,Central,14400,September,8,3,0,1,0,0,6,,,
ORD-3346,VND-013,Office Supplies,03/09/2025,07/09/2025,,Cancelled,83,45,East,3735,September,,,1,0,0,0,0,,,
ORD-3347,VND-001,Electronics,03/09/2025,08/09/2025,09/09/2025,Delivered,9,1200,South,10800,September,6,1,0,1,0,0,9,,,
ORD-3348,VND-009,Office Supplies,03/09/2025,08/09/2025,11/09/2025,Delivered,35,95,South,3325,September,8,3,0,1,0,0,35,,,
ORD-3349,VND-001,Electronics,03/09/2025,12/09/2025,10/09/2025,Delivered,4,29000,West,116000,September,7,-2,0,0,0,1,4,,,
ORD-3350,VND-008,Office Supplies,03/09/2025,12/09/2025,,In Transit,95,45,East,4275,September,,,1,0,0,0,0,,,
ORD-3351,VND-009,Electronics,03/09/2025,10/09/2025,,In Transit,9,1800,International,16200,September,,,1,0,0,0,0,,,
ORD-3352,VND-009,Apparel,03/09/2025,11/09/2025,,Cancelled,21,195,South,4095,September,,,1,0,0,0,0,,,
ORD-3353,VND-001,Office Supplies,04/09/2025,09/09/2025,11/09/2025,Delivered,106,18,Central,1908,September,7,2,0,1,0,0,106,,,
ORD-3354,VND-002,Office Supplies,04/09/2025,11/09/2025,10/09/2025,Delivered,112,12,North,1344,September,6,-1,0,0,0,1,112,,,
ORD-3355,VND-012,Furniture,04/09/2025,08/09/2025,07/09/2025,Delivered,3,4500,North,13500,September,3,-1,0,0,0,1,3,,,
ORD-3356,VND-013,Furniture,04/09/2025,08/09/2025,,In Transit,3,3800,East,11400,September,,,1,0,0,0,0,,,
ORD-3357,VND-001,Electronics,04/09/2025,10/09/2025,09/09/2025,Delivered,10,13500,International,135000,September,5,-1,0,0,0,1,10,,,
ORD-3358,VND-010,Office Supplies,04/09/2025,09/09/2025,11/09/2025,Delivered,15,80,West,1200,September,7,2,0,1,0,0,15,,,
ORD-3359,VND-002,Electronics,04/09/2025,12/09/2025,13/09/2025,Delivered,10,1200,Central,12000,September,9,1,0,1,0,0,10,,,
ORD-3360,VND-010,Apparel,04/09/2025,08/09/2025,11/09/2025,Delivered,23,180,East,4140,September,7,3,0,1,0,0,23,,,
ORD-3361,VND-012,Furniture,04/09/2025,12/09/2025,,In Transit,3,3800,North,11400,September,,,1,0,0,0,0,,,
ORD-3362,VND-008,Electronics,04/09/2025,11/09/2025,09/09/2025,Delivered,9,7200,East,64800,September,5,-2,0,0,0,1,9,,,
ORD-3363,VND-005,Electronics,04/09/2025,08/09/2025,,Cancelled,4,7200,Central,28800,September,,,1,0,0,0,0,,,
ORD-3364,VND-012,Furniture,05/09/2025,09/09/2025,09/09/2025,Delivered,2,8000,International,16000,September,4,0,0,0,1,0,2,,,
ORD-3365,VND-011,Office Supplies,05/09/2025,09/09/2025,,Cancelled,74,12,International,888,September,,,1,0,0,0,0,,,
ORD-3366,VND-007,Electronics,05/09/2025,12/09/2025,,In Transit,10,3000,South,30000,September,,,1,0,0,0,0,,,
ORD-3367,VND-002,Furniture,05/09/2025,09/09/2025,12/09/2025,Delivered,3,9500,Central,28500,September,7,3,0,1,0,0,3,,,
ORD-3368,VND-008,Office Supplies,05/09/2025,14/09/2025,,Cancelled,75,40,South,3000,September,,,1,0,0,0,0,,,
ORD-3369,VND-011,Apparel,05/09/2025,09/09/2025,10/09/2025,Delivered,23,140,South,3220,September,5,1,0,1,0,0,23,,,
ORD-3370,VND-006,Furniture,05/09/2025,10/09/2025,,In Transit,2,3800,South,7600,September,,,1,0,0,0,0,,,
ORD-3371,VND-008,Electronics,05/09/2025,09/09/2025,,In Transit,7,1100,East,7700,September,,,1,0,0,0,0,,,
ORD-3372,VND-001,Apparel,05/09/2025,12/09/2025,14/09/2025,Delivered,17,250,North,4250,September,9,2,0,1,0,0,17,,,
ORD-3373,VND-015,Office Supplies,05/09/2025,12/09/2025,12/09/2025,Delivered,8,15,International,120,September,7,0,0,0,1,0,8,,,
ORD-3374,VND-001,Office Supplies,05/09/2025,13/09/2025,16/09/2025,Delivered,89,22,East,1958,September,11,3,0,1,0,0,89,,,
ORD-3375,VND-012,Furniture,05/09/2025,14/09/2025,13/09/2025,Delivered,1,3800,North,3800,September,8,-1,0,0,0,1,1,,,
ORD-3376,VND-007,Furniture,05/09/2025,10/09/2025,11/09/2025,Delivered,2,7000,International,14000,September,6,1,0,1,0,0,2,,,
ORD-3377,VND-008,Furniture,05/09/2025,12/09/2025,,In Transit,1,15000,Central,15000,September,,,1,0,0,0,0,,,
ORD-3378,VND-013,Office Supplies,05/09/2025,09/09/2025,07/09/2025,Delivered,92,40,International,3680,September,2,-2,0,0,0,1,92,,,
ORD-3379,VND-003,Apparel,06/09/2025,15/09/2025,,Cancelled,6,75,International,450,September,,,1,0,0,0,0,,,
ORD-3380,VND-005,Office Supplies,06/09/2025,12/09/2025,10/09/2025,Delivered,94,80,International,7520,September,4,-2,0,0,0,1,94,,,
ORD-3381,VND-012,Electronics,06/09/2025,15/09/2025,,In Transit,7,2400,West,16800,September,,,1,0,0,0,0,,,
ORD-3382,VND-001,Office Supplies,06/09/2025,13/09/2025,,Cancelled,51,12,Central,612,September,,,1,0,0,0,0,,,
ORD-3383,VND-007,Electronics,06/09/2025,13/09/2025,,In Transit,1,2400,East,2400,September,,,1,0,0,0,0,,,
ORD-3384,VND-005,Apparel,06/09/2025,10/09/2025,10/09/2025,Delivered,8,130,East,1040,September,4,0,0,0,1,0,8,,,
ORD-3385,VND-008,Furniture,06/09/2025,15/09/2025,16/09/2025,Delivered,3,15000,North,45000,September,10,1,0,1,0,0,3,,,
ORD-3386,VND-013,Furniture,06/09/2025,15/09/2025,15/09/2025,Delivered,1,16500,East,16500,September,9,0,0,0,1,0,1,,,
ORD-3387,VND-008,Office Supplies,06/09/2025,13/09/2025,16/09/2025,Delivered,99,150,South,14850,September,10,3,0,1,0,0,99,,,
ORD-3388,VND-009,Furniture,06/09/2025,12/09/2025,12/09/2025,Delivered,1,16500,International,16500,September,6,0,0,0,1,0,1,,,
ORD-3389,VND-007,Apparel,07/09/2025,13/09/2025,,Cancelled,31,75,East,2325,September,,,1,0,0,0,0,,,
ORD-3390,VND-011,Furniture,07/09/2025,11/09/2025,10/09/2025,Delivered,3,9500,North,28500,September,3,-1,0,0,0,1,3,,,
ORD-3391,VND-001,Office Supplies,07/09/2025,16/09/2025,16/09/2025,Delivered,88,40,North,3520,September,9,0,0,0,1,0,88,,,
ORD-3392,VND-013,Apparel,07/09/2025,16/09/2025,16/09/2025,Delivered,39,110,South,4290,September,9,0,0,0,1,0,39,,,
ORD-3393,VND-003,Electronics,07/09/2025,16/09/2025,,In Transit,7,5000,North,35000,September,,,1,0,0,0,0,,,
ORD-3394,VND-008,Office Supplies,07/09/2025,14/09/2025,,Cancelled,16,12,West,192,September,,,1,0,0,0,0,,,
ORD-3395,VND-003,Electronics,07/09/2025,16/09/2025,,In Transit,3,8500,International,25500,September,,,1,0,0,0,0,,,
ORD-3396,VND-008,Apparel,07/09/2025,12/09/2025,13/09/2025,Delivered,44,60,International,2640,September,6,1,0,1,0,0,44,,,
ORD-3397,VND-001,Office Supplies,07/09/2025,14/09/2025,14/09/2025,Delivered,31,45,International,1395,September,7,0,0,0,1,0,31,,,
ORD-3398,VND-005,Office Supplies,08/09/2025,16/09/2025,,In Transit,31,18,Central,558,September,,,1,0,0,0,0,,,
ORD-3399,VND-004,Apparel,08/09/2025,13/09/2025,14/09/2025,Delivered,43,195,East,8385,September,6,1,0,1,0,0,43,,,
ORD-3400,VND-005,Furniture,08/09/2025,16/09/2025,18/09/2025,Delivered,3,18000,West,54000,September,10,2,0,1,0,0,3,,,
ORD-3401,VND-008,Office Supplies,08/09/2025,15/09/2025,15/09/2025,Delivered,109,50,East,5450,September,7,0,0,0,1,0,109,,,
ORD-3402,VND-010,Office Supplies,08/09/2025,12/09/2025,13/09/2025,Delivered,34,95,West,3230,September,5,1,0,1,0,0,34,,,
ORD-3403,VND-015,Electronics,08/09/2025,14/09/2025,13/09/2025,Delivered,5,45000,East,225000,September,5,-1,0,0,0,1,5,,,
ORD-3404,VND-014,Furniture,08/09/2025,14/09/2025,16/09/2025,Delivered,1,6500,South,6500,September,8,2,0,1,0,0,1,,,
ORD-3405,VND-004,Electronics,08/09/2025,13/09/2025,12/09/2025,Delivered,9,1800,North,16200,September,4,-1,0,0,0,1,9,,,
ORD-3406,VND-011,Electronics,08/09/2025,12/09/2025,10/09/2025,Delivered,10,1200,North,12000,September,2,-2,0,0,0,1,10,,,
ORD-3407,VND-004,Furniture,08/09/2025,15/09/2025,15/09/2025,Delivered,1,12000,South,12000,September,7,0,0,0,1,0,1,,,
ORD-3408,VND-015,Furniture,08/09/2025,15/09/2025,13/09/2025,Delivered,3,15000,West,45000,September,5,-2,0,0,0,1,3,,,
ORD-3409,VND-003,Apparel,08/09/2025,16/09/2025,14/09/2025,Delivered,33,180,Central,5940,September,6,-2,0,0,0,1,33,,,
ORD-3410,VND-007,Furniture,08/09/2025,14/09/2025,16/09/2025,Delivered,1,4500,West,4500,September,8,2,0,1,0,0,1,,,
ORD-3411,VND-003,Office Supplies,08/09/2025,15/09/2025,16/09/2025,Delivered,19,45,North,855,September,8,1,0,1,0,0,19,,,
ORD-3412,VND-012,Furniture,08/09/2025,12/09/2025,10/09/2025,Delivered,1,6500,Central,6500,September,2,-2,0,0,0,1,1,,,
ORD-3413,VND-003,Apparel,08/09/2025,17/09/2025,18/09/2025,Delivered,27,45,East,1215,September,10,1,0,1,0,0,27,,,
ORD-3414,VND-011,Apparel,08/09/2025,15/09/2025,14/09/2025,Delivered,12,220,Central,2640,September,6,-1,0,0,0,1,12,,,
ORD-3415,VND-010,Apparel,09/09/2025,15/09/2025,14/09/2025,Delivered,17,110,West,1870,September,5,-1,0,0,0,1,17,,,
ORD-3416,VND-005,Furniture,09/09/2025,14/09/2025,,In Transit,2,15000,South,30000,September,,,1,0,0,0,0,,,
ORD-3417,VND-005,Furniture,09/09/2025,16/09/2025,19/09/2025,Delivered,2,14000,East,28000,September,10,3,0,1,0,0,2,,,
ORD-3418,VND-014,Electronics,09/09/2025,15/09/2025,16/09/2025,Delivered,3,3000,West,9000,September,7,1,0,1,0,0,3,,,
ORD-3419,VND-006,Electronics,09/09/2025,14/09/2025,13/09/2025,Delivered,4,1100,East,4400,September,4,-1,0,0,0,1,4,,,
ORD-3420,VND-008,Office Supplies,09/09/2025,16/09/2025,,Cancelled,108,80,Central,8640,September,,,1,0,0,0,0,,,
ORD-3421,VND-010,Electronics,09/09/2025,13/09/2025,11/09/2025,Delivered,7,1100,North,7700,September,2,-2,0,0,0,1,7,,,
ORD-3422,VND-006,Office Supplies,09/09/2025,16/09/2025,18/09/2025,Delivered,91,30,West,2730,September,9,2,0,1,0,0,91,,,
ORD-3423,VND-015,Apparel,09/09/2025,17/09/2025,15/09/2025,Delivered,15,320,South,4800,September,6,-2,0,0,0,1,15,,,
ORD-3424,VND-012,Electronics,09/09/2025,15/09/2025,18/09/2025,Delivered,9,29000,Central,261000,September,9,3,0,1,0,0,9,,,
ORD-3425,VND-001,Furniture,10/09/2025,15/09/2025,,In Transit,2,18000,West,36000,September,,,1,0,0,0,0,,,
ORD-3426,VND-015,Electronics,10/09/2025,16/09/2025,14/09/2025,Delivered,3,13500,South,40500,September,4,-2,0,0,0,1,3,,,
ORD-3427,VND-008,Office Supplies,10/09/2025,17/09/2025,19/09/2025,Delivered,100,25,West,2500,September,9,2,0,1,0,0,100,,,
ORD-3428,VND-008,Electronics,10/09/2025,14/09/2025,14/09/2025,Delivered,7,1800,Central,12600,September,4,0,0,0,1,0,7,,,
ORD-3429,VND-009,Apparel,10/09/2025,16/09/2025,,Cancelled,32,140,West,4480,September,,,1,0,0,0,0,,,
ORD-3430,VND-009,Furniture,10/09/2025,19/09/2025,17/09/2025,Delivered,1,16500,East,16500,September,7,-2,0,0,0,1,1,,,
ORD-3431,VND-002,Office Supplies,10/09/2025,15/09/2025,15/09/2025,Delivered,93,30,Central,2790,September,5,0,0,0,1,0,93,,,
ORD-3432,VND-015,Furniture,10/09/2025,15/09/2025,,Cancelled,3,18000,West,54000,September,,,1,0,0,0,0,,,
ORD-3433,VND-002,Furniture,10/09/2025,15/09/2025,,Cancelled,2,21000,North,42000,September,,,1,0,0,0,0,,,
ORD-3434,VND-003,Office Supplies,10/09/2025,17/09/2025,,Cancelled,43,150,West,6450,September,,,1,0,0,0,0,,,
ORD-3435,VND-001,Furniture,10/09/2025,14/09/2025,,In Transit,1,4500,East,4500,September,,,1,0,0,0,0,,,
ORD-3436,VND-004,Furniture,10/09/2025,14/09/2025,,Cancelled,1,18000,South,18000,September,,,1,0,0,0,0,,,
ORD-3437,VND-014,Electronics,10/09/2025,15/09/2025,16/09/2025,Delivered,4,3100,South,12400,September,6,1,0,1,0,0,4,,,
ORD-3438,VND-004,Furniture,10/09/2025,16/09/2025,,In Transit,2,12000,South,24000,September,,,1,0,0,0,0,,,
ORD-3439,VND-014,Furniture,10/09/2025,16/09/2025,,In Transit,1,16500,North,16500,September,,,1,0,0,0,0,,,
ORD-3440,VND-009,Furniture,10/09/2025,14/09/2025,13/09/2025,Delivered,1,14000,East,14000,September,3,-1,0,0,0,1,1,,,
ORD-3441,VND-009,Furniture,10/09/2025,17/09/2025,18/09/2025,Delivered,2,21000,Central,42000,September,8,1,0,1,0,0,2,,,
ORD-3442,VND-009,Office Supplies,10/09/2025,16/09/2025,,Cancelled,26,25,South,650,September,,,1,0,0,0,0,,,
ORD-3443,VND-010,Apparel,10/09/2025,16/09/2025,18/09/2025,Delivered,44,250,East,11000,September,8,2,0,1,0,0,44,,,
ORD-3444,VND-007,Electronics,11/09/2025,19/09/2025,,In Transit,6,2400,West,14400,September,,,1,0,0,0,0,,,
ORD-3445,VND-014,Furniture,11/09/2025,16/09/2025,18/09/2025,Delivered,3,7000,North,21000,September,7,2,0,1,0,0,3,,,
ORD-3446,VND-015,Furniture,11/09/2025,18/09/2025,20/09/2025,Delivered,2,12000,East,24000,September,9,2,0,1,0,0,2,,,
ORD-3447,VND-002,Office Supplies,11/09/2025,15/09/2025,13/09/2025,Delivered,68,25,East,1700,September,2,-2,0,0,0,1,68,,,
ORD-3448,VND-010,Apparel,11/09/2025,20/09/2025,20/09/2025,Delivered,14,180,Central,2520,September,9,0,0,0,1,0,14,,,
ORD-3449,VND-005,Furniture,11/09/2025,17/09/2025,16/09/2025,Delivered,3,14000,East,42000,September,5,-1,0,0,0,1,3,,,
ORD-3450,VND-004,Office Supplies,11/09/2025,15/09/2025,18/09/2025,Delivered,59,45,Central,2655,September,7,3,0,1,0,0,59,,,
ORD-3451,VND-012,Electronics,11/09/2025,16/09/2025,15/09/2025,Delivered,6,1800,North,10800,September,4,-1,0,0,0,1,6,,,
ORD-3452,VND-011,Electronics,11/09/2025,19/09/2025,19/09/2025,Delivered,8,5000,North,40000,September,8,0,0,0,1,0,8,,,
ORD-3453,VND-008,Furniture,11/09/2025,16/09/2025,15/09/2025,Delivered,2,8000,West,16000,September,4,-1,0,0,0,1,2,,,
ORD-3454,VND-002,Furniture,11/09/2025,17/09/2025,17/09/2025,Delivered,3,7000,Central,21000,September,6,0,0,0,1,0,3,,,
ORD-3455,VND-006,Apparel,11/09/2025,15/09/2025,,In Transit,53,220,Central,11660,September,,,1,0,0,0,0,,,
ORD-3456,VND-013,Apparel,11/09/2025,17/09/2025,19/09/2025,Delivered,39,60,South,2340,September,8,2,0,1,0,0,39,,,
ORD-3457,VND-005,Furniture,11/09/2025,15/09/2025,18/09/2025,Delivered,2,14000,South,28000,September,7,3,0,1,0,0,2,,,
ORD-3458,VND-015,Office Supplies,11/09/2025,16/09/2025,18/09/2025,Delivered,19,25,West,475,September,7,2,0,1,0,0,19,,,
ORD-3459,VND-012,Apparel,11/09/2025,19/09/2025,17/09/2025,Delivered,20,110,North,2200,September,6,-2,0,0,0,1,20,,,
ORD-3460,VND-002,Furniture,11/09/2025,16/09/2025,14/09/2025,Delivered,3,18000,International,54000,September,3,-2,0,0,0,1,3,,,
ORD-3461,VND-011,Apparel,11/09/2025,18/09/2025,19/09/2025,Delivered,40,45,South,1800,September,8,1,0,1,0,0,40,,,
ORD-3462,VND-010,Furniture,11/09/2025,15/09/2025,,In Transit,1,9500,East,9500,September,,,1,0,0,0,0,,,
ORD-3463,VND-015,Electronics,11/09/2025,16/09/2025,,Cancelled,4,2400,North,9600,September,,,1,0,0,0,0,,,
ORD-3464,VND-001,Furniture,12/09/2025,17/09/2025,,In Transit,3,15000,International,45000,September,,,1,0,0,0,0,,,
ORD-3465,VND-008,Electronics,12/09/2025,18/09/2025,20/09/2025,Delivered,3,7200,East,21600,September,8,2,0,1,0,0,3,,,
ORD-3466,VND-002,Apparel,12/09/2025,16/09/2025,18/09/2025,Delivered,38,90,Central,3420,September,6,2,0,1,0,0,38,,,
ORD-3467,VND-007,Furniture,12/09/2025,20/09/2025,21/09/2025,Delivered,1,18000,North,18000,September,9,1,0,1,0,0,1,,,
ORD-3468,VND-009,Apparel,12/09/2025,19/09/2025,22/09/2025,Delivered,41,60,West,2460,September,10,3,0,1,0,0,41,,,
ORD-3469,VND-009,Electronics,12/09/2025,16/09/2025,,Cancelled,1,1100,Central,1100,September,,,1,0,0,0,0,,,
ORD-3470,VND-008,Furniture,12/09/2025,21/09/2025,19/09/2025,Delivered,2,8000,Central,16000,September,7,-2,0,0,0,1,2,,,
ORD-3471,VND-011,Apparel,12/09/2025,17/09/2025,15/09/2025,Delivered,35,195,East,6825,September,3,-2,0,0,0,1,35,,,
ORD-3472,VND-014,Electronics,12/09/2025,17/09/2025,16/09/2025,Delivered,6,45000,Central,270000,September,4,-1,0,0,0,1,6,,,
ORD-3473,VND-012,Apparel,12/09/2025,16/09/2025,,In Transit,35,75,South,2625,September,,,1,0,0,0,0,,,
ORD-3474,VND-010,Office Supplies,12/09/2025,17/09/2025,,In Transit,111,18,North,1998,September,,,1,0,0,0,0,,,
ORD-3475,VND-009,Electronics,12/09/2025,20/09/2025,19/09/2025,Delivered,1,2400,South,2400,September,7,-1,0,0,0,1,1,,,
ORD-3476,VND-002,Electronics,13/09/2025,21/09/2025,,Cancelled,5,3000,East,15000,September,,,1,0,0,0,0,,,
ORD-3477,VND-006,Electronics,13/09/2025,21/09/2025,23/09/2025,Delivered,5,7200,International,36000,September,10,2,0,1,0,0,5,,,
ORD-3478,VND-004,Furniture,13/09/2025,19/09/2025,,Cancelled,1,7000,East,7000,September,,,1,0,0,0,0,,,
ORD-3479,VND-014,Furniture,13/09/2025,22/09/2025,,Cancelled,3,15000,North,45000,September,,,1,0,0,0,0,,,
ORD-3480,VND-004,Furniture,13/09/2025,19/09/2025,,In Transit,1,8000,Central,8000,September,,,1,0,0,0,0,,,
ORD-3481,VND-005,Office Supplies,13/09/2025,18/09/2025,21/09/2025,Delivered,60,25,West,1500,September,8,3,0,1,0,0,60,,,
ORD-3482,VND-012,Office Supplies,13/09/2025,22/09/2025,25/09/2025,Delivered,31,50,East,1550,September,12,3,0,1,0,0,31,,,
ORD-3483,VND-003,Electronics,13/09/2025,17/09/2025,16/09/2025,Delivered,3,8500,North,25500,September,3,-1,0,0,0,1,3,,,
ORD-3484,VND-014,Office Supplies,13/09/2025,19/09/2025,22/09/2025,Delivered,36,95,West,3420,September,9,3,0,1,0,0,36,,,
ORD-3485,VND-001,Apparel,13/09/2025,22/09/2025,,In Transit,44,75,Central,3300,September,,,1,0,0,0,0,,,
ORD-3486,VND-008,Electronics,13/09/2025,20/09/2025,23/09/2025,Delivered,2,2400,International,4800,September,10,3,0,1,0,0,2,,,
ORD-3487,VND-005,Electronics,13/09/2025,22/09/2025,23/09/2025,Delivered,2,2400,East,4800,September,10,1,0,1,0,0,2,,,
ORD-3488,VND-003,Apparel,13/09/2025,18/09/2025,18/09/2025,Delivered,9,60,International,540,September,5,0,0,0,1,0,9,,,
ORD-3489,VND-010,Electronics,13/09/2025,21/09/2025,21/09/2025,Delivered,8,1100,North,8800,September,8,0,0,0,1,0,8,,,
ORD-3490,VND-014,Office Supplies,13/09/2025,18/09/2025,18/09/2025,Delivered,26,40,International,1040,September,5,0,0,0,1,0,26,,,
ORD-3491,VND-007,Furniture,13/09/2025,20/09/2025,23/09/2025,Delivered,2,3800,International,7600,September,10,3,0,1,0,0,2,,,
ORD-3492,VND-007,Apparel,13/09/2025,22/09/2025,24/09/2025,Delivered,33,250,North,8250,September,11,2,0,1,0,0,33,,,
ORD-3493,VND-001,Office Supplies,13/09/2025,18/09/2025,21/09/2025,Delivered,70,15,North,1050,September,8,3,0,1,0,0,70,,,
ORD-3494,VND-012,Apparel,14/09/2025,19/09/2025,,In Transit,23,60,East,1380,September,,,1,0,0,0,0,,,
ORD-3495,VND-009,Apparel,14/09/2025,18/09/2025,20/09/2025,Delivered,6,320,International,1920,September,6,2,0,1,0,0,6,,,
ORD-3496,VND-015,Electronics,14/09/2025,19/09/2025,,Cancelled,6,5000,West,30000,September,,,1,0,0,0,0,,,
ORD-3497,VND-002,Electronics,14/09/2025,20/09/2025,20/09/2025,Delivered,6,29000,North,174000,September,6,0,0,0,1,0,6,,,
ORD-3498,VND-005,Office Supplies,14/09/2025,20/09/2025,20/09/2025,Delivered,13,50,Central,650,September,6,0,0,0,1,0,13,,,
ORD-3499,VND-013,Apparel,14/09/2025,19/09/2025,20/09/2025,Delivered,44,180,International,7920,September,6,1,0,1,0,0,44,,,
ORD-3500,VND-014,Electronics,14/09/2025,22/09/2025,22/09/2025,Delivered,6,3000,North,18000,September,8,0,0,0,1,0,6,,,
ORD-3501,VND-005,Electronics,14/09/2025,19/09/2025,22/09/2025,Delivered,9,45000,West,405000,September,8,3,0,1,0,0,9,,,
ORD-3502,VND-014,Apparel,14/09/2025,23/09/2025,22/09/2025,Delivered,22,140,East,3080,September,8,-1,0,0,0,1,22,,,
ORD-3503,VND-008,Office Supplies,14/09/2025,20/09/2025,18/09/2025,Delivered,109,40,International,4360,September,4,-2,0,0,0,1,109,,,
ORD-3504,VND-014,Office Supplies,14/09/2025,19/09/2025,21/09/2025,Delivered,99,22,North,2178,September,7,2,0,1,0,0,99,,,
ORD-3505,VND-008,Apparel,14/09/2025,22/09/2025,20/09/2025,Delivered,29,140,North,4060,September,6,-2,0,0,0,1,29,,,
ORD-3506,VND-014,Office Supplies,14/09/2025,23/09/2025,26/09/2025,Delivered,89,350,Central,31150,September,12,3,0,1,0,0,89,,,
ORD-3507,VND-007,Electronics,14/09/2025,19/09/2025,,In Transit,4,3000,Central,12000,September,,,1,0,0,0,0,,,
ORD-3508,VND-007,Apparel,15/09/2025,19/09/2025,,Cancelled,22,220,International,4840,September,,,1,0,0,0,0,,,
ORD-3509,VND-012,Electronics,15/09/2025,20/09/2025,19/09/2025,Delivered,8,1100,North,8800,September,4,-1,0,0,0,1,8,,,
ORD-3510,VND-011,Furniture,15/09/2025,19/09/2025,22/09/2025,Delivered,3,6500,International,19500,September,7,3,0,1,0,0,3,,,
ORD-3511,VND-006,Furniture,15/09/2025,22/09/2025,,Cancelled,3,3800,North,11400,September,,,1,0,0,0,0,,,
ORD-3512,VND-006,Office Supplies,15/09/2025,21/09/2025,21/09/2025,Delivered,70,25,Central,1750,September,6,0,0,0,1,0,70,,,
ORD-3513,VND-011,Furniture,15/09/2025,21/09/2025,,Cancelled,3,15000,West,45000,September,,,1,0,0,0,0,,,
ORD-3514,VND-009,Electronics,15/09/2025,19/09/2025,18/09/2025,Delivered,2,45000,South,90000,September,3,-1,0,0,0,1,2,,,
ORD-3515,VND-006,Furniture,15/09/2025,20/09/2025,,In Transit,2,9500,South,19000,September,,,1,0,0,0,0,,,
ORD-3516,VND-012,Electronics,15/09/2025,23/09/2025,22/09/2025,Delivered,3,1200,North,3600,September,7,-1,0,0,0,1,3,,,
ORD-3517,VND-013,Office Supplies,15/09/2025,24/09/2025,,Cancelled,53,45,Central,2385,September,,,1,0,0,0,0,,,
ORD-3518,VND-013,Office Supplies,15/09/2025,22/09/2025,22/09/2025,Delivered,109,22,East,2398,September,7,0,0,0,1,0,109,,,
ORD-3519,VND-002,Electronics,15/09/2025,24/09/2025,27/09/2025,Delivered,5,3000,East,15000,September,12,3,0,1,0,0,5,,,
ORD-3520,VND-002,Furniture,15/09/2025,22/09/2025,22/09/2025,Delivered,1,15000,South,15000,September,7,0,0,0,1,0,1,,,
ORD-3521,VND-013,Office Supplies,16/09/2025,20/09/2025,21/09/2025,Delivered,52,350,West,18200,September,5,1,0,1,0,0,52,,,
ORD-3522,VND-005,Apparel,16/09/2025,25/09/2025,,In Transit,45,180,South,8100,September,,,1,0,0,0,0,,,
ORD-3523,VND-015,Office Supplies,16/09/2025,21/09/2025,21/09/2025,Delivered,95,150,North,14250,September,5,0,0,0,1,0,95,,,
ORD-3524,VND-004,Furniture,16/09/2025,24/09/2025,,Cancelled,2,6500,West,13000,September,,,1,0,0,0,0,,,
ORD-3525,VND-011,Apparel,16/09/2025,23/09/2025,26/09/2025,Delivered,34,180,East,6120,September,10,3,0,1,0,0,34,,,
ORD-3526,VND-002,Furniture,16/09/2025,20/09/2025,,In Transit,1,8000,Central,8000,September,,,1,0,0,0,0,,,
ORD-3527,VND-015,Electronics,16/09/2025,25/09/2025,27/09/2025,Delivered,7,7200,Central,50400,September,11,2,0,1,0,0,7,,,
ORD-3528,VND-015,Apparel,16/09/2025,20/09/2025,,Cancelled,42,110,North,4620,September,,,1,0,0,0,0,,,
ORD-3529,VND-003,Furniture,16/09/2025,22/09/2025,,Cancelled,1,3800,South,3800,September,,,1,0,0,0,0,,,
ORD-3530,VND-007,Apparel,16/09/2025,23/09/2025,21/09/2025,Delivered,53,75,North,3975,September,5,-2,0,0,0,1,53,,,
ORD-3531,VND-008,Furniture,16/09/2025,24/09/2025,,In Transit,2,21000,Central,42000,September,,,1,0,0,0,0,,,
ORD-3532,VND-012,Apparel,16/09/2025,25/09/2025,,In Transit,42,130,East,5460,September,,,1,0,0,0,0,,,
ORD-3533,VND-013,Furniture,16/09/2025,24/09/2025,23/09/2025,Delivered,1,12000,Central,12000,September,7,-1,0,0,0,1,1,,,
ORD-3534,VND-006,Electronics,17/09/2025,21/09/2025,22/09/2025,Delivered,5,1200,West,6000,September,5,1,0,1,0,0,5,,,
ORD-3535,VND-011,Apparel,17/09/2025,24/09/2025,27/09/2025,Delivered,8,45,International,360,September,10,3,0,1,0,0,8,,,
ORD-3536,VND-005,Apparel,17/09/2025,26/09/2025,,In Transit,43,90,Central,3870,September,,,1,0,0,0,0,,,
ORD-3537,VND-013,Apparel,17/09/2025,26/09/2025,25/09/2025,Delivered,17,90,Central,1530,September,8,-1,0,0,0,1,17,,,
ORD-3538,VND-001,Apparel,17/09/2025,25/09/2025,28/09/2025,Delivered,49,90,International,4410,September,11,3,0,1,0,0,49,,,
ORD-3539,VND-008,Electronics,17/09/2025,21/09/2025,24/09/2025,Delivered,3,7200,West,21600,September,7,3,0,1,0,0,3,,,
ORD-3540,VND-003,Apparel,17/09/2025,25/09/2025,23/09/2025,Delivered,44,195,South,8580,September,6,-2,0,0,0,1,44,,,
ORD-3541,VND-015,Office Supplies,17/09/2025,21/09/2025,,In Transit,43,30,Central,1290,September,,,1,0,0,0,0,,,
ORD-3542,VND-006,Electronics,17/09/2025,21/09/2025,,Cancelled,8,3100,North,24800,September,,,1,0,0,0,0,,,
ORD-3543,VND-003,Office Supplies,17/09/2025,25/09/2025,28/09/2025,Delivered,77,80,Central,6160,September,11,3,0,1,0,0,77,,,
ORD-3544,VND-007,Apparel,17/09/2025,25/09/2025,27/09/2025,Delivered,40,195,North,7800,September,10,2,0,1,0,0,40,,,
ORD-3545,VND-013,Furniture,17/09/2025,23/09/2025,25/09/2025,Delivered,3,18000,West,54000,September,8,2,0,1,0,0,3,,,
ORD-3546,VND-014,Office Supplies,18/09/2025,23/09/2025,23/09/2025,Delivered,45,12,Central,540,September,5,0,0,0,1,0,45,,,
ORD-3547,VND-007,Apparel,18/09/2025,22/09/2025,25/09/2025,Delivered,22,320,West,7040,September,7,3,0,1,0,0,22,,,
ORD-3548,VND-012,Office Supplies,18/09/2025,25/09/2025,28/09/2025,Delivered,61,95,West,5795,September,10,3,0,1,0,0,61,,,
ORD-3549,VND-015,Apparel,18/09/2025,24/09/2025,24/09/2025,Delivered,51,45,South,2295,September,6,0,0,0,1,0,51,,,
ORD-3550,VND-009,Apparel,18/09/2025,22/09/2025,24/09/2025,Delivered,19,250,Central,4750,September,6,2,0,1,0,0,19,,,
ORD-3551,VND-005,Apparel,18/09/2025,26/09/2025,26/09/2025,Delivered,20,110,North,2200,September,8,0,0,0,1,0,20,,,
ORD-3552,VND-015,Furniture,18/09/2025,26/09/2025,26/09/2025,Delivered,1,6500,North,6500,September,8,0,0,0,1,0,1,,,
ORD-3553,VND-008,Office Supplies,18/09/2025,27/09/2025,,In Transit,19,150,Central,2850,September,,,1,0,0,0,0,,,
ORD-3554,VND-010,Electronics,18/09/2025,25/09/2025,28/09/2025,Delivered,7,3000,International,21000,September,10,3,0,1,0,0,7,,,
ORD-3555,VND-010,Electronics,18/09/2025,25/09/2025,23/09/2025,Delivered,10,1100,South,11000,September,5,-2,0,0,0,1,10,,,
ORD-3556,VND-008,Electronics,18/09/2025,23/09/2025,,In Transit,1,7200,South,7200,September,,,1,0,0,0,0,,,
ORD-3557,VND-001,Electronics,18/09/2025,23/09/2025,26/09/2025,Delivered,9,5000,South,45000,September,8,3,0,1,0,0,9,,,
ORD-3558,VND-012,Apparel,18/09/2025,26/09/2025,25/09/2025,Delivered,17,75,North,1275,September,7,-1,0,0,0,1,17,,,
ORD-3559,VND-005,Office Supplies,18/09/2025,25/09/2025,23/09/2025,Delivered,61,18,West,1098,September,5,-2,0,0,0,1,61,,,
ORD-3560,VND-003,Office Supplies,19/09/2025,26/09/2025,26/09/2025,Delivered,65,22,International,1430,September,7,0,0,0,1,0,65,,,
ORD-3561,VND-001,Furniture,19/09/2025,27/09/2025,,In Transit,3,16500,South,49500,September,,,1,0,0,0,0,,,
ORD-3562,VND-004,Office Supplies,19/09/2025,27/09/2025,26/09/2025,Delivered,109,25,North,2725,September,7,-1,0,0,0,1,109,,,
ORD-3563,VND-008,Office Supplies,19/09/2025,25/09/2025,24/09/2025,Delivered,114,50,North,5700,September,5,-1,0,0,0,1,114,,,
ORD-3564,VND-003,Office Supplies,19/09/2025,24/09/2025,23/09/2025,Delivered,48,18,West,864,September,4,-1,0,0,0,1,48,,,
ORD-3565,VND-010,Furniture,19/09/2025,25/09/2025,24/09/2025,Delivered,1,15000,Central,15000,September,5,-1,0,0,0,1,1,,,
ORD-3566,VND-002,Electronics,19/09/2025,27/09/2025,,Cancelled,3,2400,Central,7200,September,,,1,0,0,0,0,,,
ORD-3567,VND-011,Office Supplies,19/09/2025,24/09/2025,,In Transit,88,25,South,2200,September,,,1,0,0,0,0,,,
ORD-3568,VND-009,Furniture,19/09/2025,25/09/2025,25/09/2025,Delivered,1,4500,South,4500,September,6,0,0,0,1,0,1,,,
ORD-3569,VND-010,Furniture,19/09/2025,26/09/2025,25/09/2025,Delivered,2,4500,International,9000,September,6,-1,0,0,0,1,2,,,
ORD-3570,VND-005,Apparel,19/09/2025,25/09/2025,28/09/2025,Delivered,34,180,West,6120,September,9,3,0,1,0,0,34,,,
ORD-3571,VND-014,Furniture,19/09/2025,24/09/2025,22/09/2025,Delivered,1,6500,South,6500,September,3,-2,0,0,0,1,1,,,
ORD-3572,VND-007,Electronics,19/09/2025,27/09/2025,29/09/2025,Delivered,9,3100,West,27900,September,10,2,0,1,0,0,9,,,
ORD-3573,VND-011,Office Supplies,19/09/2025,28/09/2025,27/09/2025,Delivered,61,40,North,2440,September,8,-1,0,0,0,1,61,,,
ORD-3574,VND-011,Furniture,19/09/2025,27/09/2025,29/09/2025,Delivered,1,9500,South,9500,September,10,2,0,1,0,0,1,,,
ORD-3575,VND-002,Electronics,19/09/2025,23/09/2025,,In Transit,1,1800,North,1800,September,,,1,0,0,0,0,,,
ORD-3576,VND-009,Furniture,19/09/2025,27/09/2025,29/09/2025,Delivered,1,21000,East,21000,September,10,2,0,1,0,0,1,,,
ORD-3577,VND-013,Furniture,19/09/2025,25/09/2025,27/09/2025,Delivered,1,8000,West,8000,September,8,2,0,1,0,0,1,,,
ORD-3578,VND-009,Furniture,20/09/2025,25/09/2025,27/09/2025,Delivered,3,18000,East,54000,September,7,2,0,1,0,0,3,,,
ORD-3579,VND-004,Furniture,20/09/2025,25/09/2025,,Cancelled,1,4500,South,4500,September,,,1,0,0,0,0,,,
ORD-3580,VND-004,Furniture,20/09/2025,28/09/2025,,In Transit,1,12000,North,12000,September,,,1,0,0,0,0,,,
ORD-3581,VND-006,Electronics,20/09/2025,25/09/2025,27/09/2025,Delivered,9,5000,South,45000,September,7,2,0,1,0,0,9,,,
ORD-3582,VND-010,Office Supplies,20/09/2025,29/09/2025,28/09/2025,Delivered,99,25,East,2475,September,8,-1,0,0,0,1,99,,,
ORD-3583,VND-010,Office Supplies,20/09/2025,28/09/2025,,Cancelled,100,30,South,3000,September,,,1,0,0,0,0,,,
ORD-3584,VND-010,Office Supplies,20/09/2025,24/09/2025,24/09/2025,Delivered,107,500,International,53500,September,4,0,0,0,1,0,107,,,
ORD-3585,VND-006,Office Supplies,21/09/2025,27/09/2025,27/09/2025,Delivered,35,40,Central,1400,September,6,0,0,0,1,0,35,,,
ORD-3586,VND-012,Electronics,21/09/2025,27/09/2025,,Cancelled,1,2400,East,2400,September,,,1,0,0,0,0,,,
ORD-3587,VND-001,Apparel,21/09/2025,25/09/2025,,In Transit,7,90,South,630,September,,,1,0,0,0,0,,,
ORD-3588,VND-014,Apparel,21/09/2025,30/09/2025,03/10/2025,Delivered,5,320,North,1600,September,12,3,0,1,0,0,5,,,
ORD-3589,VND-014,Electronics,21/09/2025,25/09/2025,27/09/2025,Delivered,2,45000,South,90000,September,6,2,0,1,0,0,2,,,
ORD-3590,VND-009,Electronics,21/09/2025,25/09/2025,25/09/2025,Delivered,9,5000,North,45000,September,4,0,0,0,1,0,9,,,
ORD-3591,VND-002,Furniture,21/09/2025,30/09/2025,01/10/2025,Delivered,1,9500,Central,9500,September,10,1,0,1,0,0,1,,,
ORD-3592,VND-005,Furniture,21/09/2025,29/09/2025,,Cancelled,2,3800,South,7600,September,,,1,0,0,0,0,,,
ORD-3593,VND-009,Furniture,21/09/2025,26/09/2025,29/09/2025,Delivered,2,12000,Central,24000,September,8,3,0,1,0,0,2,,,
ORD-3594,VND-004,Office Supplies,21/09/2025,27/09/2025,,In Transit,25,18,East,450,September,,,1,0,0,0,0,,,
ORD-3595,VND-011,Furniture,22/09/2025,01/10/2025,01/10/2025,Delivered,3,21000,North,63000,September,9,0,0,0,1,0,3,,,
ORD-3596,VND-003,Apparel,22/09/2025,28/09/2025,01/10/2025,Delivered,47,250,International,11750,September,9,3,0,1,0,0,47,,,
ORD-3597,VND-015,Office Supplies,22/09/2025,01/10/2025,04/10/2025,Delivered,37,95,East,3515,September,12,3,0,1,0,0,37,,,
ORD-3598,VND-007,Furniture,22/09/2025,26/09/2025,,In Transit,1,21000,North,21000,September,,,1,0,0,0,0,,,
ORD-3599,VND-006,Office Supplies,22/09/2025,01/10/2025,30/09/2025,Delivered,75,40,Central,3000,September,8,-1,0,0,0,1,75,,,
ORD-3600,VND-008,Apparel,22/09/2025,30/09/2025,30/09/2025,Delivered,21,250,West,5250,September,8,0,0,0,1,0,21,,,
ORD-3601,VND-003,Furniture,22/09/2025,01/10/2025,30/09/2025,Delivered,3,4500,South,13500,September,8,-1,0,0,0,1,3,,,
ORD-3602,VND-005,Apparel,22/09/2025,29/09/2025,02/10/2025,Delivered,27,60,Central,1620,September,10,3,0,1,0,0,27,,,
ORD-3603,VND-010,Apparel,22/09/2025,26/09/2025,26/09/2025,Delivered,26,220,North,5720,September,4,0,0,0,1,0,26,,,
ORD-3604,VND-004,Apparel,22/09/2025,27/09/2025,30/09/2025,Delivered,16,195,North,3120,September,8,3,0,1,0,0,16,,,
ORD-3605,VND-015,Furniture,22/09/2025,27/09/2025,27/09/2025,Delivered,3,8000,North,24000,September,5,0,0,0,1,0,3,,,
ORD-3606,VND-013,Electronics,23/09/2025,28/09/2025,27/09/2025,Delivered,10,5000,North,50000,September,4,-1,0,0,0,1,10,,,
ORD-3607,VND-004,Furniture,23/09/2025,02/10/2025,05/10/2025,Delivered,1,3800,South,3800,September,12,3,0,1,0,0,1,,,
ORD-3608,VND-004,Apparel,23/09/2025,01/10/2025,29/09/2025,Delivered,28,195,East,5460,September,6,-2,0,0,0,1,28,,,
ORD-3609,VND-010,Furniture,23/09/2025,01/10/2025,29/09/2025,Delivered,3,8000,International,24000,September,6,-2,0,0,0,1,3,,,
ORD-3610,VND-008,Apparel,23/09/2025,27/09/2025,29/09/2025,Delivered,42,250,West,10500,September,6,2,0,1,0,0,42,,,
ORD-3611,VND-006,Electronics,23/09/2025,29/09/2025,28/09/2025,Delivered,8,2400,South,19200,September,5,-1,0,0,0,1,8,,,
ORD-3612,VND-003,Office Supplies,23/09/2025,30/09/2025,,In Transit,41,80,North,3280,September,,,1,0,0,0,0,,,
ORD-3613,VND-010,Electronics,23/09/2025,01/10/2025,03/10/2025,Delivered,8,1200,South,9600,September,10,2,0,1,0,0,8,,,
ORD-3614,VND-005,Electronics,24/09/2025,30/09/2025,29/09/2025,Delivered,5,3100,Central,15500,September,5,-1,0,0,0,1,5,,,
ORD-3615,VND-006,Office Supplies,24/09/2025,03/10/2025,05/10/2025,Delivered,12,30,International,360,September,11,2,0,1,0,0,12,,,
ORD-3616,VND-005,Furniture,24/09/2025,01/10/2025,,In Transit,2,6500,North,13000,September,,,1,0,0,0,0,,,
ORD-3617,VND-006,Office Supplies,24/09/2025,29/09/2025,01/10/2025,Delivered,114,95,West,10830,September,7,2,0,1,0,0,114,,,
ORD-3618,VND-008,Furniture,24/09/2025,03/10/2025,05/10/2025,Delivered,3,15000,North,45000,September,11,2,0,1,0,0,3,,,
ORD-3619,VND-007,Furniture,24/09/2025,03/10/2025,01/10/2025,Delivered,3,6500,International,19500,September,7,-2,0,0,0,1,3,,,
ORD-3620,VND-005,Apparel,24/09/2025,28/09/2025,30/09/2025,Delivered,47,60,West,2820,September,6,2,0,1,0,0,47,,,
ORD-3621,VND-010,Apparel,24/09/2025,30/09/2025,,Cancelled,43,220,International,9460,September,,,1,0,0,0,0,,,
ORD-3622,VND-006,Office Supplies,24/09/2025,28/09/2025,,In Transit,81,22,West,1782,September,,,1,0,0,0,0,,,
ORD-3623,VND-014,Electronics,24/09/2025,02/10/2025,05/10/2025,Delivered,1,3100,East,3100,September,11,3,0,1,0,0,1,,,
ORD-3624,VND-004,Office Supplies,25/09/2025,30/09/2025,,In Transit,60,500,East,30000,September,,,1,0,0,0,0,,,
ORD-3625,VND-012,Furniture,25/09/2025,04/10/2025,05/10/2025,Delivered,3,4500,South,13500,September,10,1,0,1,0,0,3,,,
ORD-3626,VND-009,Apparel,25/09/2025,29/09/2025,01/10/2025,Delivered,42,45,South,1890,September,6,2,0,1,0,0,42,,,
ORD-3627,VND-013,Office Supplies,25/09/2025,29/09/2025,02/10/2025,Delivered,74,22,West,1628,September,7,3,0,1,0,0,74,,,
ORD-3628,VND-004,Office Supplies,25/09/2025,04/10/2025,03/10/2025,Delivered,84,18,North,1512,September,8,-1,0,0,0,1,84,,,
ORD-3629,VND-001,Apparel,25/09/2025,01/10/2025,03/10/2025,Delivered,19,130,Central,2470,September,8,2,0,1,0,0,19,,,
ORD-3630,VND-007,Apparel,25/09/2025,30/09/2025,01/10/2025,Delivered,47,90,Central,4230,September,6,1,0,1,0,0,47,,,
ORD-3631,VND-007,Apparel,25/09/2025,03/10/2025,04/10/2025,Delivered,21,110,North,2310,September,9,1,0,1,0,0,21,,,
ORD-3632,VND-004,Furniture,25/09/2025,01/10/2025,,In Transit,1,15000,North,15000,September,,,1,0,0,0,0,,,
ORD-3633,VND-013,Apparel,25/09/2025,03/10/2025,,Cancelled,28,180,East,5040,September,,,1,0,0,0,0,,,
ORD-3634,VND-014,Electronics,25/09/2025,03/10/2025,02/10/2025,Delivered,5,7200,Central,36000,September,7,-1,0,0,0,1,5,,,
ORD-3635,VND-003,Office Supplies,25/09/2025,29/09/2025,01/10/2025,Delivered,37,80,West,2960,September,6,2,0,1,0,0,37,,,
ORD-3636,VND-008,Apparel,26/09/2025,02/10/2025,,In Transit,11,45,International,495,September,,,1,0,0,0,0,,,
ORD-3637,VND-005,Apparel,26/09/2025,04/10/2025,,In Transit,11,250,South,2750,September,,,1,0,0,0,0,,,
ORD-3638,VND-010,Furniture,26/09/2025,04/10/2025,06/10/2025,Delivered,3,15000,International,45000,September,10,2,0,1,0,0,3,,,
ORD-3639,VND-007,Furniture,26/09/2025,04/10/2025,04/10/2025,Delivered,2,9500,East,19000,September,8,0,0,0,1,0,2,,,
ORD-3640,VND-004,Office Supplies,26/09/2025,01/10/2025,29/09/2025,Delivered,59,18,Central,1062,September,3,-2,0,0,0,1,59,,,
ORD-3641,VND-004,Electronics,26/09/2025,02/10/2025,02/10/2025,Delivered,6,13500,North,81000,September,6,0,0,0,1,0,6,,,
ORD-3642,VND-008,Office Supplies,26/09/2025,03/10/2025,,Cancelled,102,50,Central,5100,September,,,1,0,0,0,0,,,
ORD-3643,VND-014,Apparel,26/09/2025,30/09/2025,29/09/2025,Delivered,6,220,West,1320,September,3,-1,0,0,0,1,6,,,
ORD-3644,VND-008,Electronics,26/09/2025,05/10/2025,,Cancelled,10,13500,East,135000,September,,,1,0,0,0,0,,,
ORD-3645,VND-002,Electronics,26/09/2025,01/10/2025,04/10/2025,Delivered,5,3100,North,15500,September,8,3,0,1,0,0,5,,,
ORD-3646,VND-014,Electronics,26/09/2025,03/10/2025,,Cancelled,4,5000,International,20000,September,,,1,0,0,0,0,,,
ORD-3647,VND-002,Electronics,26/09/2025,03/10/2025,03/10/2025,Delivered,2,5000,West,10000,September,7,0,0,0,1,0,2,,,
ORD-3648,VND-003,Office Supplies,27/09/2025,02/10/2025,05/10/2025,Delivered,57,12,International,684,September,8,3,0,1,0,0,57,,,
ORD-3649,VND-015,Furniture,27/09/2025,02/10/2025,05/10/2025,Delivered,3,8000,South,24000,September,8,3,0,1,0,0,3,,,
ORD-3650,VND-012,Furniture,27/09/2025,02/10/2025,02/10/2025,Delivered,2,14000,East,28000,September,5,0,0,0,1,0,2,,,
ORD-3651,VND-012,Apparel,27/09/2025,06/10/2025,05/10/2025,Delivered,32,320,West,10240,September,8,-1,0,0,0,1,32,,,
ORD-3652,VND-003,Furniture,27/09/2025,05/10/2025,06/10/2025,Delivered,1,7000,West,7000,September,9,1,0,1,0,0,1,,,
ORD-3653,VND-001,Furniture,27/09/2025,04/10/2025,07/10/2025,Delivered,2,15000,International,30000,September,10,3,0,1,0,0,2,,,
ORD-3654,VND-015,Furniture,27/09/2025,04/10/2025,05/10/2025,Delivered,1,21000,North,21000,September,8,1,0,1,0,0,1,,,
ORD-3655,VND-014,Furniture,27/09/2025,05/10/2025,,In Transit,3,16500,South,49500,September,,,1,0,0,0,0,,,
ORD-3656,VND-003,Apparel,27/09/2025,01/10/2025,30/09/2025,Delivered,33,130,International,4290,September,3,-1,0,0,0,1,33,,,
ORD-3657,VND-006,Office Supplies,27/09/2025,06/10/2025,07/10/2025,Delivered,106,25,West,2650,September,10,1,0,1,0,0,106,,,
ORD-3658,VND-008,Electronics,27/09/2025,02/10/2025,,In Transit,1,7200,East,7200,September,,,1,0,0,0,0,,,
ORD-3659,VND-013,Furniture,27/09/2025,02/10/2025,04/10/2025,Delivered,3,9500,West,28500,September,7,2,0,1,0,0,3,,,
ORD-3660,VND-012,Office Supplies,27/09/2025,02/10/2025,,Cancelled,103,150,Central,15450,September,,,1,0,0,0,0,,,
ORD-3661,VND-014,Furniture,27/09/2025,04/10/2025,07/10/2025,Delivered,2,7000,East,14000,September,10,3,0,1,0,0,2,,,
ORD-3662,VND-010,Furniture,27/09/2025,02/10/2025,04/10/2025,Delivered,1,15000,East,15000,September,7,2,0,1,0,0,1,,,
ORD-3663,VND-006,Electronics,28/09/2025,07/10/2025,10/10/2025,Delivered,5,45000,West,225000,September,12,3,0,1,0,0,5,,,
ORD-3664,VND-005,Electronics,28/09/2025,07/10/2025,08/10/2025,Delivered,3,1100,North,3300,September,10,1,0,1,0,0,3,,,
ORD-3665,VND-015,Electronics,28/09/2025,06/10/2025,06/10/2025,Delivered,6,7200,East,43200,September,8,0,0,0,1,0,6,,,
ORD-3666,VND-004,Furniture,28/09/2025,02/10/2025,01/10/2025,Delivered,1,18000,Central,18000,September,3,-1,0,0,0,1,1,,,
ORD-3667,VND-003,Furniture,28/09/2025,03/10/2025,02/10/2025,Delivered,1,18000,International,18000,September,4,-1,0,0,0,1,1,,,
ORD-3668,VND-013,Furniture,28/09/2025,04/10/2025,07/10/2025,Delivered,3,12000,North,36000,September,9,3,0,1,0,0,3,,,
ORD-3669,VND-004,Electronics,28/09/2025,07/10/2025,05/10/2025,Delivered,2,1800,North,3600,September,7,-2,0,0,0,1,2,,,
ORD-3670,VND-014,Apparel,28/09/2025,06/10/2025,06/10/2025,Delivered,6,130,North,780,September,8,0,0,0,1,0,6,,,
ORD-3671,VND-007,Office Supplies,28/09/2025,04/10/2025,05/10/2025,Delivered,36,350,East,12600,September,7,1,0,1,0,0,36,,,
ORD-3672,VND-001,Apparel,28/09/2025,07/10/2025,07/10/2025,Delivered,28,180,North,5040,September,9,0,0,0,1,0,28,,,
ORD-3673,VND-007,Furniture,28/09/2025,04/10/2025,03/10/2025,Delivered,3,3800,West,11400,September,5,-1,0,0,0,1,3,,,
ORD-3674,VND-001,Furniture,28/09/2025,07/10/2025,08/10/2025,Delivered,3,15000,North,45000,September,10,1,0,1,0,0,3,,,
ORD-3675,VND-002,Apparel,28/09/2025,06/10/2025,04/10/2025,Delivered,31,180,Central,5580,September,6,-2,0,0,0,1,31,,,
ORD-3676,VND-015,Furniture,28/09/2025,06/10/2025,07/10/2025,Delivered,1,15000,South,15000,September,9,1,0,1,0,0,1,,,
ORD-3677,VND-004,Office Supplies,28/09/2025,03/10/2025,01/10/2025,Delivered,50,150,Central,7500,September,3,-2,0,0,0,1,50,,,
ORD-3678,VND-001,Furniture,28/09/2025,06/10/2025,09/10/2025,Delivered,2,6500,East,13000,September,11,3,0,1,0,0,2,,,
ORD-3679,VND-011,Office Supplies,28/09/2025,07/10/2025,05/10/2025,Delivered,40,95,North,3800,September,7,-2,0,0,0,1,40,,,
ORD-3680,VND-012,Apparel,28/09/2025,02/10/2025,30/09/2025,Delivered,44,220,North,9680,September,2,-2,0,0,0,1,44,,,
ORD-3681,VND-011,Apparel,28/09/2025,04/10/2025,05/10/2025,Delivered,23,140,West,3220,September,7,1,0,1,0,0,23,,,
ORD-3682,VND-015,Furniture,28/09/2025,07/10/2025,10/10/2025,Delivered,1,16500,International,16500,September,12,3,0,1,0,0,1,,,
ORD-3683,VND-011,Office Supplies,28/09/2025,05/10/2025,04/10/2025,Delivered,77,18,North,1386,September,6,-1,0,0,0,1,77,,,
ORD-3684,VND-009,Furniture,28/09/2025,07/10/2025,09/10/2025,Delivered,2,21000,Central,42000,September,11,2,0,1,0,0,2,,,
ORD-3685,VND-012,Electronics,28/09/2025,03/10/2025,,In Transit,3,8500,East,25500,September,,,1,0,0,0,0,,,
ORD-3686,VND-006,Electronics,28/09/2025,06/10/2025,04/10/2025,Delivered,1,7200,South,7200,September,6,-2,0,0,0,1,1,,,
ORD-3687,VND-013,Electronics,28/09/2025,07/10/2025,09/10/2025,Delivered,5,2400,North,12000,September,11,2,0,1,0,0,5,,,
ORD-3688,VND-001,Electronics,29/09/2025,07/10/2025,05/10/2025,Delivered,1,8500,South,8500,September,6,-2,0,0,0,1,1,,,
ORD-3689,VND-001,Furniture,29/09/2025,04/10/2025,06/10/2025,Delivered,1,15000,North,15000,September,7,2,0,1,0,0,1,,,
ORD-3690,VND-006,Electronics,29/09/2025,08/10/2025,,In Transit,5,29000,East,145000,September,,,1,0,0,0,0,,,
ORD-3691,VND-004,Office Supplies,29/09/2025,04/10/2025,03/10/2025,Delivered,32,80,International,2560,September,4,-1,0,0,0,1,32,,,
ORD-3692,VND-004,Apparel,29/09/2025,06/10/2025,,Cancelled,18,195,Central,3510,September,,,1,0,0,0,0,,,
ORD-3693,VND-015,Apparel,29/09/2025,08/10/2025,11/10/2025,Delivered,11,180,East,1980,September,12,3,0,1,0,0,11,,,
ORD-3694,VND-011,Electronics,29/09/2025,03/10/2025,01/10/2025,Delivered,1,2400,South,2400,September,2,-2,0,0,0,1,1,,,
ORD-3695,VND-015,Electronics,29/09/2025,05/10/2025,08/10/2025,Delivered,10,13500,North,135000,September,9,3,0,1,0,0,10,,,
ORD-3696,VND-006,Electronics,29/09/2025,04/10/2025,04/10/2025,Delivered,4,45000,South,180000,September,5,0,0,0,1,0,4,,,
ORD-3697,VND-015,Furniture,29/09/2025,08/10/2025,06/10/2025,Delivered,1,6500,Central,6500,September,7,-2,0,0,0,1,1,,,
ORD-3698,VND-014,Apparel,29/09/2025,03/10/2025,06/10/2025,Delivered,51,320,East,16320,September,7,3,0,1,0,0,51,,,
ORD-3699,VND-012,Electronics,29/09/2025,05/10/2025,03/10/2025,Delivered,10,13500,South,135000,September,4,-2,0,0,0,1,10,,,
ORD-3700,VND-011,Office Supplies,29/09/2025,03/10/2025,,In Transit,8,95,South,760,September,,,1,0,0,0,0,,,
ORD-3701,VND-007,Electronics,29/09/2025,06/10/2025,08/10/2025,Delivered,5,5000,Central,25000,September,9,2,0,1,0,0,5,,,
ORD-3702,VND-009,Apparel,29/09/2025,08/10/2025,09/10/2025,Delivered,16,90,North,1440,September,10,1,0,1,0,0,16,,,
ORD-3703,VND-010,Electronics,29/09/2025,07/10/2025,10/10/2025,Delivered,9,3100,South,27900,September,11,3,0,1,0,0,9,,,
ORD-3704,VND-005,Apparel,29/09/2025,06/10/2025,07/10/2025,Delivered,7,220,Central,1540,September,8,1,0,1,0,0,7,,,
ORD-3705,VND-009,Electronics,29/09/2025,08/10/2025,07/10/2025,Delivered,10,3000,North,30000,September,8,-1,0,0,0,1,10,,,
ORD-3706,VND-004,Office Supplies,29/09/2025,05/10/2025,08/10/2025,Delivered,97,30,International,2910,September,9,3,0,1,0,0,97,,,
ORD-3707,VND-013,Electronics,29/09/2025,06/10/2025,05/10/2025,Delivered,4,1800,North,7200,September,6,-1,0,0,0,1,4,,,
ORD-3708,VND-010,Office Supplies,30/09/2025,07/10/2025,07/10/2025,Delivered,44,40,International,1760,September,7,0,0,0,1,0,44,,,
ORD-3709,VND-002,Office Supplies,30/09/2025,05/10/2025,08/10/2025,Delivered,66,30,East,1980,September,8,3,0,1,0,0,66,,,
ORD-3710,VND-003,Electronics,30/09/2025,08/10/2025,08/10/2025,Delivered,2,1100,Central,2200,September,8,0,0,0,1,0,2,,,
ORD-3711,VND-013,Office Supplies,30/09/2025,04/10/2025,,Cancelled,28,150,North,4200,September,,,1,0,0,0,0,,,
ORD-3712,VND-011,Furniture,30/09/2025,09/10/2025,12/10/2025,Delivered,2,6500,International,13000,September,12,3,0,1,0,0,2,,,
ORD-3713,VND-001,Electronics,30/09/2025,09/10/2025,08/10/2025,Delivered,1,2400,International,2400,September,8,-1,0,0,0,1,1,,,
ORD-3714,VND-014,Electronics,30/09/2025,04/10/2025,03/10/2025,Delivered,4,13500,East,54000,September,3,-1,0,0,0,1,4,,,
ORD-3715,VND-014,Office Supplies,30/09/2025,08/10/2025,,In Transit,105,500,West,52500,September,,,1,0,0,0,0,,,
ORD-3716,VND-006,Office Supplies,30/09/2025,05/10/2025,08/10/2025,Delivered,111,30,Central,3330,September,8,3,0,1,0,0,111,,,
ORD-3717,VND-013,Electronics,30/09/2025,07/10/2025,05/10/2025,Delivered,3,1100,West,3300,September,5,-2,0,0,0,1,3,,,
ORD-3718,VND-006,Furniture,30/09/2025,04/10/2025,03/10/2025,Delivered,3,6500,North,19500,September,3,-1,0,0,0,1,3,,,
ORD-3719,VND-001,Office Supplies,30/09/2025,07/10/2025,08/10/2025,Delivered,31,22,Central,682,September,8,1,0,1,0,0,31,,,
ORD-3720,VND-011,Office Supplies,30/09/2025,05/10/2025,,In Transit,39,18,East,702,September,,,1,0,0,0,0,,,
ORD-3721,VND-013,Apparel,30/09/2025,06/10/2025,08/10/2025,Delivered,17,250,North,4250,September,8,2,0,1,0,0,17,,,
ORD-3722,VND-003,Furniture,30/09/2025,05/10/2025,,In Transit,3,7000,Central,21000,September,,,1,0,0,0,0,,,
ORD-3723,VND-005,Furniture,30/09/2025,09/10/2025,10/10/2025,Delivered,2,7000,Central,14000,September,10,1,0,1,0,0,2,,,
ORD-3724,VND-003,Electronics,30/09/2025,08/10/2025,07/10/2025,Delivered,9,2400,West,21600,September,7,-1,0,0,0,1,9,,,
ORD-3725,VND-010,Furniture,30/09/2025,08/10/2025,,In Transit,1,3800,North,3800,September,,,1,0,0,0,0,,,
ORD-3726,VND-003,Electronics,30/09/2025,06/10/2025,07/10/2025,Delivered,1,3000,East,3000,September,7,1,0,1,0,0,1,,,
ORD-3727,VND-014,Apparel,30/09/2025,06/10/2025,06/10/2025,Delivered,16,130,East,2080,September,6,0,0,0,1,0,16,,,
ORD-3728,VND-010,Furniture,01/10/2025,08/10/2025,11/10/2025,Delivered,2,15000,North,30000,October,10,3,0,1,0,0,2,,,
ORD-3729,VND-003,Office Supplies,01/10/2025,07/10/2025,06/10/2025,Delivered,24,80,North,1920,October,5,-1,0,0,0,1,24,,,
ORD-3730,VND-005,Apparel,01/10/2025,06/10/2025,08/10/2025,Delivered,49,180,International,8820,October,7,2,0,1,0,0,49,,,
ORD-3731,VND-013,Electronics,01/10/2025,06/10/2025,,Cancelled,8,45000,South,360000,October,,,1,0,0,0,0,,,
ORD-3732,VND-005,Apparel,01/10/2025,06/10/2025,,Cancelled,51,75,West,3825,October,,,1,0,0,0,0,,,
ORD-3733,VND-004,Electronics,01/10/2025,09/10/2025,07/10/2025,Delivered,5,13500,North,67500,October,6,-2,0,0,0,1,5,,,
ORD-3734,VND-001,Apparel,01/10/2025,08/10/2025,07/10/2025,Delivered,32,45,North,1440,October,6,-1,0,0,0,1,32,,,
ORD-3735,VND-005,Electronics,01/10/2025,09/10/2025,09/10/2025,Delivered,9,3000,South,27000,October,8,0,0,0,1,0,9,,,
ORD-3736,VND-010,Furniture,01/10/2025,07/10/2025,10/10/2025,Delivered,2,21000,South,42000,October,9,3,0,1,0,0,2,,,
ORD-3737,VND-005,Office Supplies,01/10/2025,06/10/2025,07/10/2025,Delivered,105,95,Central,9975,October,6,1,0,1,0,0,105,,,
ORD-3738,VND-004,Electronics,01/10/2025,09/10/2025,12/10/2025,Delivered,7,2400,East,16800,October,11,3,0,1,0,0,7,,,
ORD-3739,VND-006,Apparel,02/10/2025,11/10/2025,13/10/2025,Delivered,53,110,West,5830,October,11,2,0,1,0,0,53,,,
ORD-3740,VND-010,Electronics,02/10/2025,10/10/2025,12/10/2025,Delivered,2,5000,Central,10000,October,10,2,0,1,0,0,2,,,
ORD-3741,VND-004,Electronics,02/10/2025,10/10/2025,11/10/2025,Delivered,9,1100,North,9900,October,9,1,0,1,0,0,9,,,
ORD-3742,VND-014,Electronics,02/10/2025,10/10/2025,11/10/2025,Delivered,2,29000,South,58000,October,9,1,0,1,0,0,2,,,
ORD-3743,VND-007,Apparel,02/10/2025,09/10/2025,,In Transit,26,180,International,4680,October,,,1,0,0,0,0,,,
ORD-3744,VND-007,Office Supplies,02/10/2025,09/10/2025,09/10/2025,Delivered,78,50,East,3900,October,7,0,0,0,1,0,78,,,
ORD-3745,VND-002,Furniture,02/10/2025,06/10/2025,09/10/2025,Delivered,2,4500,Central,9000,October,7,3,0,1,0,0,2,,,
ORD-3746,VND-003,Office Supplies,02/10/2025,07/10/2025,07/10/2025,Delivered,51,50,International,2550,October,5,0,0,0,1,0,51,,,
ORD-3747,VND-001,Electronics,02/10/2025,06/10/2025,09/10/2025,Delivered,4,29000,East,116000,October,7,3,0,1,0,0,4,,,
ORD-3748,VND-008,Apparel,02/10/2025,08/10/2025,11/10/2025,Delivered,19,75,International,1425,October,9,3,0,1,0,0,19,,,
ORD-3749,VND-009,Office Supplies,02/10/2025,09/10/2025,10/10/2025,Delivered,30,25,South,750,October,8,1,0,1,0,0,30,,,
ORD-3750,VND-004,Electronics,02/10/2025,10/10/2025,,Cancelled,5,45000,Central,225000,October,,,1,0,0,0,0,,,
ORD-3751,VND-006,Furniture,02/10/2025,09/10/2025,09/10/2025,Delivered,1,4500,Central,4500,October,7,0,0,0,1,0,1,,,
ORD-3752,VND-009,Furniture,02/10/2025,11/10/2025,10/10/2025,Delivered,2,9500,East,19000,October,8,-1,0,0,0,1,2,,,
ORD-3753,VND-006,Furniture,02/10/2025,11/10/2025,12/10/2025,Delivered,1,12000,International,12000,October,10,1,0,1,0,0,1,,,
ORD-3754,VND-014,Electronics,03/10/2025,12/10/2025,,Cancelled,8,3100,South,24800,October,,,1,0,0,0,0,,,
ORD-3755,VND-012,Apparel,03/10/2025,07/10/2025,,In Transit,25,320,North,8000,October,,,1,0,0,0,0,,,
ORD-3756,VND-012,Office Supplies,03/10/2025,12/10/2025,,In Transit,10,40,Central,400,October,,,1,0,0,0,0,,,
ORD-3757,VND-012,Furniture,03/10/2025,09/10/2025,07/10/2025,Delivered,3,8000,North,24000,October,4,-2,0,0,0,1,3,,,
ORD-3758,VND-009,Electronics,03/10/2025,11/10/2025,,Cancelled,2,13500,South,27000,October,,,1,0,0,0,0,,,
ORD-3759,VND-015,Electronics,03/10/2025,11/10/2025,14/10/2025,Delivered,10,45000,Central,450000,October,11,3,0,1,0,0,10,,,
ORD-3760,VND-004,Office Supplies,03/10/2025,08/10/2025,08/10/2025,Delivered,27,150,Central,4050,October,5,0,0,0,1,0,27,,,
ORD-3761,VND-008,Furniture,03/10/2025,08/10/2025,,In Transit,1,14000,International,14000,October,,,1,0,0,0,0,,,
ORD-3762,VND-009,Electronics,03/10/2025,07/10/2025,,Cancelled,3,3000,North,9000,October,,,1,0,0,0,0,,,
ORD-3763,VND-004,Office Supplies,03/10/2025,08/10/2025,06/10/2025,Delivered,92,15,International,1380,October,3,-2,0,0,0,1,92,,,
ORD-3764,VND-005,Apparel,03/10/2025,08/10/2025,10/10/2025,Delivered,13,90,West,1170,October,7,2,0,1,0,0,13,,,
ORD-3765,VND-014,Apparel,04/10/2025,10/10/2025,09/10/2025,Delivered,45,195,North,8775,October,5,-1,0,0,0,1,45,,,
ORD-3766,VND-008,Apparel,04/10/2025,13/10/2025,11/10/2025,Delivered,38,195,North,7410,October,7,-2,0,0,0,1,38,,,
ORD-3767,VND-012,Furniture,04/10/2025,13/10/2025,13/10/2025,Delivered,1,4500,West,4500,October,9,0,0,0,1,0,1,,,
ORD-3768,VND-010,Office Supplies,04/10/2025,13/10/2025,,Cancelled,82,350,South,28700,October,,,1,0,0,0,0,,,
ORD-3769,VND-014,Office Supplies,04/10/2025,12/10/2025,14/10/2025,Delivered,109,50,South,5450,October,10,2,0,1,0,0,109,,,
ORD-3770,VND-006,Electronics,04/10/2025,11/10/2025,,In Transit,4,1200,Central,4800,October,,,1,0,0,0,0,,,
ORD-3771,VND-012,Electronics,04/10/2025,10/10/2025,,In Transit,7,8500,East,59500,October,,,1,0,0,0,0,,,
ORD-3772,VND-007,Electronics,04/10/2025,09/10/2025,11/10/2025,Delivered,6,29000,International,174000,October,7,2,0,1,0,0,6,,,
ORD-3773,VND-003,Office Supplies,04/10/2025,09/10/2025,,In Transit,103,95,East,9785,October,,,1,0,0,0,0,,,
ORD-3774,VND-007,Electronics,04/10/2025,09/10/2025,07/10/2025,Delivered,4,1100,Central,4400,October,3,-2,0,0,0,1,4,,,
ORD-3775,VND-012,Office Supplies,04/10/2025,13/10/2025,12/10/2025,Delivered,107,18,East,1926,October,8,-1,0,0,0,1,107,,,
ORD-3776,VND-014,Office Supplies,05/10/2025,12/10/2025,12/10/2025,Delivered,14,95,North,1330,October,7,0,0,0,1,0,14,,,
ORD-3777,VND-008,Apparel,05/10/2025,11/10/2025,09/10/2025,Delivered,49,250,North,12250,October,4,-2,0,0,0,1,49,,,
ORD-3778,VND-010,Electronics,05/10/2025,12/10/2025,,In Transit,10,3000,West,30000,October,,,1,0,0,0,0,,,
ORD-3779,VND-006,Apparel,05/10/2025,14/10/2025,,Cancelled,32,75,West,2400,October,,,1,0,0,0,0,,,
ORD-3780,VND-015,Furniture,05/10/2025,12/10/2025,12/10/2025,Delivered,2,4500,Central,9000,October,7,0,0,0,1,0,2,,,
ORD-3781,VND-010,Furniture,05/10/2025,12/10/2025,,In Transit,1,4500,Central,4500,October,,,1,0,0,0,0,,,
ORD-3782,VND-009,Furniture,05/10/2025,14/10/2025,16/10/2025,Delivered,1,14000,Central,14000,October,11,2,0,1,0,0,1,,,
ORD-3783,VND-013,Office Supplies,05/10/2025,10/10/2025,,In Transit,53,150,North,7950,October,,,1,0,0,0,0,,,
ORD-3784,VND-006,Office Supplies,05/10/2025,10/10/2025,10/10/2025,Delivered,60,350,East,21000,October,5,0,0,0,1,0,60,,,
ORD-3785,VND-012,Office Supplies,05/10/2025,11/10/2025,14/10/2025,Delivered,39,15,International,585,October,9,3,0,1,0,0,39,,,
ORD-3786,VND-009,Electronics,05/10/2025,12/10/2025,15/10/2025,Delivered,4,5000,Central,20000,October,10,3,0,1,0,0,4,,,
ORD-3787,VND-013,Apparel,05/10/2025,09/10/2025,09/10/2025,Delivered,14,140,Central,1960,October,4,0,0,0,1,0,14,,,
ORD-3788,VND-004,Office Supplies,05/10/2025,11/10/2025,11/10/2025,Delivered,76,15,North,1140,October,6,0,0,0,1,0,76,,,
ORD-3789,VND-008,Apparel,05/10/2025,14/10/2025,,Cancelled,44,320,International,14080,October,,,1,0,0,0,0,,,
ORD-3790,VND-011,Apparel,06/10/2025,15/10/2025,16/10/2025,Delivered,38,320,North,12160,October,10,1,0,1,0,0,38,,,
ORD-3791,VND-004,Apparel,06/10/2025,14/10/2025,,Cancelled,12,140,International,1680,October,,,1,0,0,0,0,,,
ORD-3792,VND-002,Electronics,06/10/2025,12/10/2025,14/10/2025,Delivered,3,2400,North,7200,October,8,2,0,1,0,0,3,,,
ORD-3793,VND-010,Electronics,06/10/2025,15/10/2025,16/10/2025,Delivered,7,2400,East,16800,October,10,1,0,1,0,0,7,,,
ORD-3794,VND-011,Furniture,06/10/2025,15/10/2025,13/10/2025,Delivered,1,12000,Central,12000,October,7,-2,0,0,0,1,1,,,
ORD-3795,VND-009,Furniture,06/10/2025,11/10/2025,10/10/2025,Delivered,1,3800,South,3800,October,4,-1,0,0,0,1,1,,,
ORD-3796,VND-005,Apparel,06/10/2025,15/10/2025,14/10/2025,Delivered,24,195,South,4680,October,8,-1,0,0,0,1,24,,,
ORD-3797,VND-004,Furniture,06/10/2025,11/10/2025,12/10/2025,Delivered,1,7000,Central,7000,October,6,1,0,1,0,0,1,,,
ORD-3798,VND-002,Apparel,06/10/2025,11/10/2025,12/10/2025,Delivered,49,110,Central,5390,October,6,1,0,1,0,0,49,,,
ORD-3799,VND-001,Electronics,06/10/2025,10/10/2025,10/10/2025,Delivered,1,1200,Central,1200,October,4,0,0,0,1,0,1,,,
ORD-3800,VND-011,Electronics,06/10/2025,12/10/2025,,Cancelled,4,45000,Central,180000,October,,,1,0,0,0,0,,,
ORD-3801,VND-007,Electronics,06/10/2025,12/10/2025,13/10/2025,Delivered,4,29000,International,116000,October,7,1,0,1,0,0,4,,,
ORD-3802,VND-006,Office Supplies,06/10/2025,13/10/2025,14/10/2025,Delivered,113,30,East,3390,October,8,1,0,1,0,0,113,,,
ORD-3803,VND-015,Apparel,06/10/2025,10/10/2025,12/10/2025,Delivered,49,130,South,6370,October,6,2,0,1,0,0,49,,,
ORD-3804,VND-015,Electronics,07/10/2025,14/10/2025,,In Transit,8,45000,West,360000,October,,,1,0,0,0,0,,,
ORD-3805,VND-002,Apparel,07/10/2025,14/10/2025,,In Transit,49,195,South,9555,October,,,1,0,0,0,0,,,
ORD-3806,VND-008,Furniture,07/10/2025,13/10/2025,16/10/2025,Delivered,2,3800,South,7600,October,9,3,0,1,0,0,2,,,
ORD-3807,VND-011,Furniture,07/10/2025,12/10/2025,11/10/2025,Delivered,1,9500,North,9500,October,4,-1,0,0,0,1,1,,,
ORD-3808,VND-004,Electronics,07/10/2025,11/10/2025,10/10/2025,Delivered,4,29000,Central,116000,October,3,-1,0,0,0,1,4,,,
ORD-3809,VND-008,Apparel,07/10/2025,15/10/2025,15/10/2025,Delivered,24,45,Central,1080,October,8,0,0,0,1,0,24,,,
ORD-3810,VND-015,Electronics,07/10/2025,11/10/2025,10/10/2025,Delivered,9,45000,Central,405000,October,3,-1,0,0,0,1,9,,,
ORD-3811,VND-007,Furniture,07/10/2025,12/10/2025,,Cancelled,3,6500,North,19500,October,,,1,0,0,0,0,,,
ORD-3812,VND-005,Electronics,07/10/2025,16/10/2025,16/10/2025,Delivered,5,13500,East,67500,October,9,0,0,0,1,0,5,,,
ORD-3813,VND-010,Apparel,07/10/2025,11/10/2025,11/10/2025,Delivered,37,180,East,6660,October,4,0,0,0,1,0,37,,,
ORD-3814,VND-010,Furniture,07/10/2025,11/10/2025,,In Transit,3,3800,West,11400,October,,,1,0,0,0,0,,,
ORD-3815,VND-012,Office Supplies,07/10/2025,12/10/2025,12/10/2025,Delivered,49,30,East,1470,October,5,0,0,0,1,0,49,,,
ORD-3816,VND-008,Furniture,07/10/2025,13/10/2025,15/10/2025,Delivered,1,6500,East,6500,October,8,2,0,1,0,0,1,,,
ORD-3817,VND-014,Office Supplies,07/10/2025,16/10/2025,16/10/2025,Delivered,91,40,Central,3640,October,9,0,0,0,1,0,91,,,
ORD-3818,VND-009,Electronics,07/10/2025,11/10/2025,13/10/2025,Delivered,6,45000,International,270000,October,6,2,0,1,0,0,6,,,
ORD-3819,VND-005,Electronics,07/10/2025,13/10/2025,,Cancelled,3,29000,South,87000,October,,,1,0,0,0,0,,,
ORD-3820,VND-010,Apparel,08/10/2025,14/10/2025,16/10/2025,Delivered,12,180,East,2160,October,8,2,0,1,0,0,12,,,
ORD-3821,VND-005,Office Supplies,08/10/2025,13/10/2025,13/10/2025,Delivered,21,15,East,315,October,5,0,0,0,1,0,21,,,
ORD-3822,VND-002,Electronics,08/10/2025,15/10/2025,18/10/2025,Delivered,7,1100,North,7700,October,10,3,0,1,0,0,7,,,
ORD-3823,VND-005,Office Supplies,08/10/2025,13/10/2025,,Cancelled,105,45,West,4725,October,,,1,0,0,0,0,,,
ORD-3824,VND-003,Electronics,08/10/2025,14/10/2025,13/10/2025,Delivered,1,1200,International,1200,October,5,-1,0,0,0,1,1,,,
ORD-3825,VND-007,Furniture,08/10/2025,12/10/2025,11/10/2025,Delivered,1,8000,North,8000,October,3,-1,0,0,0,1,1,,,
ORD-3826,VND-010,Electronics,08/10/2025,16/10/2025,,Cancelled,7,3100,Central,21700,October,,,1,0,0,0,0,,,
ORD-3827,VND-005,Apparel,08/10/2025,14/10/2025,13/10/2025,Delivered,10,130,South,1300,October,5,-1,0,0,0,1,10,,,
ORD-3828,VND-008,Furniture,08/10/2025,15/10/2025,13/10/2025,Delivered,1,16500,West,16500,October,5,-2,0,0,0,1,1,,,
ORD-3829,VND-001,Apparel,08/10/2025,12/10/2025,11/10/2025,Delivered,43,75,North,3225,October,3,-1,0,0,0,1,43,,,
ORD-3830,VND-003,Furniture,09/10/2025,17/10/2025,15/10/2025,Delivered,1,16500,East,16500,October,6,-2,0,0,0,1,1,,,
ORD-3831,VND-003,Office Supplies,09/10/2025,14/10/2025,13/10/2025,Delivered,10,500,East,5000,October,4,-1,0,0,0,1,10,,,
ORD-3832,VND-009,Apparel,09/10/2025,13/10/2025,12/10/2025,Delivered,50,130,West,6500,October,3,-1,0,0,0,1,50,,,
ORD-3833,VND-005,Electronics,09/10/2025,14/10/2025,17/10/2025,Delivered,3,1100,East,3300,October,8,3,0,1,0,0,3,,,
ORD-3834,VND-012,Office Supplies,09/10/2025,16/10/2025,15/10/2025,Delivered,104,18,North,1872,October,6,-1,0,0,0,1,104,,,
ORD-3835,VND-009,Electronics,09/10/2025,18/10/2025,21/10/2025,Delivered,4,1200,North,4800,October,12,3,0,1,0,0,4,,,
ORD-3836,VND-013,Furniture,09/10/2025,14/10/2025,16/10/2025,Delivered,1,18000,East,18000,October,7,2,0,1,0,0,1,,,
ORD-3837,VND-009,Furniture,09/10/2025,13/10/2025,16/10/2025,Delivered,1,6500,East,6500,October,7,3,0,1,0,0,1,,,
ORD-3838,VND-001,Electronics,09/10/2025,18/10/2025,,Cancelled,7,2400,Central,16800,October,,,1,0,0,0,0,,,
ORD-3839,VND-002,Electronics,09/10/2025,17/10/2025,17/10/2025,Delivered,5,2400,South,12000,October,8,0,0,0,1,0,5,,,
ORD-3840,VND-005,Office Supplies,09/10/2025,17/10/2025,,Cancelled,48,95,West,4560,October,,,1,0,0,0,0,,,
ORD-3841,VND-004,Electronics,09/10/2025,15/10/2025,15/10/2025,Delivered,7,2400,North,16800,October,6,0,0,0,1,0,7,,,
ORD-3842,VND-015,Apparel,09/10/2025,17/10/2025,18/10/2025,Delivered,36,180,West,6480,October,9,1,0,1,0,0,36,,,
ORD-3843,VND-010,Apparel,09/10/2025,17/10/2025,20/10/2025,Delivered,38,140,Central,5320,October,11,3,0,1,0,0,38,,,
ORD-3844,VND-009,Electronics,09/10/2025,13/10/2025,,In Transit,1,7200,North,7200,October,,,1,0,0,0,0,,,
ORD-3845,VND-007,Apparel,09/10/2025,17/10/2025,,In Transit,33,320,Central,10560,October,,,1,0,0,0,0,,,
ORD-3846,VND-006,Electronics,10/10/2025,17/10/2025,19/10/2025,Delivered,6,45000,Central,270000,October,9,2,0,1,0,0,6,,,
ORD-3847,VND-007,Office Supplies,10/10/2025,17/10/2025,,Cancelled,60,50,International,3000,October,,,1,0,0,0,0,,,
ORD-3848,VND-001,Apparel,10/10/2025,14/10/2025,13/10/2025,Delivered,45,75,East,3375,October,3,-1,0,0,0,1,45,,,
ORD-3849,VND-001,Apparel,10/10/2025,17/10/2025,18/10/2025,Delivered,17,195,International,3315,October,8,1,0,1,0,0,17,,,
ORD-3850,VND-008,Electronics,10/10/2025,19/10/2025,,Cancelled,2,3000,West,6000,October,,,1,0,0,0,0,,,
ORD-3851,VND-013,Apparel,10/10/2025,17/10/2025,,In Transit,47,60,West,2820,October,,,1,0,0,0,0,,,
ORD-3852,VND-013,Furniture,10/10/2025,14/10/2025,,Cancelled,1,12000,East,12000,October,,,1,0,0,0,0,,,
ORD-3853,VND-002,Office Supplies,10/10/2025,16/10/2025,17/10/2025,Delivered,59,25,International,1475,October,7,1,0,1,0,0,59,,,
ORD-3854,VND-012,Office Supplies,10/10/2025,14/10/2025,17/10/2025,Delivered,43,30,West,1290,October,7,3,0,1,0,0,43,,,
ORD-3855,VND-010,Apparel,10/10/2025,19/10/2025,18/10/2025,Delivered,54,180,International,9720,October,8,-1,0,0,0,1,54,,,
ORD-3856,VND-011,Apparel,10/10/2025,17/10/2025,17/10/2025,Delivered,44,75,East,3300,October,7,0,0,0,1,0,44,,,
ORD-3857,VND-009,Furniture,11/10/2025,15/10/2025,,In Transit,3,8000,North,24000,October,,,1,0,0,0,0,,,
ORD-3858,VND-007,Furniture,11/10/2025,16/10/2025,16/10/2025,Delivered,3,21000,Central,63000,October,5,0,0,0,1,0,3,,,
ORD-3859,VND-006,Apparel,11/10/2025,16/10/2025,16/10/2025,Delivered,19,140,Central,2660,October,5,0,0,0,1,0,19,,,
ORD-3860,VND-001,Apparel,11/10/2025,19/10/2025,21/10/2025,Delivered,51,75,International,3825,October,10,2,0,1,0,0,51,,,
ORD-3861,VND-001,Furniture,11/10/2025,19/10/2025,18/10/2025,Delivered,3,21000,West,63000,October,7,-1,0,0,0,1,3,,,
ORD-3862,VND-002,Electronics,11/10/2025,19/10/2025,17/10/2025,Delivered,8,8500,International,68000,October,6,-2,0,0,0,1,8,,,
ORD-3863,VND-006,Furniture,11/10/2025,15/10/2025,17/10/2025,Delivered,1,21000,International,21000,October,6,2,0,1,0,0,1,,,
ORD-3864,VND-014,Electronics,11/10/2025,17/10/2025,,In Transit,2,1800,South,3600,October,,,1,0,0,0,0,,,
ORD-3865,VND-006,Office Supplies,11/10/2025,17/10/2025,16/10/2025,Delivered,83,350,Central,29050,October,5,-1,0,0,0,1,83,,,
ORD-3866,VND-002,Office Supplies,11/10/2025,17/10/2025,,In Transit,92,80,East,7360,October,,,1,0,0,0,0,,,
ORD-3867,VND-001,Furniture,11/10/2025,18/10/2025,18/10/2025,Delivered,3,4500,International,13500,October,7,0,0,0,1,0,3,,,
ORD-3868,VND-010,Electronics,11/10/2025,15/10/2025,18/10/2025,Delivered,4,1100,South,4400,October,7,3,0,1,0,0,4,,,
ORD-3869,VND-005,Furniture,11/10/2025,17/10/2025,16/10/2025,Delivered,3,8000,South,24000,October,5,-1,0,0,0,1,3,,,
ORD-3870,VND-005,Furniture,11/10/2025,17/10/2025,,In Transit,1,12000,Central,12000,October,,,1,0,0,0,0,,,
ORD-3871,VND-002,Electronics,11/10/2025,16/10/2025,17/10/2025,Delivered,7,5000,Central,35000,October,6,1,0,1,0,0,7,,,
ORD-3872,VND-006,Furniture,11/10/2025,19/10/2025,20/10/2025,Delivered,3,3800,Central,11400,October,9,1,0,1,0,0,3,,,
ORD-3873,VND-009,Office Supplies,11/10/2025,15/10/2025,18/10/2025,Delivered,19,95,East,1805,October,7,3,0,1,0,0,19,,,
ORD-3874,VND-002,Apparel,12/10/2025,19/10/2025,20/10/2025,Delivered,15,60,South,900,October,8,1,0,1,0,0,15,,,
ORD-3875,VND-010,Apparel,12/10/2025,16/10/2025,,In Transit,51,110,West,5610,October,,,1,0,0,0,0,,,
ORD-3876,VND-002,Furniture,12/10/2025,16/10/2025,,In Transit,2,8000,East,16000,October,,,1,0,0,0,0,,,
ORD-3877,VND-003,Electronics,12/10/2025,20/10/2025,22/10/2025,Delivered,5,2400,North,12000,October,10,2,0,1,0,0,5,,,
ORD-3878,VND-013,Electronics,12/10/2025,18/10/2025,17/10/2025,Delivered,7,13500,International,94500,October,5,-1,0,0,0,1,7,,,
ORD-3879,VND-007,Office Supplies,12/10/2025,16/10/2025,,In Transit,93,15,Central,1395,October,,,1,0,0,0,0,,,
ORD-3880,VND-006,Electronics,12/10/2025,19/10/2025,20/10/2025,Delivered,4,29000,South,116000,October,8,1,0,1,0,0,4,,,
ORD-3881,VND-012,Electronics,12/10/2025,20/10/2025,19/10/2025,Delivered,7,8500,International,59500,October,7,-1,0,0,0,1,7,,,
ORD-3882,VND-008,Office Supplies,12/10/2025,16/10/2025,18/10/2025,Delivered,83,18,East,1494,October,6,2,0,1,0,0,83,,,
ORD-3883,VND-015,Furniture,12/10/2025,17/10/2025,15/10/2025,Delivered,1,15000,North,15000,October,3,-2,0,0,0,1,1,,,
ORD-3884,VND-008,Apparel,13/10/2025,20/10/2025,21/10/2025,Delivered,36,180,East,6480,October,8,1,0,1,0,0,36,,,
ORD-3885,VND-006,Office Supplies,13/10/2025,21/10/2025,,In Transit,94,30,East,2820,October,,,1,0,0,0,0,,,
ORD-3886,VND-012,Furniture,13/10/2025,18/10/2025,19/10/2025,Delivered,2,16500,West,33000,October,6,1,0,1,0,0,2,,,
ORD-3887,VND-011,Office Supplies,13/10/2025,18/10/2025,20/10/2025,Delivered,62,95,International,5890,October,7,2,0,1,0,0,62,,,
ORD-3888,VND-010,Furniture,13/10/2025,19/10/2025,,In Transit,1,9500,West,9500,October,,,1,0,0,0,0,,,
ORD-3889,VND-003,Office Supplies,13/10/2025,18/10/2025,21/10/2025,Delivered,22,500,East,11000,October,8,3,0,1,0,0,22,,,
ORD-3890,VND-003,Furniture,13/10/2025,18/10/2025,20/10/2025,Delivered,2,16500,North,33000,October,7,2,0,1,0,0,2,,,
ORD-3891,VND-015,Office Supplies,13/10/2025,22/10/2025,22/10/2025,Delivered,85,18,South,1530,October,9,0,0,0,1,0,85,,,
ORD-3892,VND-001,Furniture,13/10/2025,20/10/2025,18/10/2025,Delivered,2,16500,South,33000,October,5,-2,0,0,0,1,2,,,
ORD-3893,VND-007,Office Supplies,13/10/2025,21/10/2025,,Cancelled,47,80,International,3760,October,,,1,0,0,0,0,,,
ORD-3894,VND-005,Apparel,13/10/2025,17/10/2025,17/10/2025,Delivered,13,180,Central,2340,October,4,0,0,0,1,0,13,,,
ORD-3895,VND-004,Apparel,14/10/2025,23/10/2025,23/10/2025,Delivered,47,220,Central,10340,October,9,0,0,0,1,0,47,,,
ORD-3896,VND-010,Electronics,14/10/2025,19/10/2025,17/10/2025,Delivered,2,2400,South,4800,October,3,-2,0,0,0,1,2,,,
ORD-3897,VND-015,Furniture,14/10/2025,18/10/2025,18/10/2025,Delivered,2,14000,East,28000,October,4,0,0,0,1,0,2,,,
ORD-3898,VND-004,Office Supplies,14/10/2025,23/10/2025,,Cancelled,10,15,East,150,October,,,1,0,0,0,0,,,
ORD-3899,VND-014,Furniture,14/10/2025,18/10/2025,19/10/2025,Delivered,3,3800,West,11400,October,5,1,0,1,0,0,3,,,
ORD-3900,VND-004,Apparel,14/10/2025,20/10/2025,19/10/2025,Delivered,35,130,International,4550,October,5,-1,0,0,0,1,35,,,
ORD-3901,VND-006,Furniture,14/10/2025,19/10/2025,18/10/2025,Delivered,1,6500,West,6500,October,4,-1,0,0,0,1,1,,,
ORD-3902,VND-015,Office Supplies,14/10/2025,18/10/2025,18/10/2025,Delivered,100,18,Central,1800,October,4,0,0,0,1,0,100,,,
ORD-3903,VND-008,Furniture,14/10/2025,19/10/2025,19/10/2025,Delivered,3,8000,South,24000,October,5,0,0,0,1,0,3,,,
ORD-3904,VND-008,Office Supplies,14/10/2025,18/10/2025,19/10/2025,Delivered,69,18,East,1242,October,5,1,0,1,0,0,69,,,
ORD-3905,VND-005,Apparel,14/10/2025,21/10/2025,22/10/2025,Delivered,32,90,South,2880,October,8,1,0,1,0,0,32,,,
ORD-3906,VND-015,Apparel,14/10/2025,18/10/2025,17/10/2025,Delivered,49,75,North,3675,October,3,-1,0,0,0,1,49,,,
ORD-3907,VND-006,Apparel,14/10/2025,18/10/2025,,Cancelled,52,140,South,7280,October,,,1,0,0,0,0,,,
ORD-3908,VND-004,Electronics,14/10/2025,20/10/2025,21/10/2025,Delivered,3,13500,North,40500,October,7,1,0,1,0,0,3,,,
ORD-3909,VND-012,Apparel,15/10/2025,21/10/2025,19/10/2025,Delivered,24,60,West,1440,October,4,-2,0,0,0,1,24,,,
ORD-3910,VND-014,Furniture,15/10/2025,23/10/2025,,Cancelled,2,15000,West,30000,October,,,1,0,0,0,0,,,
ORD-3911,VND-011,Electronics,15/10/2025,23/10/2025,21/10/2025,Delivered,1,1100,Central,1100,October,6,-2,0,0,0,1,1,,,
ORD-3912,VND-013,Apparel,15/10/2025,20/10/2025,,In Transit,52,220,South,11440,October,,,1,0,0,0,0,,,
ORD-3913,VND-009,Furniture,15/10/2025,24/10/2025,,In Transit,1,6500,South,6500,October,,,1,0,0,0,0,,,
ORD-3914,VND-008,Furniture,15/10/2025,21/10/2025,19/10/2025,Delivered,2,6500,North,13000,October,4,-2,0,0,0,1,2,,,
ORD-3915,VND-010,Furniture,15/10/2025,19/10/2025,21/10/2025,Delivered,2,8000,West,16000,October,6,2,0,1,0,0,2,,,
ORD-3916,VND-012,Office Supplies,16/10/2025,23/10/2025,24/10/2025,Delivered,41,150,North,6150,October,8,1,0,1,0,0,41,,,
ORD-3917,VND-010,Electronics,16/10/2025,25/10/2025,24/10/2025,Delivered,1,29000,West,29000,October,8,-1,0,0,0,1,1,,,
ORD-3918,VND-001,Furniture,16/10/2025,21/10/2025,24/10/2025,Delivered,2,6500,North,13000,October,8,3,0,1,0,0,2,,,
ORD-3919,VND-015,Office Supplies,16/10/2025,21/10/2025,23/10/2025,Delivered,20,40,West,800,October,7,2,0,1,0,0,20,,,
ORD-3920,VND-002,Apparel,16/10/2025,20/10/2025,19/10/2025,Delivered,26,250,North,6500,October,3,-1,0,0,0,1,26,,,
ORD-3921,VND-009,Furniture,16/10/2025,24/10/2025,24/10/2025,Delivered,3,8000,West,24000,October,8,0,0,0,1,0,3,,,
ORD-3922,VND-008,Office Supplies,16/10/2025,20/10/2025,23/10/2025,Delivered,72,500,International,36000,October,7,3,0,1,0,0,72,,,
ORD-3923,VND-014,Furniture,16/10/2025,22/10/2025,,Cancelled,3,6500,North,19500,October,,,1,0,0,0,0,,,
ORD-3924,VND-003,Electronics,16/10/2025,23/10/2025,24/10/2025,Delivered,7,1800,South,12600,October,8,1,0,1,0,0,7,,,
ORD-3925,VND-008,Electronics,16/10/2025,20/10/2025,19/10/2025,Delivered,5,2400,Central,12000,October,3,-1,0,0,0,1,5,,,
ORD-3926,VND-012,Apparel,16/10/2025,20/10/2025,19/10/2025,Delivered,40,140,International,5600,October,3,-1,0,0,0,1,40,,,
ORD-3927,VND-001,Furniture,16/10/2025,25/10/2025,,Cancelled,1,12000,International,12000,October,,,1,0,0,0,0,,,
ORD-3928,VND-010,Office Supplies,16/10/2025,23/10/2025,,Cancelled,102,45,North,4590,October,,,1,0,0,0,0,,,
ORD-3929,VND-004,Apparel,17/10/2025,21/10/2025,19/10/2025,Delivered,39,90,Central,3510,October,2,-2,0,0,0,1,39,,,
ORD-3930,VND-003,Furniture,17/10/2025,26/10/2025,,In Transit,3,9500,South,28500,October,,,1,0,0,0,0,,,
ORD-3931,VND-006,Apparel,17/10/2025,22/10/2025,23/10/2025,Delivered,50,140,International,7000,October,6,1,0,1,0,0,50,,,
ORD-3932,VND-007,Office Supplies,17/10/2025,24/10/2025,,Cancelled,40,350,South,14000,October,,,1,0,0,0,0,,,
ORD-3933,VND-004,Apparel,17/10/2025,22/10/2025,25/10/2025,Delivered,40,320,West,12800,October,8,3,0,1,0,0,40,,,
ORD-3934,VND-007,Apparel,17/10/2025,22/10/2025,25/10/2025,Delivered,11,250,Central,2750,October,8,3,0,1,0,0,11,,,
ORD-3935,VND-009,Apparel,17/10/2025,22/10/2025,23/10/2025,Delivered,6,45,East,270,October,6,1,0,1,0,0,6,,,
ORD-3936,VND-011,Furniture,18/10/2025,25/10/2025,23/10/2025,Delivered,1,16500,West,16500,October,5,-2,0,0,0,1,1,,,
ORD-3937,VND-002,Office Supplies,18/10/2025,27/10/2025,,In Transit,37,30,Central,1110,October,,,1,0,0,0,0,,,
ORD-3938,VND-011,Electronics,18/10/2025,25/10/2025,28/10/2025,Delivered,5,1100,North,5500,October,10,3,0,1,0,0,5,,,
ORD-3939,VND-003,Furniture,18/10/2025,27/10/2025,,Cancelled,2,6500,North,13000,October,,,1,0,0,0,0,,,
ORD-3940,VND-005,Electronics,18/10/2025,24/10/2025,24/10/2025,Delivered,7,45000,South,315000,October,6,0,0,0,1,0,7,,,
ORD-3941,VND-003,Electronics,18/10/2025,23/10/2025,26/10/2025,Delivered,9,8500,International,76500,October,8,3,0,1,0,0,9,,,
ORD-3942,VND-011,Furniture,18/10/2025,23/10/2025,22/10/2025,Delivered,3,9500,East,28500,October,4,-1,0,0,0,1,3,,,
ORD-3943,VND-008,Furniture,18/10/2025,22/10/2025,22/10/2025,Delivered,3,3800,North,11400,October,4,0,0,0,1,0,3,,,
ORD-3944,VND-012,Office Supplies,18/10/2025,24/10/2025,,In Transit,58,80,Central,4640,October,,,1,0,0,0,0,,,
ORD-3945,VND-010,Office Supplies,19/10/2025,26/10/2025,26/10/2025,Delivered,41,95,International,3895,October,7,0,0,0,1,0,41,,,
ORD-3946,VND-008,Apparel,19/10/2025,26/10/2025,29/10/2025,Delivered,25,180,International,4500,October,10,3,0,1,0,0,25,,,
ORD-3947,VND-008,Electronics,19/10/2025,23/10/2025,22/10/2025,Delivered,5,1100,Central,5500,October,3,-1,0,0,0,1,5,,,
ORD-3948,VND-012,Office Supplies,19/10/2025,24/10/2025,27/10/2025,Delivered,26,150,International,3900,October,8,3,0,1,0,0,26,,,
ORD-3949,VND-012,Apparel,19/10/2025,26/10/2025,,Cancelled,41,140,North,5740,October,,,1,0,0,0,0,,,
ORD-3950,VND-009,Office Supplies,19/10/2025,27/10/2025,30/10/2025,Delivered,92,500,Central,46000,October,11,3,0,1,0,0,92,,,
ORD-3951,VND-004,Furniture,19/10/2025,26/10/2025,,In Transit,2,8000,Central,16000,October,,,1,0,0,0,0,,,
ORD-3952,VND-005,Office Supplies,19/10/2025,28/10/2025,26/10/2025,Delivered,78,350,South,27300,October,7,-2,0,0,0,1,78,,,
ORD-3953,VND-005,Electronics,19/10/2025,28/10/2025,31/10/2025,Delivered,8,7200,East,57600,October,12,3,0,1,0,0,8,,,
ORD-3954,VND-008,Office Supplies,19/10/2025,25/10/2025,,Cancelled,110,350,South,38500,October,,,1,0,0,0,0,,,
ORD-3955,VND-007,Electronics,19/10/2025,26/10/2025,24/10/2025,Delivered,3,29000,East,87000,October,5,-2,0,0,0,1,3,,,
ORD-3956,VND-009,Furniture,19/10/2025,24/10/2025,26/10/2025,Delivered,2,3800,Central,7600,October,7,2,0,1,0,0,2,,,
ORD-3957,VND-015,Electronics,20/10/2025,28/10/2025,29/10/2025,Delivered,6,8500,International,51000,October,9,1,0,1,0,0,6,,,
ORD-3958,VND-015,Office Supplies,20/10/2025,29/10/2025,29/10/2025,Delivered,58,25,East,1450,October,9,0,0,0,1,0,58,,,
ORD-3959,VND-014,Apparel,20/10/2025,29/10/2025,,In Transit,45,195,Central,8775,October,,,1,0,0,0,0,,,
ORD-3960,VND-008,Furniture,20/10/2025,27/10/2025,29/10/2025,Delivered,3,7000,Central,21000,October,9,2,0,1,0,0,3,,,
ORD-3961,VND-002,Office Supplies,20/10/2025,28/10/2025,,Cancelled,34,15,South,510,October,,,1,0,0,0,0,,,
ORD-3962,VND-010,Furniture,20/10/2025,29/10/2025,01/11/2025,Delivered,2,7000,South,14000,October,12,3,0,1,0,0,2,,,
ORD-3963,VND-012,Furniture,20/10/2025,29/10/2025,28/10/2025,Delivered,1,7000,International,7000,October,8,-1,0,0,0,1,1,,,
ORD-3964,VND-004,Office Supplies,20/10/2025,26/10/2025,26/10/2025,Delivered,67,500,West,33500,October,6,0,0,0,1,0,67,,,
ORD-3965,VND-006,Office Supplies,20/10/2025,28/10/2025,30/10/2025,Delivered,87,30,North,2610,October,10,2,0,1,0,0,87,,,
ORD-3966,VND-012,Apparel,20/10/2025,27/10/2025,,Cancelled,9,195,West,1755,October,,,1,0,0,0,0,,,
ORD-3967,VND-002,Furniture,20/10/2025,27/10/2025,26/10/2025,Delivered,2,4500,West,9000,October,6,-1,0,0,0,1,2,,,
ORD-3968,VND-007,Furniture,20/10/2025,28/10/2025,29/10/2025,Delivered,3,7000,International,21000,October,9,1,0,1,0,0,3,,,
ORD-3969,VND-003,Office Supplies,20/10/2025,25/10/2025,,In Transit,27,12,East,324,October,,,1,0,0,0,0,,,
ORD-3970,VND-013,Electronics,20/10/2025,26/10/2025,,In Transit,4,45000,International,180000,October,,,1,0,0,0,0,,,
ORD-3971,VND-003,Office Supplies,21/10/2025,29/10/2025,27/10/2025,Delivered,92,50,International,4600,October,6,-2,0,0,0,1,92,,,
ORD-3972,VND-011,Furniture,21/10/2025,29/10/2025,,In Transit,3,6500,Central,19500,October,,,1,0,0,0,0,,,
ORD-3973,VND-002,Office Supplies,21/10/2025,28/10/2025,30/10/2025,Delivered,37,25,Central,925,October,9,2,0,1,0,0,37,,,
ORD-3974,VND-011,Apparel,21/10/2025,25/10/2025,27/10/2025,Delivered,46,130,Central,5980,October,6,2,0,1,0,0,46,,,
ORD-3975,VND-008,Electronics,21/10/2025,28/10/2025,28/10/2025,Delivered,3,1100,North,3300,October,7,0,0,0,1,0,3,,,
ORD-3976,VND-006,Office Supplies,21/10/2025,28/10/2025,27/10/2025,Delivered,49,45,East,2205,October,6,-1,0,0,0,1,49,,,
ORD-3977,VND-001,Apparel,21/10/2025,28/10/2025,27/10/2025,Delivered,48,45,East,2160,October,6,-1,0,0,0,1,48,,,
ORD-3978,VND-012,Furniture,21/10/2025,29/10/2025,28/10/2025,Delivered,2,6500,Central,13000,October,7,-1,0,0,0,1,2,,,
ORD-3979,VND-001,Office Supplies,21/10/2025,30/10/2025,01/11/2025,Delivered,61,22,West,1342,October,11,2,0,1,0,0,61,,,
ORD-3980,VND-007,Furniture,21/10/2025,26/10/2025,,In Transit,3,15000,North,45000,October,,,1,0,0,0,0,,,
ORD-3981,VND-008,Apparel,21/10/2025,28/10/2025,,Cancelled,42,320,West,13440,October,,,1,0,0,0,0,,,
ORD-3982,VND-005,Furniture,21/10/2025,25/10/2025,,In Transit,2,12000,South,24000,October,,,1,0,0,0,0,,,
ORD-3983,VND-012,Apparel,21/10/2025,29/10/2025,28/10/2025,Delivered,51,75,East,3825,October,7,-1,0,0,0,1,51,,,
ORD-3984,VND-011,Apparel,21/10/2025,25/10/2025,24/10/2025,Delivered,45,130,East,5850,October,3,-1,0,0,0,1,45,,,
ORD-3985,VND-005,Apparel,21/10/2025,26/10/2025,25/10/2025,Delivered,28,45,West,1260,October,4,-1,0,0,0,1,28,,,
ORD-3986,VND-004,Office Supplies,21/10/2025,28/10/2025,27/10/2025,Delivered,29,18,North,522,October,6,-1,0,0,0,1,29,,,
ORD-3987,VND-014,Furniture,21/10/2025,25/10/2025,28/10/2025,Delivered,1,9500,East,9500,October,7,3,0,1,0,0,1,,,
ORD-3988,VND-006,Furniture,21/10/2025,26/10/2025,29/10/2025,Delivered,1,15000,West,15000,October,8,3,0,1,0,0,1,,,
ORD-3989,VND-014,Electronics,22/10/2025,28/10/2025,30/10/2025,Delivered,6,3000,International,18000,October,8,2,0,1,0,0,6,,,
ORD-3990,VND-006,Electronics,22/10/2025,29/10/2025,29/10/2025,Delivered,1,1100,International,1100,October,7,0,0,0,1,0,1,,,
ORD-3991,VND-003,Electronics,22/10/2025,28/10/2025,26/10/2025,Delivered,1,5000,North,5000,October,4,-2,0,0,0,1,1,,,
ORD-3992,VND-009,Electronics,22/10/2025,26/10/2025,29/10/2025,Delivered,6,3000,West,18000,October,7,3,0,1,0,0,6,,,
ORD-3993,VND-012,Furniture,22/10/2025,31/10/2025,01/11/2025,Delivered,3,18000,International,54000,October,10,1,0,1,0,0,3,,,
ORD-3994,VND-011,Apparel,22/10/2025,29/10/2025,31/10/2025,Delivered,28,250,North,7000,October,9,2,0,1,0,0,28,,,
ORD-3995,VND-014,Apparel,22/10/2025,27/10/2025,28/10/2025,Delivered,12,110,Central,1320,October,6,1,0,1,0,0,12,,,
ORD-3996,VND-007,Office Supplies,22/10/2025,29/10/2025,01/11/2025,Delivered,70,22,North,1540,October,10,3,0,1,0,0,70,,,
ORD-3997,VND-001,Apparel,23/10/2025,28/10/2025,30/10/2025,Delivered,51,60,South,3060,October,7,2,0,1,0,0,51,,,
ORD-3998,VND-015,Furniture,23/10/2025,27/10/2025,29/10/2025,Delivered,3,8000,Central,24000,October,6,2,0,1,0,0,3,,,
ORD-3999,VND-013,Furniture,23/10/2025,28/10/2025,,In Transit,3,15000,West,45000,October,,,1,0,0,0,0,,,
ORD-4000,VND-007,Furniture,23/10/2025,27/10/2025,,In Transit,1,18000,Central,18000,October,,,1,0,0,0,0,,,
ORD-4001,VND-005,Office Supplies,23/10/2025,27/10/2025,25/10/2025,Delivered,102,95,Central,9690,October,2,-2,0,0,0,1,102,,,
ORD-4002,VND-005,Electronics,23/10/2025,31/10/2025,03/11/2025,Delivered,10,29000,West,290000,October,11,3,0,1,0,0,10,,,
ORD-4003,VND-014,Apparel,23/10/2025,28/10/2025,30/10/2025,Delivered,12,45,West,540,October,7,2,0,1,0,0,12,,,
ORD-4004,VND-013,Furniture,23/10/2025,31/10/2025,31/10/2025,Delivered,3,4500,International,13500,October,8,0,0,0,1,0,3,,,
ORD-4005,VND-002,Furniture,23/10/2025,30/10/2025,01/11/2025,Delivered,2,21000,South,42000,October,9,2,0,1,0,0,2,,,
ORD-4006,VND-004,Electronics,23/10/2025,29/10/2025,01/11/2025,Delivered,8,1100,West,8800,October,9,3,0,1,0,0,8,,,
ORD-4007,VND-012,Furniture,23/10/2025,01/11/2025,31/10/2025,Delivered,1,16500,East,16500,October,8,-1,0,0,0,1,1,,,
ORD-4008,VND-006,Apparel,23/10/2025,29/10/2025,,In Transit,24,180,East,4320,October,,,1,0,0,0,0,,,
ORD-4009,VND-010,Office Supplies,23/10/2025,31/10/2025,,In Transit,25,50,South,1250,October,,,1,0,0,0,0,,,
ORD-4010,VND-015,Furniture,23/10/2025,28/10/2025,28/10/2025,Delivered,2,4500,North,9000,October,5,0,0,0,1,0,2,,,
ORD-4011,VND-011,Apparel,24/10/2025,01/11/2025,31/10/2025,Delivered,6,320,North,1920,October,7,-1,0,0,0,1,6,,,
ORD-4012,VND-007,Furniture,24/10/2025,29/10/2025,30/10/2025,Delivered,2,14000,East,28000,October,6,1,0,1,0,0,2,,,
ORD-4013,VND-011,Electronics,24/10/2025,02/11/2025,04/11/2025,Delivered,3,13500,West,40500,October,11,2,0,1,0,0,3,,,
ORD-4014,VND-005,Furniture,24/10/2025,31/10/2025,,Cancelled,3,16500,South,49500,October,,,1,0,0,0,0,,,
ORD-4015,VND-009,Furniture,24/10/2025,29/10/2025,28/10/2025,Delivered,3,14000,North,42000,October,4,-1,0,0,0,1,3,,,
ORD-4016,VND-003,Office Supplies,24/10/2025,30/10/2025,31/10/2025,Delivered,49,22,North,1078,October,7,1,0,1,0,0,49,,,
ORD-4017,VND-001,Electronics,24/10/2025,28/10/2025,,In Transit,7,29000,Central,203000,October,,,1,0,0,0,0,,,
ORD-4018,VND-004,Electronics,24/10/2025,01/11/2025,,In Transit,8,3100,East,24800,October,,,1,0,0,0,0,,,
ORD-4019,VND-009,Office Supplies,24/10/2025,02/11/2025,,In Transit,93,18,West,1674,October,,,1,0,0,0,0,,,
ORD-4020,VND-004,Furniture,24/10/2025,31/10/2025,30/10/2025,Delivered,1,16500,South,16500,October,6,-1,0,0,0,1,1,,,
ORD-4021,VND-002,Apparel,24/10/2025,30/10/2025,01/11/2025,Delivered,6,320,North,1920,October,8,2,0,1,0,0,6,,,
ORD-4022,VND-010,Electronics,24/10/2025,02/11/2025,04/11/2025,Delivered,5,3000,Central,15000,October,11,2,0,1,0,0,5,,,
ORD-4023,VND-014,Electronics,24/10/2025,30/10/2025,29/10/2025,Delivered,7,2400,East,16800,October,5,-1,0,0,0,1,7,,,
ORD-4024,VND-014,Furniture,24/10/2025,02/11/2025,,Cancelled,2,18000,East,36000,October,,,1,0,0,0,0,,,
ORD-4025,VND-005,Furniture,24/10/2025,28/10/2025,28/10/2025,Delivered,2,15000,South,30000,October,4,0,0,0,1,0,2,,,
ORD-4026,VND-003,Electronics,24/10/2025,28/10/2025,,Cancelled,4,29000,North,116000,October,,,1,0,0,0,0,,,
ORD-4027,VND-013,Furniture,25/10/2025,01/11/2025,03/11/2025,Delivered,2,9500,South,19000,October,9,2,0,1,0,0,2,,,
ORD-4028,VND-012,Apparel,25/10/2025,03/11/2025,,In Transit,33,320,South,10560,October,,,1,0,0,0,0,,,
ORD-4029,VND-013,Electronics,25/10/2025,30/10/2025,28/10/2025,Delivered,9,13500,International,121500,October,3,-2,0,0,0,1,9,,,
ORD-4030,VND-009,Apparel,25/10/2025,30/10/2025,,Cancelled,16,45,Central,720,October,,,1,0,0,0,0,,,
ORD-4031,VND-004,Apparel,25/10/2025,01/11/2025,30/10/2025,Delivered,12,45,East,540,October,5,-2,0,0,0,1,12,,,
ORD-4032,VND-006,Furniture,25/10/2025,30/10/2025,29/10/2025,Delivered,3,7000,International,21000,October,4,-1,0,0,0,1,3,,,
ORD-4033,VND-002,Apparel,25/10/2025,01/11/2025,,In Transit,18,140,West,2520,October,,,1,0,0,0,0,,,
ORD-4034,VND-006,Furniture,25/10/2025,31/10/2025,03/11/2025,Delivered,1,15000,East,15000,October,9,3,0,1,0,0,1,,,
ORD-4035,VND-003,Office Supplies,25/10/2025,01/11/2025,30/10/2025,Delivered,80,80,East,6400,October,5,-2,0,0,0,1,80,,,
ORD-4036,VND-012,Furniture,25/10/2025,29/10/2025,,Cancelled,1,16500,Central,16500,October,,,1,0,0,0,0,,,
ORD-4037,VND-012,Apparel,25/10/2025,02/11/2025,01/11/2025,Delivered,21,195,West,4095,October,7,-1,0,0,0,1,21,,,
ORD-4038,VND-009,Office Supplies,25/10/2025,03/11/2025,01/11/2025,Delivered,75,150,North,11250,October,7,-2,0,0,0,1,75,,,
ORD-4039,VND-011,Furniture,25/10/2025,31/10/2025,31/10/2025,Delivered,1,6500,West,6500,October,6,0,0,0,1,0,1,,,
ORD-4040,VND-002,Apparel,25/10/2025,01/11/2025,,In Transit,33,195,North,6435,October,,,1,0,0,0,0,,,
ORD-4041,VND-015,Electronics,25/10/2025,29/10/2025,01/11/2025,Delivered,5,45000,West,225000,October,7,3,0,1,0,0,5,,,
ORD-4042,VND-012,Electronics,25/10/2025,03/11/2025,01/11/2025,Delivered,6,1100,South,6600,October,7,-2,0,0,0,1,6,,,
ORD-4043,VND-012,Furniture,26/10/2025,03/11/2025,05/11/2025,Delivered,1,12000,West,12000,October,10,2,0,1,0,0,1,,,
ORD-4044,VND-009,Furniture,26/10/2025,03/11/2025,01/11/2025,Delivered,2,14000,International,28000,October,6,-2,0,0,0,1,2,,,
ORD-4045,VND-005,Electronics,26/10/2025,02/11/2025,05/11/2025,Delivered,8,5000,International,40000,October,10,3,0,1,0,0,8,,,
ORD-4046,VND-008,Apparel,26/10/2025,02/11/2025,03/11/2025,Delivered,17,250,Central,4250,October,8,1,0,1,0,0,17,,,
ORD-4047,VND-002,Apparel,26/10/2025,02/11/2025,02/11/2025,Delivered,45,45,North,2025,October,7,0,0,0,1,0,45,,,
ORD-4048,VND-006,Apparel,26/10/2025,30/10/2025,29/10/2025,Delivered,54,75,East,4050,October,3,-1,0,0,0,1,54,,,
ORD-4049,VND-003,Furniture,26/10/2025,30/10/2025,31/10/2025,Delivered,1,21000,Central,21000,October,5,1,0,1,0,0,1,,,
ORD-4050,VND-012,Office Supplies,26/10/2025,01/11/2025,01/11/2025,Delivered,36,25,International,900,October,6,0,0,0,1,0,36,,,
ORD-4051,VND-012,Office Supplies,26/10/2025,30/10/2025,29/10/2025,Delivered,91,22,International,2002,October,3,-1,0,0,0,1,91,,,
ORD-4052,VND-014,Office Supplies,26/10/2025,02/11/2025,02/11/2025,Delivered,38,45,North,1710,October,7,0,0,0,1,0,38,,,
ORD-4053,VND-010,Office Supplies,26/10/2025,02/11/2025,03/11/2025,Delivered,31,95,International,2945,October,8,1,0,1,0,0,31,,,
ORD-4054,VND-005,Office Supplies,27/10/2025,05/11/2025,06/11/2025,Delivered,46,12,International,552,October,10,1,0,1,0,0,46,,,
ORD-4055,VND-012,Furniture,27/10/2025,04/11/2025,07/11/2025,Delivered,2,7000,North,14000,October,11,3,0,1,0,0,2,,,
ORD-4056,VND-008,Furniture,27/10/2025,03/11/2025,04/11/2025,Delivered,1,18000,International,18000,October,8,1,0,1,0,0,1,,,
ORD-4057,VND-010,Office Supplies,27/10/2025,01/11/2025,04/11/2025,Delivered,101,25,East,2525,October,8,3,0,1,0,0,101,,,
ORD-4058,VND-014,Furniture,27/10/2025,05/11/2025,04/11/2025,Delivered,3,6500,South,19500,October,8,-1,0,0,0,1,3,,,
ORD-4059,VND-001,Furniture,27/10/2025,04/11/2025,07/11/2025,Delivered,2,12000,Central,24000,October,11,3,0,1,0,0,2,,,
ORD-4060,VND-005,Office Supplies,27/10/2025,04/11/2025,05/11/2025,Delivered,67,350,East,23450,October,9,1,0,1,0,0,67,,,
ORD-4061,VND-003,Apparel,27/10/2025,02/11/2025,,Cancelled,24,110,East,2640,October,,,1,0,0,0,0,,,
ORD-4062,VND-004,Furniture,27/10/2025,02/11/2025,31/10/2025,Delivered,2,4500,South,9000,October,4,-2,0,0,0,1,2,,,
ORD-4063,VND-002,Apparel,27/10/2025,02/11/2025,02/11/2025,Delivered,26,195,Central,5070,October,6,0,0,0,1,0,26,,,
ORD-4064,VND-009,Furniture,27/10/2025,01/11/2025,30/10/2025,Delivered,2,7000,East,14000,October,3,-2,0,0,0,1,2,,,
ORD-4065,VND-003,Furniture,27/10/2025,31/10/2025,30/10/2025,Delivered,3,3800,International,11400,October,3,-1,0,0,0,1,3,,,
ORD-4066,VND-015,Office Supplies,27/10/2025,02/11/2025,02/11/2025,Delivered,111,18,South,1998,October,6,0,0,0,1,0,111,,,
ORD-4067,VND-002,Furniture,27/10/2025,31/10/2025,31/10/2025,Delivered,2,12000,Central,24000,October,4,0,0,0,1,0,2,,,
ORD-4068,VND-010,Electronics,27/10/2025,31/10/2025,,In Transit,2,1100,West,2200,October,,,1,0,0,0,0,,,
ORD-4069,VND-011,Electronics,27/10/2025,02/11/2025,03/11/2025,Delivered,6,45000,North,270000,October,7,1,0,1,0,0,6,,,
ORD-4070,VND-009,Office Supplies,27/10/2025,01/11/2025,04/11/2025,Delivered,58,22,International,1276,October,8,3,0,1,0,0,58,,,
ORD-4071,VND-007,Apparel,27/10/2025,04/11/2025,05/11/2025,Delivered,17,195,South,3315,October,9,1,0,1,0,0,17,,,
ORD-4072,VND-006,Apparel,27/10/2025,02/11/2025,04/11/2025,Delivered,39,60,North,2340,October,8,2,0,1,0,0,39,,,
ORD-4073,VND-001,Apparel,27/10/2025,05/11/2025,06/11/2025,Delivered,20,60,West,1200,October,10,1,0,1,0,0,20,,,
ORD-4074,VND-005,Electronics,28/10/2025,06/11/2025,05/11/2025,Delivered,2,3100,East,6200,October,8,-1,0,0,0,1,2,,,
ORD-4075,VND-012,Apparel,28/10/2025,05/11/2025,08/11/2025,Delivered,54,250,East,13500,October,11,3,0,1,0,0,54,,,
ORD-4076,VND-011,Apparel,28/10/2025,05/11/2025,04/11/2025,Delivered,36,140,Central,5040,October,7,-1,0,0,0,1,36,,,
ORD-4077,VND-014,Office Supplies,28/10/2025,06/11/2025,,In Transit,94,40,South,3760,October,,,1,0,0,0,0,,,
ORD-4078,VND-015,Apparel,28/10/2025,04/11/2025,06/11/2025,Delivered,50,60,South,3000,October,9,2,0,1,0,0,50,,,
ORD-4079,VND-011,Electronics,28/10/2025,06/11/2025,,In Transit,7,13500,Central,94500,October,,,1,0,0,0,0,,,
ORD-4080,VND-003,Electronics,28/10/2025,02/11/2025,05/11/2025,Delivered,8,7200,North,57600,October,8,3,0,1,0,0,8,,,
ORD-4081,VND-001,Electronics,28/10/2025,06/11/2025,07/11/2025,Delivered,2,3000,East,6000,October,10,1,0,1,0,0,2,,,
ORD-4082,VND-004,Office Supplies,28/10/2025,03/11/2025,,Cancelled,61,50,East,3050,October,,,1,0,0,0,0,,,
ORD-4083,VND-013,Office Supplies,28/10/2025,01/11/2025,01/11/2025,Delivered,93,80,South,7440,October,4,0,0,0,1,0,93,,,
ORD-4084,VND-002,Furniture,28/10/2025,03/11/2025,,In Transit,2,16500,South,33000,October,,,1,0,0,0,0,,,
ORD-4085,VND-002,Apparel,28/10/2025,01/11/2025,04/11/2025,Delivered,30,130,Central,3900,October,7,3,0,1,0,0,30,,,
ORD-4086,VND-003,Office Supplies,29/10/2025,04/11/2025,04/11/2025,Delivered,112,80,West,8960,October,6,0,0,0,1,0,112,,,
ORD-4087,VND-008,Electronics,29/10/2025,03/11/2025,02/11/2025,Delivered,7,1100,North,7700,October,4,-1,0,0,0,1,7,,,
ORD-4088,VND-008,Electronics,29/10/2025,05/11/2025,07/11/2025,Delivered,1,2400,International,2400,October,9,2,0,1,0,0,1,,,
ORD-4089,VND-012,Office Supplies,29/10/2025,07/11/2025,,Cancelled,102,150,West,15300,October,,,1,0,0,0,0,,,
ORD-4090,VND-015,Office Supplies,29/10/2025,05/11/2025,,In Transit,105,18,West,1890,October,,,1,0,0,0,0,,,
ORD-4091,VND-007,Office Supplies,29/10/2025,03/11/2025,02/11/2025,Delivered,67,40,South,2680,October,4,-1,0,0,0,1,67,,,
ORD-4092,VND-006,Furniture,29/10/2025,02/11/2025,31/10/2025,Delivered,2,12000,South,24000,October,2,-2,0,0,0,1,2,,,
ORD-4093,VND-009,Electronics,29/10/2025,03/11/2025,03/11/2025,Delivered,3,1200,South,3600,October,5,0,0,0,1,0,3,,,
ORD-4094,VND-004,Furniture,29/10/2025,05/11/2025,04/11/2025,Delivered,3,3800,West,11400,October,6,-1,0,0,0,1,3,,,
ORD-4095,VND-012,Furniture,30/10/2025,08/11/2025,07/11/2025,Delivered,1,16500,North,16500,October,8,-1,0,0,0,1,1,,,
ORD-4096,VND-001,Apparel,30/10/2025,03/11/2025,04/11/2025,Delivered,39,195,South,7605,October,5,1,0,1,0,0,39,,,
ORD-4097,VND-008,Electronics,30/10/2025,06/11/2025,08/11/2025,Delivered,4,13500,East,54000,October,9,2,0,1,0,0,4,,,
ORD-4098,VND-007,Electronics,30/10/2025,04/11/2025,06/11/2025,Delivered,6,5000,North,30000,October,7,2,0,1,0,0,6,,,
ORD-4099,VND-007,Office Supplies,30/10/2025,03/11/2025,,In Transit,72,30,East,2160,October,,,1,0,0,0,0,,,
ORD-4100,VND-015,Office Supplies,30/10/2025,07/11/2025,,Cancelled,18,500,North,9000,October,,,1,0,0,0,0,,,
ORD-4101,VND-003,Apparel,30/10/2025,05/11/2025,04/11/2025,Delivered,42,110,South,4620,October,5,-1,0,0,0,1,42,,,
ORD-4102,VND-004,Furniture,30/10/2025,04/11/2025,,In Transit,3,16500,International,49500,October,,,1,0,0,0,0,,,
ORD-4103,VND-010,Office Supplies,30/10/2025,06/11/2025,08/11/2025,Delivered,58,95,Central,5510,October,9,2,0,1,0,0,58,,,
ORD-4104,VND-009,Office Supplies,30/10/2025,06/11/2025,09/11/2025,Delivered,65,350,South,22750,October,10,3,0,1,0,0,65,,,
ORD-4105,VND-015,Electronics,30/10/2025,07/11/2025,09/11/2025,Delivered,7,7200,West,50400,October,10,2,0,1,0,0,7,,,
ORD-4106,VND-006,Electronics,31/10/2025,04/11/2025,,In Transit,3,1800,International,5400,October,,,1,0,0,0,0,,,
ORD-4107,VND-015,Office Supplies,31/10/2025,08/11/2025,,Cancelled,30,80,West,2400,October,,,1,0,0,0,0,,,
ORD-4108,VND-015,Electronics,31/10/2025,07/11/2025,10/11/2025,Delivered,7,29000,North,203000,October,10,3,0,1,0,0,7,,,
ORD-4109,VND-005,Apparel,31/10/2025,08/11/2025,,In Transit,13,130,West,1690,October,,,1,0,0,0,0,,,
ORD-4110,VND-003,Office Supplies,31/10/2025,08/11/2025,07/11/2025,Delivered,20,40,International,800,October,7,-1,0,0,0,1,20,,,
ORD-4111,VND-009,Electronics,31/10/2025,05/11/2025,08/11/2025,Delivered,10,1100,International,11000,October,8,3,0,1,0,0,10,,,
ORD-4112,VND-005,Apparel,31/10/2025,05/11/2025,05/11/2025,Delivered,43,60,South,2580,October,5,0,0,0,1,0,43,,,
ORD-4113,VND-005,Electronics,31/10/2025,05/11/2025,05/11/2025,Delivered,7,1800,East,12600,October,5,0,0,0,1,0,7,,,
ORD-4114,VND-014,Electronics,31/10/2025,09/11/2025,09/11/2025,Delivered,9,3000,South,27000,October,9,0,0,0,1,0,9,,,
ORD-4115,VND-004,Electronics,31/10/2025,09/11/2025,10/11/2025,Delivered,7,7200,North,50400,October,10,1,0,1,0,0,7,,,
ORD-4116,VND-014,Office Supplies,31/10/2025,05/11/2025,07/11/2025,Delivered,87,150,West,13050,October,7,2,0,1,0,0,87,,,
ORD-4117,VND-004,Furniture,31/10/2025,04/11/2025,06/11/2025,Delivered,2,18000,East,36000,October,6,2,0,1,0,0,2,,,
ORD-4118,VND-012,Electronics,31/10/2025,05/11/2025,07/11/2025,Delivered,1,5000,Central,5000,October,7,2,0,1,0,0,1,,,
ORD-4119,VND-001,Apparel,31/10/2025,05/11/2025,04/11/2025,Delivered,19,130,International,2470,October,4,-1,0,0,0,1,19,,,
ORD-4120,VND-007,Office Supplies,31/10/2025,08/11/2025,08/11/2025,Delivered,13,15,East,195,October,8,0,0,0,1,0,13,,,
ORD-4121,VND-009,Office Supplies,31/10/2025,07/11/2025,08/11/2025,Delivered,26,22,East,572,October,8,1,0,1,0,0,26,,,
ORD-4122,VND-003,Apparel,31/10/2025,07/11/2025,08/11/2025,Delivered,6,75,South,450,October,8,1,0,1,0,0,6,,,
ORD-4123,VND-012,Electronics,31/10/2025,04/11/2025,,In Transit,6,8500,Central,51000,October,,,1,0,0,0,0,,,
ORD-4124,VND-013,Furniture,31/10/2025,09/11/2025,08/11/2025,Delivered,2,3800,International,7600,October,8,-1,0,0,0,1,2,,,
ORD-4125,VND-015,Electronics,01/11/2025,05/11/2025,06/11/2025,Delivered,6,45000,North,270000,November,5,1,0,1,0,0,6,,,
ORD-4126,VND-002,Apparel,01/11/2025,08/11/2025,,In Transit,36,75,North,2700,November,,,1,0,0,0,0,,,
ORD-4127,VND-003,Office Supplies,01/11/2025,09/11/2025,,In Transit,48,22,East,1056,November,,,1,0,0,0,0,,,
ORD-4128,VND-001,Furniture,01/11/2025,08/11/2025,,In Transit,3,7000,East,21000,November,,,1,0,0,0,0,,,
ORD-4129,VND-006,Office Supplies,01/11/2025,06/11/2025,07/11/2025,Delivered,114,30,West,3420,November,6,1,0,1,0,0,114,,,
ORD-4130,VND-011,Apparel,01/11/2025,08/11/2025,06/11/2025,Delivered,27,60,Central,1620,November,5,-2,0,0,0,1,27,,,
ORD-4131,VND-011,Electronics,01/11/2025,06/11/2025,06/11/2025,Delivered,10,3100,International,31000,November,5,0,0,0,1,0,10,,,
ORD-4132,VND-007,Furniture,01/11/2025,09/11/2025,09/11/2025,Delivered,3,21000,East,63000,November,8,0,0,0,1,0,3,,,
ORD-4133,VND-011,Office Supplies,01/11/2025,10/11/2025,,Cancelled,29,15,West,435,November,,,1,0,0,0,0,,,
ORD-4134,VND-011,Office Supplies,01/11/2025,05/11/2025,06/11/2025,Delivered,27,12,Central,324,November,5,1,0,1,0,0,27,,,
ORD-4135,VND-002,Office Supplies,01/11/2025,09/11/2025,12/11/2025,Delivered,22,40,International,880,November,11,3,0,1,0,0,22,,,
ORD-4136,VND-008,Electronics,01/11/2025,10/11/2025,09/11/2025,Delivered,8,13500,North,108000,November,8,-1,0,0,0,1,8,,,
ORD-4137,VND-014,Furniture,01/11/2025,09/11/2025,12/11/2025,Delivered,2,16500,West,33000,November,11,3,0,1,0,0,2,,,
ORD-4138,VND-006,Electronics,02/11/2025,06/11/2025,07/11/2025,Delivered,5,29000,Central,145000,November,5,1,0,1,0,0,5,,,
ORD-4139,VND-014,Electronics,02/11/2025,06/11/2025,09/11/2025,Delivered,8,29000,West,232000,November,7,3,0,1,0,0,8,,,
ORD-4140,VND-004,Electronics,02/11/2025,07/11/2025,,In Transit,8,3000,East,24000,November,,,1,0,0,0,0,,,
ORD-4141,VND-005,Apparel,02/11/2025,08/11/2025,,Cancelled,44,130,South,5720,November,,,1,0,0,0,0,,,
ORD-4142,VND-008,Apparel,02/11/2025,09/11/2025,10/11/2025,Delivered,19,110,North,2090,November,8,1,0,1,0,0,19,,,
ORD-4143,VND-014,Apparel,02/11/2025,06/11/2025,04/11/2025,Delivered,49,250,East,12250,November,2,-2,0,0,0,1,49,,,
ORD-4144,VND-003,Furniture,02/11/2025,06/11/2025,09/11/2025,Delivered,1,21000,East,21000,November,7,3,0,1,0,0,1,,,
ORD-4145,VND-003,Electronics,02/11/2025,09/11/2025,07/11/2025,Delivered,4,1100,Central,4400,November,5,-2,0,0,0,1,4,,,
ORD-4146,VND-014,Electronics,02/11/2025,10/11/2025,,Cancelled,3,7200,West,21600,November,,,1,0,0,0,0,,,
ORD-4147,VND-015,Apparel,02/11/2025,11/11/2025,14/11/2025,Delivered,27,320,North,8640,November,12,3,0,1,0,0,27,,,
ORD-4148,VND-014,Electronics,02/11/2025,10/11/2025,12/11/2025,Delivered,7,29000,East,203000,November,10,2,0,1,0,0,7,,,
ORD-4149,VND-011,Electronics,02/11/2025,11/11/2025,12/11/2025,Delivered,3,8500,Central,25500,November,10,1,0,1,0,0,3,,,
ORD-4150,VND-004,Office Supplies,02/11/2025,06/11/2025,05/11/2025,Delivered,103,30,North,3090,November,3,-1,0,0,0,1,103,,,
ORD-4151,VND-001,Electronics,02/11/2025,06/11/2025,07/11/2025,Delivered,8,7200,West,57600,November,5,1,0,1,0,0,8,,,
ORD-4152,VND-009,Office Supplies,02/11/2025,10/11/2025,11/11/2025,Delivered,69,30,East,2070,November,9,1,0,1,0,0,69,,,
ORD-4153,VND-008,Electronics,03/11/2025,07/11/2025,08/11/2025,Delivered,2,45000,International,90000,November,5,1,0,1,0,0,2,,,
ORD-4154,VND-008,Furniture,03/11/2025,08/11/2025,09/11/2025,Delivered,3,21000,East,63000,November,6,1,0,1,0,0,3,,,
ORD-4155,VND-014,Apparel,03/11/2025,09/11/2025,10/11/2025,Delivered,6,250,East,1500,November,7,1,0,1,0,0,6,,,
ORD-4156,VND-010,Office Supplies,03/11/2025,07/11/2025,,In Transit,44,150,North,6600,November,,,1,0,0,0,0,,,
ORD-4157,VND-006,Apparel,03/11/2025,09/11/2025,11/11/2025,Delivered,8,195,North,1560,November,8,2,0,1,0,0,8,,,
ORD-4158,VND-007,Office Supplies,03/11/2025,07/11/2025,10/11/2025,Delivered,52,350,North,18200,November,7,3,0,1,0,0,52,,,
ORD-4159,VND-006,Office Supplies,03/11/2025,08/11/2025,09/11/2025,Delivered,41,40,North,1640,November,6,1,0,1,0,0,41,,,
ORD-4160,VND-009,Office Supplies,04/11/2025,11/11/2025,09/11/2025,Delivered,20,40,Central,800,November,5,-2,0,0,0,1,20,,,
ORD-4161,VND-003,Furniture,04/11/2025,11/11/2025,,In Transit,3,3800,South,11400,November,,,1,0,0,0,0,,,
ORD-4162,VND-014,Electronics,04/11/2025,11/11/2025,,Cancelled,8,1200,Central,9600,November,,,1,0,0,0,0,,,
ORD-4163,VND-003,Office Supplies,04/11/2025,12/11/2025,13/11/2025,Delivered,54,25,East,1350,November,9,1,0,1,0,0,54,,,
ORD-4164,VND-003,Furniture,04/11/2025,11/11/2025,13/11/2025,Delivered,2,8000,Central,16000,November,9,2,0,1,0,0,2,,,
ORD-4165,VND-010,Office Supplies,04/11/2025,13/11/2025,14/11/2025,Delivered,30,30,West,900,November,10,1,0,1,0,0,30,,,
ORD-4166,VND-003,Electronics,04/11/2025,13/11/2025,15/11/2025,Delivered,5,2400,International,12000,November,11,2,0,1,0,0,5,,,
ORD-4167,VND-009,Office Supplies,04/11/2025,09/11/2025,10/11/2025,Delivered,47,95,North,4465,November,6,1,0,1,0,0,47,,,
ORD-4168,VND-012,Furniture,04/11/2025,08/11/2025,,Cancelled,2,14000,West,28000,November,,,1,0,0,0,0,,,
ORD-4169,VND-004,Electronics,04/11/2025,10/11/2025,09/11/2025,Delivered,1,13500,International,13500,November,5,-1,0,0,0,1,1,,,
ORD-4170,VND-013,Furniture,05/11/2025,12/11/2025,10/11/2025,Delivered,2,6500,West,13000,November,5,-2,0,0,0,1,2,,,
ORD-4171,VND-007,Electronics,05/11/2025,11/11/2025,13/11/2025,Delivered,1,29000,East,29000,November,8,2,0,1,0,0,1,,,
ORD-4172,VND-014,Electronics,05/11/2025,12/11/2025,15/11/2025,Delivered,3,13500,North,40500,November,10,3,0,1,0,0,3,,,
ORD-4173,VND-015,Apparel,05/11/2025,14/11/2025,16/11/2025,Delivered,32,180,West,5760,November,11,2,0,1,0,0,32,,,
ORD-4174,VND-009,Apparel,05/11/2025,10/11/2025,13/11/2025,Delivered,36,90,East,3240,November,8,3,0,1,0,0,36,,,
ORD-4175,VND-011,Apparel,05/11/2025,11/11/2025,14/11/2025,Delivered,49,140,North,6860,November,9,3,0,1,0,0,49,,,
ORD-4176,VND-012,Electronics,05/11/2025,11/11/2025,14/11/2025,Delivered,7,29000,South,203000,November,9,3,0,1,0,0,7,,,
ORD-4177,VND-007,Office Supplies,05/11/2025,13/11/2025,15/11/2025,Delivered,44,150,East,6600,November,10,2,0,1,0,0,44,,,
ORD-4178,VND-009,Furniture,05/11/2025,14/11/2025,,In Transit,1,16500,Central,16500,November,,,1,0,0,0,0,,,
ORD-4179,VND-012,Furniture,05/11/2025,10/11/2025,08/11/2025,Delivered,3,8000,North,24000,November,3,-2,0,0,0,1,3,,,
ORD-4180,VND-003,Furniture,05/11/2025,14/11/2025,15/11/2025,Delivered,2,14000,West,28000,November,10,1,0,1,0,0,2,,,
ORD-4181,VND-015,Apparel,05/11/2025,09/11/2025,12/11/2025,Delivered,22,250,International,5500,November,7,3,0,1,0,0,22,,,
ORD-4182,VND-004,Electronics,05/11/2025,11/11/2025,12/11/2025,Delivered,8,29000,West,232000,November,7,1,0,1,0,0,8,,,
ORD-4183,VND-014,Apparel,05/11/2025,10/11/2025,08/11/2025,Delivered,52,60,Central,3120,November,3,-2,0,0,0,1,52,,,
ORD-4184,VND-008,Office Supplies,05/11/2025,09/11/2025,10/11/2025,Delivered,11,12,Central,132,November,5,1,0,1,0,0,11,,,
ORD-4185,VND-006,Electronics,05/11/2025,10/11/2025,,In Transit,8,13500,West,108000,November,,,1,0,0,0,0,,,
ORD-4186,VND-005,Furniture,05/11/2025,14/11/2025,13/11/2025,Delivered,3,7000,International,21000,November,8,-1,0,0,0,1,3,,,
ORD-4187,VND-013,Apparel,06/11/2025,15/11/2025,13/11/2025,Delivered,24,110,North,2640,November,7,-2,0,0,0,1,24,,,
ORD-4188,VND-004,Apparel,06/11/2025,15/11/2025,13/11/2025,Delivered,7,195,East,1365,November,7,-2,0,0,0,1,7,,,
ORD-4189,VND-008,Office Supplies,06/11/2025,14/11/2025,15/11/2025,Delivered,75,500,Central,37500,November,9,1,0,1,0,0,75,,,
ORD-4190,VND-001,Office Supplies,06/11/2025,11/11/2025,11/11/2025,Delivered,65,95,Central,6175,November,5,0,0,0,1,0,65,,,
ORD-4191,VND-014,Apparel,06/11/2025,13/11/2025,16/11/2025,Delivered,20,250,Central,5000,November,10,3,0,1,0,0,20,,,
ORD-4192,VND-009,Office Supplies,06/11/2025,14/11/2025,15/11/2025,Delivered,107,30,International,3210,November,9,1,0,1,0,0,107,,,
ORD-4193,VND-001,Furniture,06/11/2025,10/11/2025,11/11/2025,Delivered,3,14000,South,42000,November,5,1,0,1,0,0,3,,,
ORD-4194,VND-008,Office Supplies,06/11/2025,15/11/2025,16/11/2025,Delivered,84,40,International,3360,November,10,1,0,1,0,0,84,,,
ORD-4195,VND-004,Office Supplies,06/11/2025,13/11/2025,16/11/2025,Delivered,59,22,North,1298,November,10,3,0,1,0,0,59,,,
ORD-4196,VND-009,Apparel,06/11/2025,12/11/2025,,In Transit,41,220,North,9020,November,,,1,0,0,0,0,,,
ORD-4197,VND-014,Apparel,06/11/2025,14/11/2025,15/11/2025,Delivered,41,320,North,13120,November,9,1,0,1,0,0,41,,,
ORD-4198,VND-011,Electronics,07/11/2025,14/11/2025,14/11/2025,Delivered,1,7200,North,7200,November,7,0,0,0,1,0,1,,,
ORD-4199,VND-005,Electronics,07/11/2025,12/11/2025,13/11/2025,Delivered,10,3000,North,30000,November,6,1,0,1,0,0,10,,,
ORD-4200,VND-003,Apparel,07/11/2025,16/11/2025,19/11/2025,Delivered,23,75,West,1725,November,12,3,0,1,0,0,23,,,
ORD-4201,VND-009,Office Supplies,07/11/2025,14/11/2025,13/11/2025,Delivered,91,150,Central,13650,November,6,-1,0,0,0,1,91,,,
ORD-4202,VND-011,Office Supplies,07/11/2025,16/11/2025,17/11/2025,Delivered,62,25,International,1550,November,10,1,0,1,0,0,62,,,
ORD-4203,VND-014,Electronics,07/11/2025,14/11/2025,15/11/2025,Delivered,1,45000,West,45000,November,8,1,0,1,0,0,1,,,
ORD-4204,VND-014,Electronics,07/11/2025,15/11/2025,,Cancelled,5,3000,International,15000,November,,,1,0,0,0,0,,,
ORD-4205,VND-009,Electronics,07/11/2025,16/11/2025,14/11/2025,Delivered,6,5000,South,30000,November,7,-2,0,0,0,1,6,,,
ORD-4206,VND-004,Furniture,07/11/2025,15/11/2025,14/11/2025,Delivered,1,18000,East,18000,November,7,-1,0,0,0,1,1,,,
ORD-4207,VND-011,Furniture,07/11/2025,15/11/2025,17/11/2025,Delivered,2,4500,Central,9000,November,10,2,0,1,0,0,2,,,
ORD-4208,VND-004,Electronics,07/11/2025,13/11/2025,12/11/2025,Delivered,2,2400,South,4800,November,5,-1,0,0,0,1,2,,,
ORD-4209,VND-012,Office Supplies,07/11/2025,12/11/2025,11/11/2025,Delivered,72,40,West,2880,November,4,-1,0,0,0,1,72,,,
ORD-4210,VND-008,Electronics,08/11/2025,16/11/2025,15/11/2025,Delivered,1,1800,East,1800,November,7,-1,0,0,0,1,1,,,
ORD-4211,VND-002,Furniture,08/11/2025,17/11/2025,17/11/2025,Delivered,2,12000,South,24000,November,9,0,0,0,1,0,2,,,
ORD-4212,VND-009,Office Supplies,08/11/2025,15/11/2025,,In Transit,34,150,International,5100,November,,,1,0,0,0,0,,,
ORD-4213,VND-013,Furniture,08/11/2025,16/11/2025,17/11/2025,Delivered,2,12000,East,24000,November,9,1,0,1,0,0,2,,,
ORD-4214,VND-014,Office Supplies,08/11/2025,15/11/2025,17/11/2025,Delivered,60,45,International,2700,November,9,2,0,1,0,0,60,,,
ORD-4215,VND-006,Furniture,08/11/2025,17/11/2025,19/11/2025,Delivered,2,21000,South,42000,November,11,2,0,1,0,0,2,,,
ORD-4216,VND-009,Office Supplies,08/11/2025,13/11/2025,,In Transit,11,500,West,5500,November,,,1,0,0,0,0,,,
ORD-4217,VND-008,Office Supplies,08/11/2025,14/11/2025,,Cancelled,114,12,International,1368,November,,,1,0,0,0,0,,,
ORD-4218,VND-015,Office Supplies,08/11/2025,16/11/2025,17/11/2025,Delivered,41,150,East,6150,November,9,1,0,1,0,0,41,,,
ORD-4219,VND-015,Office Supplies,08/11/2025,16/11/2025,16/11/2025,Delivered,13,22,South,286,November,8,0,0,0,1,0,13,,,
ORD-4220,VND-007,Apparel,08/11/2025,12/11/2025,15/11/2025,Delivered,39,140,International,5460,November,7,3,0,1,0,0,39,,,
ORD-4221,VND-013,Furniture,08/11/2025,15/11/2025,13/11/2025,Delivered,3,4500,West,13500,November,5,-2,0,0,0,1,3,,,
ORD-4222,VND-014,Furniture,08/11/2025,12/11/2025,12/11/2025,Delivered,3,18000,Central,54000,November,4,0,0,0,1,0,3,,,
ORD-4223,VND-001,Apparel,08/11/2025,17/11/2025,19/11/2025,Delivered,20,45,West,900,November,11,2,0,1,0,0,20,,,
ORD-4224,VND-014,Office Supplies,08/11/2025,12/11/2025,,In Transit,66,80,West,5280,November,,,1,0,0,0,0,,,
ORD-4225,VND-012,Office Supplies,08/11/2025,13/11/2025,15/11/2025,Delivered,14,80,Central,1120,November,7,2,0,1,0,0,14,,,
ORD-4226,VND-003,Furniture,08/11/2025,17/11/2025,,In Transit,1,21000,West,21000,November,,,1,0,0,0,0,,,
ORD-4227,VND-011,Apparel,08/11/2025,15/11/2025,17/11/2025,Delivered,19,75,Central,1425,November,9,2,0,1,0,0,19,,,
ORD-4228,VND-014,Office Supplies,09/11/2025,15/11/2025,15/11/2025,Delivered,39,18,Central,702,November,6,0,0,0,1,0,39,,,
ORD-4229,VND-002,Office Supplies,09/11/2025,16/11/2025,17/11/2025,Delivered,97,500,International,48500,November,8,1,0,1,0,0,97,,,
ORD-4230,VND-005,Office Supplies,09/11/2025,16/11/2025,16/11/2025,Delivered,97,350,International,33950,November,7,0,0,0,1,0,97,,,
ORD-4231,VND-015,Electronics,09/11/2025,18/11/2025,21/11/2025,Delivered,5,2400,Central,12000,November,12,3,0,1,0,0,5,,,
ORD-4232,VND-005,Apparel,09/11/2025,17/11/2025,15/11/2025,Delivered,42,60,South,2520,November,6,-2,0,0,0,1,42,,,
ORD-4233,VND-005,Office Supplies,09/11/2025,13/11/2025,12/11/2025,Delivered,53,22,East,1166,November,3,-1,0,0,0,1,53,,,
ORD-4234,VND-004,Electronics,09/11/2025,15/11/2025,16/11/2025,Delivered,7,1100,South,7700,November,7,1,0,1,0,0,7,,,
ORD-4235,VND-005,Apparel,09/11/2025,18/11/2025,20/11/2025,Delivered,17,250,Central,4250,November,11,2,0,1,0,0,17,,,
ORD-4236,VND-003,Office Supplies,09/11/2025,18/11/2025,18/11/2025,Delivered,74,12,East,888,November,9,0,0,0,1,0,74,,,
ORD-4237,VND-012,Furniture,09/11/2025,14/11/2025,17/11/2025,Delivered,2,15000,International,30000,November,8,3,0,1,0,0,2,,,
ORD-4238,VND-001,Electronics,09/11/2025,13/11/2025,15/11/2025,Delivered,10,3000,East,30000,November,6,2,0,1,0,0,10,,,
ORD-4239,VND-005,Electronics,10/11/2025,14/11/2025,16/11/2025,Delivered,4,45000,Central,180000,November,6,2,0,1,0,0,4,,,
ORD-4240,VND-013,Office Supplies,10/11/2025,17/11/2025,19/11/2025,Delivered,43,45,International,1935,November,9,2,0,1,0,0,43,,,
ORD-4241,VND-009,Office Supplies,10/11/2025,17/11/2025,,Cancelled,51,18,East,918,November,,,1,0,0,0,0,,,
ORD-4242,VND-013,Electronics,10/11/2025,16/11/2025,,Cancelled,4,1200,East,4800,November,,,1,0,0,0,0,,,
ORD-4243,VND-009,Furniture,10/11/2025,14/11/2025,16/11/2025,Delivered,2,21000,South,42000,November,6,2,0,1,0,0,2,,,
ORD-4244,VND-004,Furniture,10/11/2025,18/11/2025,,Cancelled,1,21000,East,21000,November,,,1,0,0,0,0,,,
ORD-4245,VND-003,Apparel,10/11/2025,15/11/2025,,In Transit,15,130,Central,1950,November,,,1,0,0,0,0,,,
ORD-4246,VND-001,Office Supplies,10/11/2025,14/11/2025,,In Transit,41,350,North,14350,November,,,1,0,0,0,0,,,
ORD-4247,VND-002,Furniture,10/11/2025,16/11/2025,17/11/2025,Delivered,2,9500,North,19000,November,7,1,0,1,0,0,2,,,
ORD-4248,VND-008,Apparel,10/11/2025,16/11/2025,15/11/2025,Delivered,16,140,North,2240,November,5,-1,0,0,0,1,16,,,
ORD-4249,VND-001,Furniture,10/11/2025,16/11/2025,17/11/2025,Delivered,3,12000,Central,36000,November,7,1,0,1,0,0,3,,,
ORD-4250,VND-008,Office Supplies,10/11/2025,14/11/2025,17/11/2025,Delivered,84,95,North,7980,November,7,3,0,1,0,0,84,,,
ORD-4251,VND-013,Apparel,10/11/2025,15/11/2025,17/11/2025,Delivered,44,250,South,11000,November,7,2,0,1,0,0,44,,,
ORD-4252,VND-007,Apparel,11/11/2025,19/11/2025,17/11/2025,Delivered,35,60,Central,2100,November,6,-2,0,0,0,1,35,,,
ORD-4253,VND-015,Apparel,11/11/2025,20/11/2025,20/11/2025,Delivered,22,220,International,4840,November,9,0,0,0,1,0,22,,,
ORD-4254,VND-008,Furniture,11/11/2025,19/11/2025,18/11/2025,Delivered,1,16500,Central,16500,November,7,-1,0,0,0,1,1,,,
ORD-4255,VND-012,Office Supplies,11/11/2025,20/11/2025,21/11/2025,Delivered,38,350,Central,13300,November,10,1,0,1,0,0,38,,,
ORD-4256,VND-006,Apparel,11/11/2025,17/11/2025,20/11/2025,Delivered,42,180,East,7560,November,9,3,0,1,0,0,42,,,
ORD-4257,VND-012,Electronics,11/11/2025,18/11/2025,,Cancelled,6,2400,East,14400,November,,,1,0,0,0,0,,,
ORD-4258,VND-014,Office Supplies,11/11/2025,20/11/2025,23/11/2025,Delivered,90,500,East,45000,November,12,3,0,1,0,0,90,,,
ORD-4259,VND-015,Electronics,11/11/2025,17/11/2025,16/11/2025,Delivered,2,1100,West,2200,November,5,-1,0,0,0,1,2,,,
ORD-4260,VND-015,Electronics,11/11/2025,18/11/2025,17/11/2025,Delivered,2,1200,South,2400,November,6,-1,0,0,0,1,2,,,
ORD-4261,VND-009,Apparel,11/11/2025,18/11/2025,18/11/2025,Delivered,41,195,Central,7995,November,7,0,0,0,1,0,41,,,
ORD-4262,VND-003,Apparel,12/11/2025,17/11/2025,17/11/2025,Delivered,5,90,Central,450,November,5,0,0,0,1,0,5,,,
ORD-4263,VND-010,Furniture,12/11/2025,21/11/2025,,In Transit,2,12000,East,24000,November,,,1,0,0,0,0,,,
ORD-4264,VND-004,Furniture,12/11/2025,21/11/2025,21/11/2025,Delivered,3,16500,Central,49500,November,9,0,0,0,1,0,3,,,
ORD-4265,VND-013,Furniture,12/11/2025,19/11/2025,22/11/2025,Delivered,3,14000,International,42000,November,10,3,0,1,0,0,3,,,
ORD-4266,VND-006,Office Supplies,12/11/2025,19/11/2025,18/11/2025,Delivered,10,45,Central,450,November,6,-1,0,0,0,1,10,,,
ORD-4267,VND-008,Furniture,12/11/2025,20/11/2025,23/11/2025,Delivered,1,4500,North,4500,November,11,3,0,1,0,0,1,,,
ORD-4268,VND-005,Electronics,12/11/2025,21/11/2025,19/11/2025,Delivered,5,2400,International,12000,November,7,-2,0,0,0,1,5,,,
ORD-4269,VND-003,Furniture,12/11/2025,19/11/2025,19/11/2025,Delivered,3,15000,International,45000,November,7,0,0,0,1,0,3,,,
ORD-4270,VND-006,Apparel,12/11/2025,16/11/2025,15/11/2025,Delivered,23,320,Central,7360,November,3,-1,0,0,0,1,23,,,
ORD-4271,VND-004,Furniture,12/11/2025,16/11/2025,14/11/2025,Delivered,3,8000,West,24000,November,2,-2,0,0,0,1,3,,,
ORD-4272,VND-009,Office Supplies,12/11/2025,20/11/2025,22/11/2025,Delivered,65,50,East,3250,November,10,2,0,1,0,0,65,,,
ORD-4273,VND-013,Office Supplies,12/11/2025,16/11/2025,18/11/2025,Delivered,52,30,South,1560,November,6,2,0,1,0,0,52,,,
ORD-4274,VND-003,Electronics,12/11/2025,20/11/2025,,In Transit,2,1100,South,2200,November,,,1,0,0,0,0,,,
ORD-4275,VND-004,Office Supplies,12/11/2025,16/11/2025,17/11/2025,Delivered,51,95,North,4845,November,5,1,0,1,0,0,51,,,
ORD-4276,VND-007,Furniture,12/11/2025,20/11/2025,,In Transit,1,12000,South,12000,November,,,1,0,0,0,0,,,
ORD-4277,VND-007,Apparel,12/11/2025,16/11/2025,17/11/2025,Delivered,18,320,South,5760,November,5,1,0,1,0,0,18,,,
ORD-4278,VND-012,Office Supplies,12/11/2025,21/11/2025,23/11/2025,Delivered,25,40,East,1000,November,11,2,0,1,0,0,25,,,
ORD-4279,VND-012,Electronics,12/11/2025,16/11/2025,18/11/2025,Delivered,1,2400,East,2400,November,6,2,0,1,0,0,1,,,
ORD-4280,VND-004,Furniture,12/11/2025,19/11/2025,17/11/2025,Delivered,2,18000,West,36000,November,5,-2,0,0,0,1,2,,,
ORD-4281,VND-006,Electronics,12/11/2025,19/11/2025,22/11/2025,Delivered,4,3000,North,12000,November,10,3,0,1,0,0,4,,,
ORD-4282,VND-012,Office Supplies,12/11/2025,18/11/2025,17/11/2025,Delivered,69,500,South,34500,November,5,-1,0,0,0,1,69,,,
ORD-4283,VND-013,Office Supplies,13/11/2025,19/11/2025,,In Transit,22,12,West,264,November,,,1,0,0,0,0,,,
ORD-4284,VND-003,Electronics,13/11/2025,21/11/2025,22/11/2025,Delivered,7,29000,North,203000,November,9,1,0,1,0,0,7,,,
ORD-4285,VND-006,Furniture,13/11/2025,17/11/2025,18/11/2025,Delivered,2,21000,International,42000,November,5,1,0,1,0,0,2,,,
ORD-4286,VND-012,Office Supplies,13/11/2025,21/11/2025,,Cancelled,66,350,South,23100,November,,,1,0,0,0,0,,,
ORD-4287,VND-002,Apparel,13/11/2025,17/11/2025,17/11/2025,Delivered,15,60,South,900,November,4,0,0,0,1,0,15,,,
ORD-4288,VND-008,Office Supplies,13/11/2025,20/11/2025,19/11/2025,Delivered,47,50,East,2350,November,6,-1,0,0,0,1,47,,,
ORD-4289,VND-002,Furniture,13/11/2025,22/11/2025,25/11/2025,Delivered,2,18000,Central,36000,November,12,3,0,1,0,0,2,,,
ORD-4290,VND-011,Office Supplies,13/11/2025,21/11/2025,23/11/2025,Delivered,88,12,North,1056,November,10,2,0,1,0,0,88,,,
ORD-4291,VND-007,Electronics,13/11/2025,20/11/2025,20/11/2025,Delivered,7,7200,South,50400,November,7,0,0,0,1,0,7,,,
ORD-4292,VND-009,Office Supplies,13/11/2025,19/11/2025,18/11/2025,Delivered,58,50,North,2900,November,5,-1,0,0,0,1,58,,,
ORD-4293,VND-001,Office Supplies,13/11/2025,18/11/2025,19/11/2025,Delivered,11,22,West,242,November,6,1,0,1,0,0,11,,,
ORD-4294,VND-008,Furniture,13/11/2025,17/11/2025,17/11/2025,Delivered,3,14000,West,42000,November,4,0,0,0,1,0,3,,,
ORD-4295,VND-007,Electronics,14/11/2025,18/11/2025,16/11/2025,Delivered,9,1100,Central,9900,November,2,-2,0,0,0,1,9,,,
ORD-4296,VND-006,Furniture,14/11/2025,21/11/2025,,Cancelled,2,3800,South,7600,November,,,1,0,0,0,0,,,
ORD-4297,VND-006,Office Supplies,14/11/2025,19/11/2025,,In Transit,53,22,East,1166,November,,,1,0,0,0,0,,,
ORD-4298,VND-006,Apparel,14/11/2025,18/11/2025,19/11/2025,Delivered,14,140,South,1960,November,5,1,0,1,0,0,14,,,
ORD-4299,VND-009,Office Supplies,14/11/2025,19/11/2025,17/11/2025,Delivered,85,40,North,3400,November,3,-2,0,0,0,1,85,,,
ORD-4300,VND-002,Furniture,14/11/2025,18/11/2025,,In Transit,2,18000,International,36000,November,,,1,0,0,0,0,,,
ORD-4301,VND-001,Apparel,14/11/2025,19/11/2025,22/11/2025,Delivered,52,110,West,5720,November,8,3,0,1,0,0,52,,,
ORD-4302,VND-013,Furniture,14/11/2025,19/11/2025,21/11/2025,Delivered,3,7000,North,21000,November,7,2,0,1,0,0,3,,,
ORD-4303,VND-012,Furniture,14/11/2025,22/11/2025,23/11/2025,Delivered,1,14000,Central,14000,November,9,1,0,1,0,0,1,,,
ORD-4304,VND-006,Electronics,14/11/2025,21/11/2025,,In Transit,7,29000,West,203000,November,,,1,0,0,0,0,,,
ORD-4305,VND-010,Apparel,14/11/2025,20/11/2025,22/11/2025,Delivered,47,220,East,10340,November,8,2,0,1,0,0,47,,,
ORD-4306,VND-011,Office Supplies,14/11/2025,19/11/2025,,Cancelled,88,30,West,2640,November,,,1,0,0,0,0,,,
ORD-4307,VND-008,Furniture,14/11/2025,22/11/2025,25/11/2025,Delivered,2,4500,International,9000,November,11,3,0,1,0,0,2,,,
ORD-4308,VND-003,Office Supplies,15/11/2025,22/11/2025,25/11/2025,Delivered,91,25,South,2275,November,10,3,0,1,0,0,91,,,
ORD-4309,VND-012,Electronics,15/11/2025,22/11/2025,25/11/2025,Delivered,8,3100,International,24800,November,10,3,0,1,0,0,8,,,
ORD-4310,VND-010,Electronics,15/11/2025,22/11/2025,21/11/2025,Delivered,2,3000,International,6000,November,6,-1,0,0,0,1,2,,,
ORD-4311,VND-001,Apparel,15/11/2025,24/11/2025,,In Transit,19,110,South,2090,November,,,1,0,0,0,0,,,
ORD-4312,VND-009,Electronics,15/11/2025,19/11/2025,,Cancelled,6,1100,West,6600,November,,,1,0,0,0,0,,,
ORD-4313,VND-013,Electronics,15/11/2025,22/11/2025,24/11/2025,Delivered,8,1800,Central,14400,November,9,2,0,1,0,0,8,,,
ORD-4314,VND-013,Office Supplies,15/11/2025,19/11/2025,,Cancelled,12,40,South,480,November,,,1,0,0,0,0,,,
ORD-4315,VND-001,Electronics,15/11/2025,23/11/2025,,In Transit,3,13500,South,40500,November,,,1,0,0,0,0,,,
ORD-4316,VND-003,Electronics,15/11/2025,22/11/2025,21/11/2025,Delivered,6,3000,East,18000,November,6,-1,0,0,0,1,6,,,
ORD-4317,VND-008,Furniture,15/11/2025,19/11/2025,17/11/2025,Delivered,3,16500,West,49500,November,2,-2,0,0,0,1,3,,,
ORD-4318,VND-014,Electronics,15/11/2025,22/11/2025,25/11/2025,Delivered,3,1200,South,3600,November,10,3,0,1,0,0,3,,,
ORD-4319,VND-003,Furniture,15/11/2025,22/11/2025,23/11/2025,Delivered,3,7000,Central,21000,November,8,1,0,1,0,0,3,,,
ORD-4320,VND-013,Electronics,15/11/2025,21/11/2025,20/11/2025,Delivered,7,3000,North,21000,November,5,-1,0,0,0,1,7,,,
ORD-4321,VND-004,Electronics,15/11/2025,24/11/2025,23/11/2025,Delivered,4,3100,West,12400,November,8,-1,0,0,0,1,4,,,
ORD-4322,VND-008,Apparel,15/11/2025,22/11/2025,22/11/2025,Delivered,32,250,East,8000,November,7,0,0,0,1,0,32,,,
ORD-4323,VND-001,Apparel,15/11/2025,22/11/2025,,In Transit,9,320,International,2880,November,,,1,0,0,0,0,,,
ORD-4324,VND-013,Furniture,15/11/2025,22/11/2025,,In Transit,3,6500,South,19500,November,,,1,0,0,0,0,,,
ORD-4325,VND-013,Electronics,15/11/2025,20/11/2025,20/11/2025,Delivered,7,45000,Central,315000,November,5,0,0,0,1,0,7,,,
ORD-4326,VND-006,Office Supplies,16/11/2025,21/11/2025,22/11/2025,Delivered,22,18,West,396,November,6,1,0,1,0,0,22,,,
ORD-4327,VND-001,Apparel,16/11/2025,24/11/2025,22/11/2025,Delivered,34,130,Central,4420,November,6,-2,0,0,0,1,34,,,
ORD-4328,VND-014,Office Supplies,16/11/2025,25/11/2025,26/11/2025,Delivered,39,45,Central,1755,November,10,1,0,1,0,0,39,,,
ORD-4329,VND-001,Apparel,16/11/2025,25/11/2025,25/11/2025,Delivered,33,130,International,4290,November,9,0,0,0,1,0,33,,,
ORD-4330,VND-014,Apparel,16/11/2025,24/11/2025,27/11/2025,Delivered,30,250,East,7500,November,11,3,0,1,0,0,30,,,
ORD-4331,VND-008,Electronics,16/11/2025,25/11/2025,25/11/2025,Delivered,3,45000,West,135000,November,9,0,0,0,1,0,3,,,
ORD-4332,VND-011,Apparel,16/11/2025,23/11/2025,24/11/2025,Delivered,9,195,South,1755,November,8,1,0,1,0,0,9,,,
ORD-4333,VND-004,Office Supplies,16/11/2025,20/11/2025,20/11/2025,Delivered,63,30,East,1890,November,4,0,0,0,1,0,63,,,
ORD-4334,VND-012,Apparel,16/11/2025,24/11/2025,22/11/2025,Delivered,20,195,South,3900,November,6,-2,0,0,0,1,20,,,
ORD-4335,VND-001,Furniture,16/11/2025,22/11/2025,,In Transit,2,18000,North,36000,November,,,1,0,0,0,0,,,
ORD-4336,VND-010,Electronics,16/11/2025,23/11/2025,,Cancelled,9,13500,Central,121500,November,,,1,0,0,0,0,,,
ORD-4337,VND-007,Electronics,16/11/2025,20/11/2025,21/11/2025,Delivered,10,3100,North,31000,November,5,1,0,1,0,0,10,,,
ORD-4338,VND-005,Furniture,16/11/2025,21/11/2025,20/11/2025,Delivered,1,21000,Central,21000,November,4,-1,0,0,0,1,1,,,
ORD-4339,VND-005,Furniture,16/11/2025,20/11/2025,18/11/2025,Delivered,1,4500,International,4500,November,2,-2,0,0,0,1,1,,,
ORD-4340,VND-001,Furniture,16/11/2025,22/11/2025,24/11/2025,Delivered,3,3800,East,11400,November,8,2,0,1,0,0,3,,,
ORD-4341,VND-014,Apparel,16/11/2025,24/11/2025,23/11/2025,Delivered,8,320,South,2560,November,7,-1,0,0,0,1,8,,,
ORD-4342,VND-010,Electronics,16/11/2025,21/11/2025,20/11/2025,Delivered,2,45000,International,90000,November,4,-1,0,0,0,1,2,,,
ORD-4343,VND-011,Furniture,16/11/2025,23/11/2025,,Cancelled,3,4500,South,13500,November,,,1,0,0,0,0,,,
ORD-4344,VND-006,Apparel,17/11/2025,25/11/2025,23/11/2025,Delivered,53,220,East,11660,November,6,-2,0,0,0,1,53,,,
ORD-4345,VND-014,Furniture,17/11/2025,22/11/2025,,In Transit,2,7000,West,14000,November,,,1,0,0,0,0,,,
ORD-4346,VND-009,Office Supplies,17/11/2025,26/11/2025,26/11/2025,Delivered,77,350,North,26950,November,9,0,0,0,1,0,77,,,
ORD-4347,VND-009,Office Supplies,17/11/2025,21/11/2025,19/11/2025,Delivered,67,40,North,2680,November,2,-2,0,0,0,1,67,,,
ORD-4348,VND-008,Electronics,17/11/2025,21/11/2025,23/11/2025,Delivered,7,5000,South,35000,November,6,2,0,1,0,0,7,,,
ORD-4349,VND-005,Apparel,17/11/2025,22/11/2025,22/11/2025,Delivered,51,90,South,4590,November,5,0,0,0,1,0,51,,,
ORD-4350,VND-001,Office Supplies,17/11/2025,24/11/2025,24/11/2025,Delivered,108,500,South,54000,November,7,0,0,0,1,0,108,,,
ORD-4351,VND-009,Office Supplies,17/11/2025,23/11/2025,26/11/2025,Delivered,87,95,East,8265,November,9,3,0,1,0,0,87,,,
ORD-4352,VND-001,Apparel,18/11/2025,24/11/2025,25/11/2025,Delivered,48,75,West,3600,November,7,1,0,1,0,0,48,,,
ORD-4353,VND-008,Furniture,18/11/2025,24/11/2025,27/11/2025,Delivered,1,14000,North,14000,November,9,3,0,1,0,0,1,,,
ORD-4354,VND-005,Apparel,18/11/2025,24/11/2025,23/11/2025,Delivered,31,140,International,4340,November,5,-1,0,0,0,1,31,,,
ORD-4355,VND-003,Furniture,18/11/2025,27/11/2025,,Cancelled,2,15000,Central,30000,November,,,1,0,0,0,0,,,
ORD-4356,VND-011,Office Supplies,18/11/2025,23/11/2025,22/11/2025,Delivered,85,80,East,6800,November,4,-1,0,0,0,1,85,,,
ORD-4357,VND-007,Office Supplies,18/11/2025,22/11/2025,25/11/2025,Delivered,22,150,North,3300,November,7,3,0,1,0,0,22,,,
ORD-4358,VND-007,Office Supplies,18/11/2025,24/11/2025,26/11/2025,Delivered,60,25,West,1500,November,8,2,0,1,0,0,60,,,
ORD-4359,VND-009,Electronics,18/11/2025,26/11/2025,,In Transit,7,8500,East,59500,November,,,1,0,0,0,0,,,
ORD-4360,VND-007,Electronics,18/11/2025,26/11/2025,27/11/2025,Delivered,8,5000,International,40000,November,9,1,0,1,0,0,8,,,
ORD-4361,VND-013,Electronics,18/11/2025,23/11/2025,22/11/2025,Delivered,1,45000,North,45000,November,4,-1,0,0,0,1,1,,,
ORD-4362,VND-011,Apparel,18/11/2025,23/11/2025,26/11/2025,Delivered,14,130,East,1820,November,8,3,0,1,0,0,14,,,
ORD-4363,VND-014,Office Supplies,18/11/2025,25/11/2025,25/11/2025,Delivered,65,50,North,3250,November,7,0,0,0,1,0,65,,,
ORD-4364,VND-003,Office Supplies,18/11/2025,22/11/2025,25/11/2025,Delivered,20,40,North,800,November,7,3,0,1,0,0,20,,,
ORD-4365,VND-011,Apparel,18/11/2025,23/11/2025,,Cancelled,37,195,West,7215,November,,,1,0,0,0,0,,,
ORD-4366,VND-013,Electronics,18/11/2025,24/11/2025,,In Transit,3,8500,Central,25500,November,,,1,0,0,0,0,,,
ORD-4367,VND-015,Apparel,19/11/2025,27/11/2025,25/11/2025,Delivered,29,180,West,5220,November,6,-2,0,0,0,1,29,,,
ORD-4368,VND-014,Electronics,19/11/2025,27/11/2025,27/11/2025,Delivered,7,2400,North,16800,November,8,0,0,0,1,0,7,,,
ORD-4369,VND-013,Office Supplies,19/11/2025,25/11/2025,27/11/2025,Delivered,96,22,East,2112,November,8,2,0,1,0,0,96,,,
ORD-4370,VND-001,Furniture,19/11/2025,28/11/2025,26/11/2025,Delivered,1,9500,International,9500,November,7,-2,0,0,0,1,1,,,
ORD-4371,VND-008,Electronics,19/11/2025,27/11/2025,,In Transit,4,13500,West,54000,November,,,1,0,0,0,0,,,
ORD-4372,VND-012,Office Supplies,19/11/2025,27/11/2025,30/11/2025,Delivered,26,150,Central,3900,November,11,3,0,1,0,0,26,,,
ORD-4373,VND-003,Office Supplies,19/11/2025,27/11/2025,25/11/2025,Delivered,44,18,North,792,November,6,-2,0,0,0,1,44,,,
ORD-4374,VND-012,Furniture,19/11/2025,26/11/2025,24/11/2025,Delivered,3,15000,International,45000,November,5,-2,0,0,0,1,3,,,
ORD-4375,VND-008,Office Supplies,19/11/2025,28/11/2025,,In Transit,99,30,West,2970,November,,,1,0,0,0,0,,,
ORD-4376,VND-008,Office Supplies,19/11/2025,27/11/2025,26/11/2025,Delivered,26,25,West,650,November,7,-1,0,0,0,1,26,,,
ORD-4377,VND-013,Electronics,19/11/2025,24/11/2025,24/11/2025,Delivered,8,7200,West,57600,November,5,0,0,0,1,0,8,,,
ORD-4378,VND-005,Electronics,19/11/2025,26/11/2025,29/11/2025,Delivered,6,3000,West,18000,November,10,3,0,1,0,0,6,,,
ORD-4379,VND-013,Furniture,19/11/2025,25/11/2025,25/11/2025,Delivered,3,8000,International,24000,November,6,0,0,0,1,0,3,,,
ORD-4380,VND-012,Furniture,19/11/2025,24/11/2025,,Cancelled,1,4500,East,4500,November,,,1,0,0,0,0,,,
ORD-4381,VND-013,Office Supplies,20/11/2025,24/11/2025,24/11/2025,Delivered,38,150,Central,5700,November,4,0,0,0,1,0,38,,,
ORD-4382,VND-001,Electronics,20/11/2025,26/11/2025,27/11/2025,Delivered,4,3100,Central,12400,November,7,1,0,1,0,0,4,,,
ORD-4383,VND-013,Furniture,20/11/2025,25/11/2025,23/11/2025,Delivered,3,12000,North,36000,November,3,-2,0,0,0,1,3,,,
ORD-4384,VND-010,Furniture,20/11/2025,27/11/2025,,In Transit,1,14000,South,14000,November,,,1,0,0,0,0,,,
ORD-4385,VND-007,Apparel,20/11/2025,24/11/2025,22/11/2025,Delivered,37,195,East,7215,November,2,-2,0,0,0,1,37,,,
ORD-4386,VND-012,Furniture,20/11/2025,26/11/2025,27/11/2025,Delivered,3,7000,North,21000,November,7,1,0,1,0,0,3,,,
ORD-4387,VND-010,Office Supplies,20/11/2025,26/11/2025,28/11/2025,Delivered,51,40,North,2040,November,8,2,0,1,0,0,51,,,
ORD-4388,VND-005,Electronics,20/11/2025,24/11/2025,25/11/2025,Delivered,6,8500,West,51000,November,5,1,0,1,0,0,6,,,
ORD-4389,VND-008,Furniture,20/11/2025,25/11/2025,25/11/2025,Delivered,2,4500,South,9000,November,5,0,0,0,1,0,2,,,
ORD-4390,VND-009,Apparel,20/11/2025,28/11/2025,,In Transit,19,250,South,4750,November,,,1,0,0,0,0,,,
ORD-4391,VND-011,Electronics,20/11/2025,29/11/2025,01/12/2025,Delivered,7,29000,East,203000,November,11,2,0,1,0,0,7,,,
ORD-4392,VND-014,Furniture,20/11/2025,28/11/2025,28/11/2025,Delivered,1,12000,South,12000,November,8,0,0,0,1,0,1,,,
ORD-4393,VND-007,Apparel,20/11/2025,25/11/2025,,Cancelled,21,250,North,5250,November,,,1,0,0,0,0,,,
ORD-4394,VND-014,Furniture,20/11/2025,27/11/2025,25/11/2025,Delivered,3,16500,South,49500,November,5,-2,0,0,0,1,3,,,
ORD-4395,VND-013,Electronics,20/11/2025,25/11/2025,25/11/2025,Delivered,9,1100,South,9900,November,5,0,0,0,1,0,9,,,
ORD-4396,VND-015,Electronics,20/11/2025,29/11/2025,30/11/2025,Delivered,5,7200,Central,36000,November,10,1,0,1,0,0,5,,,
ORD-4397,VND-007,Electronics,20/11/2025,24/11/2025,27/11/2025,Delivered,1,5000,North,5000,November,7,3,0,1,0,0,1,,,
ORD-4398,VND-001,Office Supplies,21/11/2025,28/11/2025,26/11/2025,Delivered,41,40,International,1640,November,5,-2,0,0,0,1,41,,,
ORD-4399,VND-015,Furniture,21/11/2025,25/11/2025,27/11/2025,Delivered,3,15000,South,45000,November,6,2,0,1,0,0,3,,,
ORD-4400,VND-004,Office Supplies,21/11/2025,30/11/2025,,In Transit,107,40,South,4280,November,,,1,0,0,0,0,,,
ORD-4401,VND-002,Electronics,21/11/2025,30/11/2025,30/11/2025,Delivered,7,2400,West,16800,November,9,0,0,0,1,0,7,,,
ORD-4402,VND-002,Apparel,21/11/2025,26/11/2025,28/11/2025,Delivered,22,250,South,5500,November,7,2,0,1,0,0,22,,,
ORD-4403,VND-002,Furniture,21/11/2025,29/11/2025,30/11/2025,Delivered,1,14000,South,14000,November,9,1,0,1,0,0,1,,,
ORD-4404,VND-004,Office Supplies,21/11/2025,30/11/2025,28/11/2025,Delivered,60,500,Central,30000,November,7,-2,0,0,0,1,60,,,
ORD-4405,VND-014,Furniture,21/11/2025,25/11/2025,26/11/2025,Delivered,1,3800,North,3800,November,5,1,0,1,0,0,1,,,
ORD-4406,VND-001,Apparel,21/11/2025,30/11/2025,30/11/2025,Delivered,31,220,East,6820,November,9,0,0,0,1,0,31,,,
ORD-4407,VND-015,Office Supplies,21/11/2025,25/11/2025,,Cancelled,98,45,North,4410,November,,,1,0,0,0,0,,,
ORD-4408,VND-004,Electronics,22/11/2025,30/11/2025,,In Transit,5,13500,West,67500,November,,,1,0,0,0,0,,,
ORD-4409,VND-002,Office Supplies,22/11/2025,30/11/2025,03/12/2025,Delivered,109,150,North,16350,November,11,3,0,1,0,0,109,,,
ORD-4410,VND-005,Furniture,22/11/2025,26/11/2025,24/11/2025,Delivered,2,18000,South,36000,November,2,-2,0,0,0,1,2,,,
ORD-4411,VND-003,Furniture,22/11/2025,28/11/2025,01/12/2025,Delivered,2,14000,West,28000,November,9,3,0,1,0,0,2,,,
ORD-4412,VND-015,Furniture,22/11/2025,26/11/2025,,Cancelled,2,16500,North,33000,November,,,1,0,0,0,0,,,
ORD-4413,VND-012,Furniture,22/11/2025,28/11/2025,30/11/2025,Delivered,2,7000,West,14000,November,8,2,0,1,0,0,2,,,
ORD-4414,VND-008,Electronics,22/11/2025,28/11/2025,26/11/2025,Delivered,3,5000,East,15000,November,4,-2,0,0,0,1,3,,,
ORD-4415,VND-004,Office Supplies,22/11/2025,27/11/2025,30/11/2025,Delivered,36,15,North,540,November,8,3,0,1,0,0,36,,,
ORD-4416,VND-001,Electronics,23/11/2025,27/11/2025,,In Transit,7,1100,International,7700,November,,,1,0,0,0,0,,,
ORD-4417,VND-001,Electronics,23/11/2025,28/11/2025,,In Transit,10,3000,South,30000,November,,,1,0,0,0,0,,,
ORD-4418,VND-012,Electronics,23/11/2025,01/12/2025,04/12/2025,Delivered,9,1100,West,9900,November,11,3,0,1,0,0,9,,,
ORD-4419,VND-010,Furniture,23/11/2025,30/11/2025,,In Transit,1,15000,International,15000,November,,,1,0,0,0,0,,,
ORD-4420,VND-003,Furniture,23/11/2025,02/12/2025,04/12/2025,Delivered,2,12000,International,24000,November,11,2,0,1,0,0,2,,,
ORD-4421,VND-015,Furniture,23/11/2025,01/12/2025,03/12/2025,Delivered,1,12000,Central,12000,November,10,2,0,1,0,0,1,,,
ORD-4422,VND-009,Office Supplies,23/11/2025,29/11/2025,,In Transit,109,25,West,2725,November,,,1,0,0,0,0,,,
ORD-4423,VND-007,Apparel,23/11/2025,01/12/2025,,In Transit,21,180,International,3780,November,,,1,0,0,0,0,,,
ORD-4424,VND-002,Furniture,23/11/2025,30/11/2025,28/11/2025,Delivered,2,3800,Central,7600,November,5,-2,0,0,0,1,2,,,
ORD-4425,VND-015,Office Supplies,23/11/2025,28/11/2025,01/12/2025,Delivered,87,12,International,1044,November,8,3,0,1,0,0,87,,,
ORD-4426,VND-013,Furniture,23/11/2025,02/12/2025,,In Transit,2,6500,South,13000,November,,,1,0,0,0,0,,,
ORD-4427,VND-009,Furniture,23/11/2025,01/12/2025,,In Transit,1,14000,East,14000,November,,,1,0,0,0,0,,,
ORD-4428,VND-010,Electronics,23/11/2025,28/11/2025,,In Transit,8,5000,Central,40000,November,,,1,0,0,0,0,,,
ORD-4429,VND-002,Electronics,23/11/2025,01/12/2025,01/12/2025,Delivered,5,7200,East,36000,November,8,0,0,0,1,0,5,,,
ORD-4430,VND-003,Electronics,23/11/2025,28/11/2025,,Cancelled,2,7200,West,14400,November,,,1,0,0,0,0,,,
ORD-4431,VND-011,Office Supplies,23/11/2025,01/12/2025,,Cancelled,67,95,South,6365,November,,,1,0,0,0,0,,,
ORD-4432,VND-013,Apparel,23/11/2025,01/12/2025,02/12/2025,Delivered,6,220,Central,1320,November,9,1,0,1,0,0,6,,,
ORD-4433,VND-010,Apparel,24/11/2025,01/12/2025,,In Transit,9,250,West,2250,November,,,1,0,0,0,0,,,
ORD-4434,VND-014,Office Supplies,24/11/2025,01/12/2025,01/12/2025,Delivered,75,350,International,26250,November,7,0,0,0,1,0,75,,,
ORD-4435,VND-002,Furniture,24/11/2025,29/11/2025,29/11/2025,Delivered,1,8000,North,8000,November,5,0,0,0,1,0,1,,,
ORD-4436,VND-003,Office Supplies,24/11/2025,28/11/2025,30/11/2025,Delivered,30,12,West,360,November,6,2,0,1,0,0,30,,,
ORD-4437,VND-006,Furniture,24/11/2025,02/12/2025,04/12/2025,Delivered,2,21000,East,42000,November,10,2,0,1,0,0,2,,,
ORD-4438,VND-009,Office Supplies,24/11/2025,01/12/2025,03/12/2025,Delivered,86,500,South,43000,November,9,2,0,1,0,0,86,,,
ORD-4439,VND-009,Office Supplies,24/11/2025,01/12/2025,,In Transit,80,150,South,12000,November,,,1,0,0,0,0,,,
ORD-4440,VND-007,Office Supplies,24/11/2025,28/11/2025,28/11/2025,Delivered,44,500,West,22000,November,4,0,0,0,1,0,44,,,
ORD-4441,VND-012,Apparel,24/11/2025,30/11/2025,30/11/2025,Delivered,33,140,International,4620,November,6,0,0,0,1,0,33,,,
ORD-4442,VND-003,Electronics,24/11/2025,01/12/2025,,Cancelled,2,5000,North,10000,November,,,1,0,0,0,0,,,
ORD-4443,VND-004,Office Supplies,24/11/2025,03/12/2025,06/12/2025,Delivered,71,40,East,2840,November,12,3,0,1,0,0,71,,,
ORD-4444,VND-006,Apparel,24/11/2025,29/11/2025,02/12/2025,Delivered,11,110,West,1210,November,8,3,0,1,0,0,11,,,
ORD-4445,VND-011,Electronics,24/11/2025,29/11/2025,27/11/2025,Delivered,9,1200,West,10800,November,3,-2,0,0,0,1,9,,,
ORD-4446,VND-005,Electronics,24/11/2025,29/11/2025,27/11/2025,Delivered,4,1200,South,4800,November,3,-2,0,0,0,1,4,,,
ORD-4447,VND-002,Office Supplies,24/11/2025,02/12/2025,02/12/2025,Delivered,98,12,East,1176,November,8,0,0,0,1,0,98,,,
ORD-4448,VND-013,Furniture,24/11/2025,03/12/2025,,In Transit,1,21000,North,21000,November,,,1,0,0,0,0,,,
ORD-4449,VND-006,Furniture,25/11/2025,02/12/2025,30/11/2025,Delivered,1,8000,South,8000,November,5,-2,0,0,0,1,1,,,
ORD-4450,VND-003,Furniture,25/11/2025,04/12/2025,,In Transit,3,21000,West,63000,November,,,1,0,0,0,0,,,
ORD-4451,VND-014,Office Supplies,25/11/2025,02/12/2025,03/12/2025,Delivered,74,150,South,11100,November,8,1,0,1,0,0,74,,,
ORD-4452,VND-008,Furniture,25/11/2025,01/12/2025,03/12/2025,Delivered,3,7000,South,21000,November,8,2,0,1,0,0,3,,,
ORD-4453,VND-002,Apparel,25/11/2025,03/12/2025,02/12/2025,Delivered,53,75,Central,3975,November,7,-1,0,0,0,1,53,,,
ORD-4454,VND-001,Apparel,25/11/2025,04/12/2025,06/12/2025,Delivered,47,180,South,8460,November,11,2,0,1,0,0,47,,,
ORD-4455,VND-009,Apparel,25/11/2025,01/12/2025,04/12/2025,Delivered,48,60,International,2880,November,9,3,0,1,0,0,48,,,
ORD-4456,VND-014,Apparel,25/11/2025,02/12/2025,30/11/2025,Delivered,54,195,South,10530,November,5,-2,0,0,0,1,54,,,
ORD-4457,VND-012,Electronics,25/11/2025,29/11/2025,01/12/2025,Delivered,5,3000,International,15000,November,6,2,0,1,0,0,5,,,
ORD-4458,VND-003,Apparel,25/11/2025,30/11/2025,28/11/2025,Delivered,53,130,East,6890,November,3,-2,0,0,0,1,53,,,
ORD-4459,VND-011,Furniture,25/11/2025,30/11/2025,28/11/2025,Delivered,2,12000,South,24000,November,3,-2,0,0,0,1,2,,,
ORD-4460,VND-001,Office Supplies,25/11/2025,30/11/2025,29/11/2025,Delivered,75,15,North,1125,November,4,-1,0,0,0,1,75,,,
ORD-4461,VND-007,Furniture,25/11/2025,02/12/2025,02/12/2025,Delivered,1,21000,International,21000,November,7,0,0,0,1,0,1,,,
ORD-4462,VND-013,Apparel,25/11/2025,29/11/2025,02/12/2025,Delivered,45,220,International,9900,November,7,3,0,1,0,0,45,,,
ORD-4463,VND-015,Electronics,25/11/2025,03/12/2025,03/12/2025,Delivered,5,45000,West,225000,November,8,0,0,0,1,0,5,,,
ORD-4464,VND-010,Apparel,25/11/2025,02/12/2025,03/12/2025,Delivered,54,45,East,2430,November,8,1,0,1,0,0,54,,,
ORD-4465,VND-005,Office Supplies,25/11/2025,02/12/2025,04/12/2025,Delivered,90,22,South,1980,November,9,2,0,1,0,0,90,,,
ORD-4466,VND-005,Furniture,25/11/2025,29/11/2025,27/11/2025,Delivered,3,15000,North,45000,November,2,-2,0,0,0,1,3,,,
ORD-4467,VND-014,Office Supplies,26/11/2025,01/12/2025,,In Transit,15,50,West,750,November,,,1,0,0,0,0,,,
ORD-4468,VND-001,Office Supplies,26/11/2025,01/12/2025,04/12/2025,Delivered,14,80,East,1120,November,8,3,0,1,0,0,14,,,
ORD-4469,VND-015,Office Supplies,26/11/2025,01/12/2025,03/12/2025,Delivered,15,45,International,675,November,7,2,0,1,0,0,15,,,
ORD-4470,VND-015,Furniture,26/11/2025,02/12/2025,,In Transit,1,21000,North,21000,November,,,1,0,0,0,0,,,
ORD-4471,VND-009,Apparel,26/11/2025,30/11/2025,29/11/2025,Delivered,50,320,South,16000,November,3,-1,0,0,0,1,50,,,
ORD-4472,VND-007,Office Supplies,26/11/2025,04/12/2025,06/12/2025,Delivered,64,15,Central,960,November,10,2,0,1,0,0,64,,,
ORD-4473,VND-008,Furniture,26/11/2025,05/12/2025,04/12/2025,Delivered,3,12000,Central,36000,November,8,-1,0,0,0,1,3,,,
ORD-4474,VND-009,Electronics,26/11/2025,05/12/2025,06/12/2025,Delivered,10,13500,East,135000,November,10,1,0,1,0,0,10,,,
ORD-4475,VND-006,Furniture,26/11/2025,03/12/2025,,Cancelled,1,8000,North,8000,November,,,1,0,0,0,0,,,
ORD-4476,VND-012,Electronics,26/11/2025,03/12/2025,,In Transit,4,1100,West,4400,November,,,1,0,0,0,0,,,
ORD-4477,VND-005,Furniture,26/11/2025,01/12/2025,03/12/2025,Delivered,1,6500,North,6500,November,7,2,0,1,0,0,1,,,
ORD-4478,VND-006,Apparel,26/11/2025,04/12/2025,,Cancelled,34,45,International,1530,November,,,1,0,0,0,0,,,
ORD-4479,VND-011,Office Supplies,26/11/2025,30/11/2025,01/12/2025,Delivered,79,18,Central,1422,November,5,1,0,1,0,0,79,,,
ORD-4480,VND-002,Apparel,26/11/2025,01/12/2025,29/11/2025,Delivered,14,60,East,840,November,3,-2,0,0,0,1,14,,,
ORD-4481,VND-004,Furniture,26/11/2025,04/12/2025,,In Transit,2,7000,South,14000,November,,,1,0,0,0,0,,,
ORD-4482,VND-003,Office Supplies,27/11/2025,01/12/2025,02/12/2025,Delivered,103,350,North,36050,November,5,1,0,1,0,0,103,,,
ORD-4483,VND-013,Electronics,27/11/2025,03/12/2025,04/12/2025,Delivered,4,1200,Central,4800,November,7,1,0,1,0,0,4,,,
ORD-4484,VND-007,Furniture,27/11/2025,04/12/2025,03/12/2025,Delivered,2,18000,West,36000,November,6,-1,0,0,0,1,2,,,
ORD-4485,VND-009,Office Supplies,27/11/2025,03/12/2025,06/12/2025,Delivered,93,25,East,2325,November,9,3,0,1,0,0,93,,,
ORD-4486,VND-005,Electronics,27/11/2025,03/12/2025,03/12/2025,Delivered,9,2400,South,21600,November,6,0,0,0,1,0,9,,,
ORD-4487,VND-006,Electronics,27/11/2025,05/12/2025,03/12/2025,Delivered,5,1100,North,5500,November,6,-2,0,0,0,1,5,,,
ORD-4488,VND-010,Apparel,27/11/2025,05/12/2025,08/12/2025,Delivered,16,320,West,5120,November,11,3,0,1,0,0,16,,,
ORD-4489,VND-014,Furniture,27/11/2025,03/12/2025,02/12/2025,Delivered,2,6500,South,13000,November,5,-1,0,0,0,1,2,,,
ORD-4490,VND-012,Electronics,27/11/2025,06/12/2025,,Cancelled,5,45000,International,225000,November,,,1,0,0,0,0,,,
ORD-4491,VND-012,Office Supplies,27/11/2025,04/12/2025,,In Transit,60,22,Central,1320,November,,,1,0,0,0,0,,,
ORD-4492,VND-002,Electronics,27/11/2025,04/12/2025,06/12/2025,Delivered,10,1800,International,18000,November,9,2,0,1,0,0,10,,,
ORD-4493,VND-003,Electronics,27/11/2025,06/12/2025,,Cancelled,9,1100,Central,9900,November,,,1,0,0,0,0,,,
ORD-4494,VND-003,Apparel,27/11/2025,05/12/2025,04/12/2025,Delivered,43,220,West,9460,November,7,-1,0,0,0,1,43,,,
ORD-4495,VND-012,Apparel,28/11/2025,05/12/2025,07/12/2025,Delivered,8,220,International,1760,November,9,2,0,1,0,0,8,,,
ORD-4496,VND-012,Office Supplies,28/11/2025,02/12/2025,04/12/2025,Delivered,42,45,Central,1890,November,6,2,0,1,0,0,42,,,
ORD-4497,VND-015,Apparel,28/11/2025,06/12/2025,06/12/2025,Delivered,45,45,East,2025,November,8,0,0,0,1,0,45,,,
ORD-4498,VND-009,Electronics,28/11/2025,02/12/2025,30/11/2025,Delivered,10,8500,West,85000,November,2,-2,0,0,0,1,10,,,
ORD-4499,VND-015,Electronics,28/11/2025,03/12/2025,03/12/2025,Delivered,7,1100,Central,7700,November,5,0,0,0,1,0,7,,,
ORD-4500,VND-007,Apparel,28/11/2025,02/12/2025,02/12/2025,Delivered,11,110,North,1210,November,4,0,0,0,1,0,11,,,
ORD-4501,VND-008,Electronics,28/11/2025,04/12/2025,05/12/2025,Delivered,10,5000,Central,50000,November,7,1,0,1,0,0,10,,,
ORD-4502,VND-011,Electronics,28/11/2025,02/12/2025,,Cancelled,9,7200,International,64800,November,,,1,0,0,0,0,,,
ORD-4503,VND-010,Office Supplies,28/11/2025,05/12/2025,07/12/2025,Delivered,93,15,East,1395,November,9,2,0,1,0,0,93,,,
ORD-4504,VND-011,Apparel,28/11/2025,06/12/2025,,Cancelled,44,320,South,14080,November,,,1,0,0,0,0,,,
ORD-4505,VND-009,Electronics,29/11/2025,06/12/2025,,Cancelled,4,7200,South,28800,November,,,1,0,0,0,0,,,
ORD-4506,VND-006,Apparel,29/11/2025,07/12/2025,08/12/2025,Delivered,51,140,Central,7140,November,9,1,0,1,0,0,51,,,
ORD-4507,VND-004,Office Supplies,29/11/2025,04/12/2025,04/12/2025,Delivered,47,95,South,4465,November,5,0,0,0,1,0,47,,,
ORD-4508,VND-012,Apparel,29/11/2025,04/12/2025,02/12/2025,Delivered,47,320,Central,15040,November,3,-2,0,0,0,1,47,,,
ORD-4509,VND-001,Electronics,29/11/2025,04/12/2025,,Cancelled,2,8500,East,17000,November,,,1,0,0,0,0,,,
ORD-4510,VND-008,Apparel,29/11/2025,04/12/2025,06/12/2025,Delivered,10,140,South,1400,November,7,2,0,1,0,0,10,,,
ORD-4511,VND-007,Electronics,29/11/2025,08/12/2025,11/12/2025,Delivered,10,1100,International,11000,November,12,3,0,1,0,0,10,,,
ORD-4512,VND-002,Electronics,29/11/2025,06/12/2025,04/12/2025,Delivered,3,13500,International,40500,November,5,-2,0,0,0,1,3,,,
ORD-4513,VND-008,Electronics,29/11/2025,08/12/2025,10/12/2025,Delivered,5,45000,North,225000,November,11,2,0,1,0,0,5,,,
ORD-4514,VND-012,Office Supplies,29/11/2025,03/12/2025,,Cancelled,94,12,Central,1128,November,,,1,0,0,0,0,,,
ORD-4515,VND-005,Apparel,29/11/2025,05/12/2025,06/12/2025,Delivered,13,110,South,1430,November,7,1,0,1,0,0,13,,,
ORD-4516,VND-007,Office Supplies,29/11/2025,07/12/2025,,In Transit,84,150,International,12600,November,,,1,0,0,0,0,,,
ORD-4517,VND-004,Apparel,29/11/2025,04/12/2025,04/12/2025,Delivered,11,220,East,2420,November,5,0,0,0,1,0,11,,,
ORD-4518,VND-005,Office Supplies,29/11/2025,04/12/2025,07/12/2025,Delivered,23,45,East,1035,November,8,3,0,1,0,0,23,,,
ORD-4519,VND-008,Furniture,29/11/2025,03/12/2025,,Cancelled,2,16500,North,33000,November,,,1,0,0,0,0,,,
ORD-4520,VND-001,Electronics,29/11/2025,05/12/2025,07/12/2025,Delivered,3,5000,East,15000,November,8,2,0,1,0,0,3,,,
ORD-4521,VND-001,Electronics,29/11/2025,04/12/2025,,Cancelled,7,2400,East,16800,November,,,1,0,0,0,0,,,
ORD-4522,VND-015,Office Supplies,30/11/2025,09/12/2025,08/12/2025,Delivered,113,50,South,5650,November,8,-1,0,0,0,1,113,,,
ORD-4523,VND-004,Furniture,30/11/2025,04/12/2025,02/12/2025,Delivered,1,3800,Central,3800,November,2,-2,0,0,0,1,1,,,
ORD-4524,VND-003,Electronics,30/11/2025,09/12/2025,10/12/2025,Delivered,5,1800,West,9000,November,10,1,0,1,0,0,5,,,
ORD-4525,VND-013,Apparel,30/11/2025,09/12/2025,,Cancelled,30,195,East,5850,November,,,1,0,0,0,0,,,
ORD-4526,VND-010,Office Supplies,30/11/2025,07/12/2025,,Cancelled,44,40,East,1760,November,,,1,0,0,0,0,,,
ORD-4527,VND-012,Electronics,30/11/2025,09/12/2025,12/12/2025,Delivered,1,1200,West,1200,November,12,3,0,1,0,0,1,,,
ORD-4528,VND-002,Electronics,30/11/2025,04/12/2025,05/12/2025,Delivered,4,8500,East,34000,November,5,1,0,1,0,0,4,,,
ORD-4529,VND-012,Office Supplies,30/11/2025,09/12/2025,08/12/2025,Delivered,76,25,South,1900,November,8,-1,0,0,0,1,76,,,
ORD-4530,VND-003,Office Supplies,30/11/2025,04/12/2025,04/12/2025,Delivered,96,45,South,4320,November,4,0,0,0,1,0,96,,,
ORD-4531,VND-011,Apparel,30/11/2025,04/12/2025,07/12/2025,Delivered,38,140,West,5320,November,7,3,0,1,0,0,38,,,
ORD-4532,VND-015,Apparel,30/11/2025,08/12/2025,10/12/2025,Delivered,53,220,International,11660,November,10,2,0,1,0,0,53,,,
ORD-4533,VND-015,Electronics,30/11/2025,04/12/2025,,Cancelled,9,1800,East,16200,November,,,1,0,0,0,0,,,
ORD-4534,VND-011,Electronics,30/11/2025,06/12/2025,04/12/2025,Delivered,2,2400,International,4800,November,4,-2,0,0,0,1,2,,,
ORD-4535,VND-014,Office Supplies,01/12/2025,07/12/2025,,In Transit,103,22,East,2266,December,,,1,0,0,0,0,,,
ORD-4536,VND-011,Electronics,01/12/2025,10/12/2025,09/12/2025,Delivered,3,1200,Central,3600,December,8,-1,0,0,0,1,3,,,
ORD-4537,VND-001,Electronics,01/12/2025,06/12/2025,06/12/2025,Delivered,5,2400,East,12000,December,5,0,0,0,1,0,5,,,
ORD-4538,VND-001,Office Supplies,01/12/2025,08/12/2025,,Cancelled,76,350,South,26600,December,,,1,0,0,0,0,,,
ORD-4539,VND-006,Electronics,01/12/2025,06/12/2025,08/12/2025,Delivered,8,29000,North,232000,December,7,2,0,1,0,0,8,,,
ORD-4540,VND-005,Electronics,01/12/2025,05/12/2025,,In Transit,2,8500,North,17000,December,,,1,0,0,0,0,,,
ORD-4541,VND-008,Furniture,01/12/2025,10/12/2025,,Cancelled,2,3800,North,7600,December,,,1,0,0,0,0,,,
ORD-4542,VND-002,Apparel,01/12/2025,08/12/2025,10/12/2025,Delivered,12,320,North,3840,December,9,2,0,1,0,0,12,,,
ORD-4543,VND-004,Office Supplies,01/12/2025,05/12/2025,07/12/2025,Delivered,28,15,International,420,December,6,2,0,1,0,0,28,,,
ORD-4544,VND-008,Furniture,01/12/2025,08/12/2025,08/12/2025,Delivered,1,16500,International,16500,December,7,0,0,0,1,0,1,,,
ORD-4545,VND-012,Apparel,02/12/2025,06/12/2025,08/12/2025,Delivered,51,220,East,11220,December,6,2,0,1,0,0,51,,,
ORD-4546,VND-006,Apparel,02/12/2025,11/12/2025,14/12/2025,Delivered,33,75,International,2475,December,12,3,0,1,0,0,33,,,
ORD-4547,VND-001,Apparel,02/12/2025,10/12/2025,11/12/2025,Delivered,11,90,East,990,December,9,1,0,1,0,0,11,,,
ORD-4548,VND-015,Furniture,02/12/2025,09/12/2025,12/12/2025,Delivered,3,18000,Central,54000,December,10,3,0,1,0,0,3,,,
ORD-4549,VND-004,Furniture,02/12/2025,11/12/2025,12/12/2025,Delivered,2,21000,East,42000,December,10,1,0,1,0,0,2,,,
ORD-4550,VND-001,Apparel,02/12/2025,08/12/2025,07/12/2025,Delivered,19,130,North,2470,December,5,-1,0,0,0,1,19,,,
ORD-4551,VND-013,Electronics,02/12/2025,10/12/2025,10/12/2025,Delivered,10,7200,West,72000,December,8,0,0,0,1,0,10,,,
ORD-4552,VND-002,Electronics,02/12/2025,10/12/2025,13/12/2025,Delivered,1,1200,West,1200,December,11,3,0,1,0,0,1,,,
ORD-4553,VND-005,Furniture,02/12/2025,08/12/2025,11/12/2025,Delivered,2,14000,South,28000,December,9,3,0,1,0,0,2,,,
ORD-4554,VND-014,Furniture,02/12/2025,11/12/2025,14/12/2025,Delivered,3,12000,South,36000,December,12,3,0,1,0,0,3,,,
ORD-4555,VND-008,Furniture,03/12/2025,07/12/2025,06/12/2025,Delivered,2,15000,East,30000,December,3,-1,0,0,0,1,2,,,
ORD-4556,VND-008,Apparel,03/12/2025,12/12/2025,14/12/2025,Delivered,6,180,West,1080,December,11,2,0,1,0,0,6,,,
ORD-4557,VND-011,Electronics,03/12/2025,10/12/2025,09/12/2025,Delivered,6,1100,North,6600,December,6,-1,0,0,0,1,6,,,
ORD-4558,VND-003,Furniture,03/12/2025,11/12/2025,,In Transit,2,4500,International,9000,December,,,1,0,0,0,0,,,
ORD-4559,VND-011,Furniture,03/12/2025,07/12/2025,10/12/2025,Delivered,3,15000,North,45000,December,7,3,0,1,0,0,3,,,
ORD-4560,VND-013,Office Supplies,03/12/2025,11/12/2025,13/12/2025,Delivered,23,30,North,690,December,10,2,0,1,0,0,23,,,
ORD-4561,VND-004,Apparel,03/12/2025,11/12/2025,,Cancelled,40,110,East,4400,December,,,1,0,0,0,0,,,
ORD-4562,VND-010,Office Supplies,03/12/2025,08/12/2025,,In Transit,98,12,East,1176,December,,,1,0,0,0,0,,,
ORD-4563,VND-011,Electronics,03/12/2025,12/12/2025,14/12/2025,Delivered,4,13500,Central,54000,December,11,2,0,1,0,0,4,,,
ORD-4564,VND-014,Office Supplies,04/12/2025,11/12/2025,14/12/2025,Delivered,106,50,North,5300,December,10,3,0,1,0,0,106,,,
ORD-4565,VND-006,Office Supplies,04/12/2025,10/12/2025,11/12/2025,Delivered,93,22,North,2046,December,7,1,0,1,0,0,93,,,
ORD-4566,VND-011,Office Supplies,04/12/2025,08/12/2025,07/12/2025,Delivered,42,150,East,6300,December,3,-1,0,0,0,1,42,,,
ORD-4567,VND-011,Apparel,04/12/2025,10/12/2025,,Cancelled,19,90,East,1710,December,,,1,0,0,0,0,,,
ORD-4568,VND-010,Electronics,04/12/2025,09/12/2025,08/12/2025,Delivered,8,45000,Central,360000,December,4,-1,0,0,0,1,8,,,
ORD-4569,VND-003,Office Supplies,04/12/2025,12/12/2025,,Cancelled,28,350,Central,9800,December,,,1,0,0,0,0,,,
ORD-4570,VND-002,Apparel,04/12/2025,11/12/2025,11/12/2025,Delivered,51,250,South,12750,December,7,0,0,0,1,0,51,,,
ORD-4571,VND-006,Electronics,04/12/2025,12/12/2025,,Cancelled,1,3000,West,3000,December,,,1,0,0,0,0,,,
ORD-4572,VND-011,Furniture,04/12/2025,10/12/2025,13/12/2025,Delivered,3,21000,North,63000,December,9,3,0,1,0,0,3,,,
ORD-4573,VND-013,Office Supplies,04/12/2025,13/12/2025,14/12/2025,Delivered,39,22,North,858,December,10,1,0,1,0,0,39,,,
ORD-4574,VND-015,Electronics,04/12/2025,12/12/2025,12/12/2025,Delivered,2,1800,Central,3600,December,8,0,0,0,1,0,2,,,
ORD-4575,VND-005,Office Supplies,04/12/2025,13/12/2025,15/12/2025,Delivered,69,95,Central,6555,December,11,2,0,1,0,0,69,,,
ORD-4576,VND-014,Furniture,04/12/2025,09/12/2025,12/12/2025,Delivered,1,12000,South,12000,December,8,3,0,1,0,0,1,,,
ORD-4577,VND-010,Electronics,04/12/2025,08/12/2025,,In Transit,3,3000,West,9000,December,,,1,0,0,0,0,,,
ORD-4578,VND-005,Apparel,04/12/2025,10/12/2025,13/12/2025,Delivered,14,90,South,1260,December,9,3,0,1,0,0,14,,,
ORD-4579,VND-010,Electronics,05/12/2025,12/12/2025,,In Transit,8,1800,West,14400,December,,,1,0,0,0,0,,,
ORD-4580,VND-013,Apparel,05/12/2025,11/12/2025,09/12/2025,Delivered,23,250,International,5750,December,4,-2,0,0,0,1,23,,,
ORD-4581,VND-005,Electronics,05/12/2025,11/12/2025,11/12/2025,Delivered,8,13500,North,108000,December,6,0,0,0,1,0,8,,,
ORD-4582,VND-010,Apparel,05/12/2025,14/12/2025,,Cancelled,49,220,South,10780,December,,,1,0,0,0,0,,,
ORD-4583,VND-012,Furniture,05/12/2025,11/12/2025,12/12/2025,Delivered,3,12000,Central,36000,December,7,1,0,1,0,0,3,,,
ORD-4584,VND-005,Furniture,05/12/2025,09/12/2025,12/12/2025,Delivered,2,4500,South,9000,December,7,3,0,1,0,0,2,,,
ORD-4585,VND-003,Furniture,05/12/2025,09/12/2025,10/12/2025,Delivered,3,16500,International,49500,December,5,1,0,1,0,0,3,,,
ORD-4586,VND-007,Electronics,05/12/2025,11/12/2025,11/12/2025,Delivered,10,1800,South,18000,December,6,0,0,0,1,0,10,,,
ORD-4587,VND-006,Furniture,05/12/2025,14/12/2025,,Cancelled,2,12000,North,24000,December,,,1,0,0,0,0,,,
ORD-4588,VND-004,Office Supplies,05/12/2025,09/12/2025,09/12/2025,Delivered,68,22,International,1496,December,4,0,0,0,1,0,68,,,
ORD-4589,VND-002,Furniture,05/12/2025,10/12/2025,10/12/2025,Delivered,1,14000,Central,14000,December,5,0,0,0,1,0,1,,,
ORD-4590,VND-012,Apparel,05/12/2025,11/12/2025,,In Transit,12,130,Central,1560,December,,,1,0,0,0,0,,,
ORD-4591,VND-009,Apparel,05/12/2025,13/12/2025,11/12/2025,Delivered,17,320,East,5440,December,6,-2,0,0,0,1,17,,,
ORD-4592,VND-001,Apparel,05/12/2025,09/12/2025,08/12/2025,Delivered,39,130,International,5070,December,3,-1,0,0,0,1,39,,,
ORD-4593,VND-013,Electronics,05/12/2025,10/12/2025,,Cancelled,6,1800,East,10800,December,,,1,0,0,0,0,,,
ORD-4594,VND-013,Office Supplies,05/12/2025,10/12/2025,08/12/2025,Delivered,50,22,East,1100,December,3,-2,0,0,0,1,50,,,
ORD-4595,VND-011,Furniture,05/12/2025,13/12/2025,,In Transit,3,4500,North,13500,December,,,1,0,0,0,0,,,
ORD-4596,VND-015,Office Supplies,05/12/2025,13/12/2025,14/12/2025,Delivered,22,12,South,264,December,9,1,0,1,0,0,22,,,
ORD-4597,VND-014,Office Supplies,05/12/2025,09/12/2025,,In Transit,41,40,Central,1640,December,,,1,0,0,0,0,,,
ORD-4598,VND-004,Apparel,05/12/2025,12/12/2025,,Cancelled,30,110,Central,3300,December,,,1,0,0,0,0,,,
ORD-4599,VND-001,Apparel,05/12/2025,11/12/2025,10/12/2025,Delivered,52,195,South,10140,December,5,-1,0,0,0,1,52,,,
ORD-4600,VND-013,Apparel,05/12/2025,12/12/2025,15/12/2025,Delivered,38,90,Central,3420,December,10,3,0,1,0,0,38,,,
ORD-4601,VND-006,Electronics,06/12/2025,13/12/2025,11/12/2025,Delivered,2,29000,South,58000,December,5,-2,0,0,0,1,2,,,
ORD-4602,VND-004,Office Supplies,06/12/2025,11/12/2025,10/12/2025,Delivered,49,30,International,1470,December,4,-1,0,0,0,1,49,,,
ORD-4603,VND-005,Office Supplies,06/12/2025,14/12/2025,15/12/2025,Delivered,63,350,North,22050,December,9,1,0,1,0,0,63,,,
ORD-4604,VND-005,Electronics,06/12/2025,14/12/2025,15/12/2025,Delivered,5,1200,North,6000,December,9,1,0,1,0,0,5,,,
ORD-4605,VND-009,Electronics,06/12/2025,10/12/2025,08/12/2025,Delivered,4,1100,North,4400,December,2,-2,0,0,0,1,4,,,
ORD-4606,VND-001,Electronics,06/12/2025,12/12/2025,,Cancelled,2,2400,South,4800,December,,,1,0,0,0,0,,,
ORD-4607,VND-013,Office Supplies,06/12/2025,13/12/2025,14/12/2025,Delivered,77,22,South,1694,December,8,1,0,1,0,0,77,,,
ORD-4608,VND-002,Office Supplies,06/12/2025,11/12/2025,10/12/2025,Delivered,27,500,West,13500,December,4,-1,0,0,0,1,27,,,
ORD-4609,VND-013,Apparel,06/12/2025,14/12/2025,14/12/2025,Delivered,31,220,Central,6820,December,8,0,0,0,1,0,31,,,
ORD-4610,VND-006,Apparel,06/12/2025,10/12/2025,11/12/2025,Delivered,36,220,Central,7920,December,5,1,0,1,0,0,36,,,
ORD-4611,VND-005,Office Supplies,06/12/2025,14/12/2025,14/12/2025,Delivered,89,50,West,4450,December,8,0,0,0,1,0,89,,,
ORD-4612,VND-011,Apparel,06/12/2025,11/12/2025,11/12/2025,Delivered,16,220,West,3520,December,5,0,0,0,1,0,16,,,
ORD-4613,VND-007,Electronics,06/12/2025,14/12/2025,,Cancelled,8,7200,North,57600,December,,,1,0,0,0,0,,,
ORD-4614,VND-003,Furniture,06/12/2025,10/12/2025,,Cancelled,1,6500,West,6500,December,,,1,0,0,0,0,,,
ORD-4615,VND-003,Apparel,06/12/2025,11/12/2025,14/12/2025,Delivered,42,195,South,8190,December,8,3,0,1,0,0,42,,,
ORD-4616,VND-010,Office Supplies,06/12/2025,11/12/2025,09/12/2025,Delivered,15,40,East,600,December,3,-2,0,0,0,1,15,,,
ORD-4617,VND-002,Apparel,06/12/2025,11/12/2025,13/12/2025,Delivered,18,250,South,4500,December,7,2,0,1,0,0,18,,,
ORD-4618,VND-013,Apparel,06/12/2025,11/12/2025,12/12/2025,Delivered,35,180,West,6300,December,6,1,0,1,0,0,35,,,
ORD-4619,VND-003,Apparel,06/12/2025,12/12/2025,14/12/2025,Delivered,20,90,Central,1800,December,8,2,0,1,0,0,20,,,
ORD-4620,VND-010,Furniture,06/12/2025,10/12/2025,12/12/2025,Delivered,2,8000,South,16000,December,6,2,0,1,0,0,2,,,
ORD-4621,VND-001,Electronics,06/12/2025,13/12/2025,12/12/2025,Delivered,2,7200,Central,14400,December,6,-1,0,0,0,1,2,,,
ORD-4622,VND-005,Office Supplies,06/12/2025,11/12/2025,,In Transit,26,500,South,13000,December,,,1,0,0,0,0,,,
ORD-4623,VND-014,Furniture,07/12/2025,16/12/2025,18/12/2025,Delivered,1,14000,Central,14000,December,11,2,0,1,0,0,1,,,
ORD-4624,VND-015,Office Supplies,07/12/2025,12/12/2025,11/12/2025,Delivered,98,50,International,4900,December,4,-1,0,0,0,1,98,,,
ORD-4625,VND-012,Office Supplies,07/12/2025,14/12/2025,12/12/2025,Delivered,84,50,South,4200,December,5,-2,0,0,0,1,84,,,
ORD-4626,VND-005,Office Supplies,07/12/2025,16/12/2025,,Cancelled,44,15,Central,660,December,,,1,0,0,0,0,,,
ORD-4627,VND-012,Furniture,07/12/2025,16/12/2025,,Cancelled,3,18000,East,54000,December,,,1,0,0,0,0,,,
ORD-4628,VND-011,Electronics,07/12/2025,16/12/2025,16/12/2025,Delivered,7,45000,North,315000,December,9,0,0,0,1,0,7,,,
ORD-4629,VND-007,Office Supplies,07/12/2025,15/12/2025,13/12/2025,Delivered,52,45,South,2340,December,6,-2,0,0,0,1,52,,,
ORD-4630,VND-004,Electronics,07/12/2025,13/12/2025,11/12/2025,Delivered,8,3000,East,24000,December,4,-2,0,0,0,1,8,,,
ORD-4631,VND-003,Electronics,07/12/2025,15/12/2025,18/12/2025,Delivered,1,29000,North,29000,December,11,3,0,1,0,0,1,,,
ORD-4632,VND-001,Apparel,07/12/2025,14/12/2025,15/12/2025,Delivered,33,90,South,2970,December,8,1,0,1,0,0,33,,,
ORD-4633,VND-012,Furniture,07/12/2025,14/12/2025,12/12/2025,Delivered,3,18000,East,54000,December,5,-2,0,0,0,1,3,,,
ORD-4634,VND-015,Furniture,07/12/2025,15/12/2025,14/12/2025,Delivered,3,14000,East,42000,December,7,-1,0,0,0,1,3,,,
ORD-4635,VND-008,Apparel,07/12/2025,12/12/2025,13/12/2025,Delivered,33,110,International,3630,December,6,1,0,1,0,0,33,,,
ORD-4636,VND-013,Apparel,07/12/2025,11/12/2025,10/12/2025,Delivered,6,130,East,780,December,3,-1,0,0,0,1,6,,,
ORD-4637,VND-003,Electronics,07/12/2025,11/12/2025,,Cancelled,6,7200,International,43200,December,,,1,0,0,0,0,,,
ORD-4638,VND-013,Office Supplies,07/12/2025,15/12/2025,16/12/2025,Delivered,47,12,West,564,December,9,1,0,1,0,0,47,,,
ORD-4639,VND-015,Furniture,08/12/2025,14/12/2025,15/12/2025,Delivered,1,4500,Central,4500,December,7,1,0,1,0,0,1,,,
ORD-4640,VND-002,Office Supplies,08/12/2025,14/12/2025,13/12/2025,Delivered,65,150,North,9750,December,5,-1,0,0,0,1,65,,,
ORD-4641,VND-011,Office Supplies,08/12/2025,17/12/2025,17/12/2025,Delivered,12,80,Central,960,December,9,0,0,0,1,0,12,,,
ORD-4642,VND-004,Apparel,08/12/2025,17/12/2025,15/12/2025,Delivered,45,90,Central,4050,December,7,-2,0,0,0,1,45,,,
ORD-4643,VND-003,Office Supplies,08/12/2025,17/12/2025,17/12/2025,Delivered,79,12,International,948,December,9,0,0,0,1,0,79,,,
ORD-4644,VND-013,Electronics,08/12/2025,13/12/2025,12/12/2025,Delivered,8,3100,Central,24800,December,4,-1,0,0,0,1,8,,,
ORD-4645,VND-001,Apparel,08/12/2025,15/12/2025,14/12/2025,Delivered,15,75,East,1125,December,6,-1,0,0,0,1,15,,,
ORD-4646,VND-003,Office Supplies,08/12/2025,12/12/2025,12/12/2025,Delivered,102,150,International,15300,December,4,0,0,0,1,0,102,,,
ORD-4647,VND-012,Apparel,08/12/2025,16/12/2025,15/12/2025,Delivered,51,250,Central,12750,December,7,-1,0,0,0,1,51,,,
ORD-4648,VND-002,Electronics,08/12/2025,17/12/2025,17/12/2025,Delivered,8,3000,International,24000,December,9,0,0,0,1,0,8,,,
ORD-4649,VND-008,Electronics,08/12/2025,15/12/2025,17/12/2025,Delivered,10,3000,West,30000,December,9,2,0,1,0,0,10,,,
ORD-4650,VND-006,Office Supplies,08/12/2025,15/12/2025,13/12/2025,Delivered,38,150,International,5700,December,5,-2,0,0,0,1,38,,,
ORD-4651,VND-009,Apparel,08/12/2025,15/12/2025,15/12/2025,Delivered,11,130,South,1430,December,7,0,0,0,1,0,11,,,
ORD-4652,VND-008,Office Supplies,08/12/2025,16/12/2025,17/12/2025,Delivered,16,40,East,640,December,9,1,0,1,0,0,16,,,
ORD-4653,VND-010,Office Supplies,09/12/2025,16/12/2025,19/12/2025,Delivered,106,95,North,10070,December,10,3,0,1,0,0,106,,,
ORD-4654,VND-003,Apparel,09/12/2025,18/12/2025,,Cancelled,31,320,South,9920,December,,,1,0,0,0,0,,,
ORD-4655,VND-005,Office Supplies,09/12/2025,13/12/2025,,Cancelled,96,95,South,9120,December,,,1,0,0,0,0,,,
ORD-4656,VND-007,Electronics,09/12/2025,15/12/2025,16/12/2025,Delivered,10,1200,South,12000,December,7,1,0,1,0,0,10,,,
ORD-4657,VND-005,Apparel,09/12/2025,15/12/2025,,In Transit,37,250,Central,9250,December,,,1,0,0,0,0,,,
ORD-4658,VND-008,Apparel,09/12/2025,14/12/2025,12/12/2025,Delivered,6,180,International,1080,December,3,-2,0,0,0,1,6,,,
ORD-4659,VND-012,Apparel,09/12/2025,18/12/2025,,Cancelled,9,60,International,540,December,,,1,0,0,0,0,,,
ORD-4660,VND-005,Apparel,09/12/2025,13/12/2025,11/12/2025,Delivered,27,75,Central,2025,December,2,-2,0,0,0,1,27,,,
ORD-4661,VND-001,Office Supplies,09/12/2025,15/12/2025,18/12/2025,Delivered,37,12,East,444,December,9,3,0,1,0,0,37,,,
ORD-4662,VND-005,Office Supplies,09/12/2025,18/12/2025,19/12/2025,Delivered,50,22,Central,1100,December,10,1,0,1,0,0,50,,,
ORD-4663,VND-004,Electronics,09/12/2025,16/12/2025,16/12/2025,Delivered,2,2400,Central,4800,December,7,0,0,0,1,0,2,,,
ORD-4664,VND-006,Furniture,09/12/2025,15/12/2025,14/12/2025,Delivered,2,3800,Central,7600,December,5,-1,0,0,0,1,2,,,
ORD-4665,VND-003,Furniture,09/12/2025,17/12/2025,,Cancelled,3,6500,East,19500,December,,,1,0,0,0,0,,,
ORD-4666,VND-015,Electronics,09/12/2025,17/12/2025,15/12/2025,Delivered,10,5000,East,50000,December,6,-2,0,0,0,1,10,,,
ORD-4667,VND-011,Furniture,09/12/2025,16/12/2025,19/12/2025,Delivered,1,21000,West,21000,December,10,3,0,1,0,0,1,,,
ORD-4668,VND-005,Electronics,09/12/2025,13/12/2025,,In Transit,6,3100,West,18600,December,,,1,0,0,0,0,,,
ORD-4669,VND-002,Office Supplies,09/12/2025,18/12/2025,19/12/2025,Delivered,30,45,West,1350,December,10,1,0,1,0,0,30,,,
ORD-4670,VND-011,Apparel,09/12/2025,16/12/2025,15/12/2025,Delivered,39,75,West,2925,December,6,-1,0,0,0,1,39,,,
ORD-4671,VND-006,Apparel,09/12/2025,15/12/2025,15/12/2025,Delivered,14,180,International,2520,December,6,0,0,0,1,0,14,,,
ORD-4672,VND-013,Office Supplies,10/12/2025,16/12/2025,18/12/2025,Delivered,55,150,South,8250,December,8,2,0,1,0,0,55,,,
ORD-4673,VND-015,Apparel,10/12/2025,16/12/2025,18/12/2025,Delivered,33,140,South,4620,December,8,2,0,1,0,0,33,,,
ORD-4674,VND-012,Apparel,10/12/2025,19/12/2025,17/12/2025,Delivered,30,110,West,3300,December,7,-2,0,0,0,1,30,,,
ORD-4675,VND-006,Furniture,10/12/2025,18/12/2025,19/12/2025,Delivered,2,15000,West,30000,December,9,1,0,1,0,0,2,,,
ORD-4676,VND-005,Office Supplies,10/12/2025,15/12/2025,14/12/2025,Delivered,13,45,North,585,December,4,-1,0,0,0,1,13,,,
ORD-4677,VND-006,Furniture,10/12/2025,17/12/2025,,Cancelled,1,21000,South,21000,December,,,1,0,0,0,0,,,
ORD-4678,VND-011,Furniture,10/12/2025,19/12/2025,17/12/2025,Delivered,2,9500,North,19000,December,7,-2,0,0,0,1,2,,,
ORD-4679,VND-007,Apparel,10/12/2025,15/12/2025,16/12/2025,Delivered,18,60,North,1080,December,6,1,0,1,0,0,18,,,
ORD-4680,VND-012,Apparel,10/12/2025,15/12/2025,17/12/2025,Delivered,23,130,Central,2990,December,7,2,0,1,0,0,23,,,
ORD-4681,VND-005,Office Supplies,10/12/2025,19/12/2025,18/12/2025,Delivered,89,22,International,1958,December,8,-1,0,0,0,1,89,,,
ORD-4682,VND-001,Apparel,10/12/2025,19/12/2025,22/12/2025,Delivered,41,130,East,5330,December,12,3,0,1,0,0,41,,,
ORD-4683,VND-008,Apparel,10/12/2025,18/12/2025,21/12/2025,Delivered,19,130,South,2470,December,11,3,0,1,0,0,19,,,
ORD-4684,VND-004,Office Supplies,10/12/2025,18/12/2025,17/12/2025,Delivered,47,50,West,2350,December,7,-1,0,0,0,1,47,,,
ORD-4685,VND-009,Apparel,10/12/2025,15/12/2025,18/12/2025,Delivered,10,130,West,1300,December,8,3,0,1,0,0,10,,,
ORD-4686,VND-014,Furniture,10/12/2025,18/12/2025,17/12/2025,Delivered,2,7000,East,14000,December,7,-1,0,0,0,1,2,,,
ORD-4687,VND-010,Office Supplies,10/12/2025,19/12/2025,17/12/2025,Delivered,8,500,South,4000,December,7,-2,0,0,0,1,8,,,
ORD-4688,VND-012,Apparel,11/12/2025,17/12/2025,17/12/2025,Delivered,52,45,West,2340,December,6,0,0,0,1,0,52,,,
ORD-4689,VND-006,Electronics,11/12/2025,18/12/2025,21/12/2025,Delivered,1,5000,West,5000,December,10,3,0,1,0,0,1,,,
ORD-4690,VND-001,Office Supplies,11/12/2025,17/12/2025,15/12/2025,Delivered,23,12,Central,276,December,4,-2,0,0,0,1,23,,,
ORD-4691,VND-003,Office Supplies,11/12/2025,20/12/2025,20/12/2025,Delivered,109,15,North,1635,December,9,0,0,0,1,0,109,,,
ORD-4692,VND-003,Electronics,11/12/2025,17/12/2025,,In Transit,6,3100,West,18600,December,,,1,0,0,0,0,,,
ORD-4693,VND-010,Apparel,11/12/2025,15/12/2025,17/12/2025,Delivered,39,180,International,7020,December,6,2,0,1,0,0,39,,,
ORD-4694,VND-012,Apparel,11/12/2025,17/12/2025,18/12/2025,Delivered,31,90,South,2790,December,7,1,0,1,0,0,31,,,
ORD-4695,VND-012,Office Supplies,11/12/2025,17/12/2025,17/12/2025,Delivered,11,12,International,132,December,6,0,0,0,1,0,11,,,
ORD-4696,VND-004,Office Supplies,11/12/2025,15/12/2025,13/12/2025,Delivered,76,50,East,3800,December,2,-2,0,0,0,1,76,,,
ORD-4697,VND-006,Apparel,11/12/2025,20/12/2025,21/12/2025,Delivered,35,195,Central,6825,December,10,1,0,1,0,0,35,,,
ORD-4698,VND-015,Apparel,11/12/2025,16/12/2025,14/12/2025,Delivered,16,250,South,4000,December,3,-2,0,0,0,1,16,,,
ORD-4699,VND-007,Furniture,11/12/2025,16/12/2025,17/12/2025,Delivered,1,14000,Central,14000,December,6,1,0,1,0,0,1,,,
ORD-4700,VND-010,Office Supplies,11/12/2025,17/12/2025,20/12/2025,Delivered,70,40,North,2800,December,9,3,0,1,0,0,70,,,
ORD-4701,VND-004,Office Supplies,12/12/2025,18/12/2025,21/12/2025,Delivered,37,15,West,555,December,9,3,0,1,0,0,37,,,
ORD-4702,VND-006,Electronics,12/12/2025,17/12/2025,18/12/2025,Delivered,8,1800,South,14400,December,6,1,0,1,0,0,8,,,
ORD-4703,VND-011,Furniture,12/12/2025,19/12/2025,17/12/2025,Delivered,2,16500,East,33000,December,5,-2,0,0,0,1,2,,,
ORD-4704,VND-001,Apparel,12/12/2025,17/12/2025,,In Transit,11,320,North,3520,December,,,1,0,0,0,0,,,
ORD-4705,VND-014,Furniture,12/12/2025,21/12/2025,19/12/2025,Delivered,2,8000,North,16000,December,7,-2,0,0,0,1,2,,,
ORD-4706,VND-008,Apparel,12/12/2025,17/12/2025,,Cancelled,40,60,Central,2400,December,,,1,0,0,0,0,,,
ORD-4707,VND-007,Apparel,12/12/2025,16/12/2025,,Cancelled,18,140,North,2520,December,,,1,0,0,0,0,,,
ORD-4708,VND-015,Furniture,12/12/2025,16/12/2025,,Cancelled,3,7000,South,21000,December,,,1,0,0,0,0,,,
ORD-4709,VND-011,Office Supplies,12/12/2025,19/12/2025,,In Transit,21,25,Central,525,December,,,1,0,0,0,0,,,
ORD-4710,VND-011,Apparel,12/12/2025,19/12/2025,19/12/2025,Delivered,26,320,North,8320,December,7,0,0,0,1,0,26,,,
ORD-4711,VND-009,Furniture,13/12/2025,19/12/2025,20/12/2025,Delivered,3,21000,East,63000,December,7,1,0,1,0,0,3,,,
ORD-4712,VND-003,Electronics,13/12/2025,20/12/2025,18/12/2025,Delivered,2,2400,International,4800,December,5,-2,0,0,0,1,2,,,
ORD-4713,VND-002,Furniture,13/12/2025,19/12/2025,20/12/2025,Delivered,3,7000,South,21000,December,7,1,0,1,0,0,3,,,
ORD-4714,VND-001,Electronics,13/12/2025,18/12/2025,,In Transit,4,5000,East,20000,December,,,1,0,0,0,0,,,
ORD-4715,VND-003,Apparel,13/12/2025,18/12/2025,,Cancelled,11,140,East,1540,December,,,1,0,0,0,0,,,
ORD-4716,VND-005,Furniture,13/12/2025,19/12/2025,18/12/2025,Delivered,2,8000,Central,16000,December,5,-1,0,0,0,1,2,,,
ORD-4717,VND-014,Furniture,13/12/2025,22/12/2025,20/12/2025,Delivered,2,4500,West,9000,December,7,-2,0,0,0,1,2,,,
ORD-4718,VND-011,Electronics,13/12/2025,19/12/2025,22/12/2025,Delivered,5,45000,Central,225000,December,9,3,0,1,0,0,5,,,
ORD-4719,VND-002,Furniture,13/12/2025,20/12/2025,23/12/2025,Delivered,2,6500,South,13000,December,10,3,0,1,0,0,2,,,
ORD-4720,VND-012,Furniture,13/12/2025,18/12/2025,16/12/2025,Delivered,2,8000,South,16000,December,3,-2,0,0,0,1,2,,,
ORD-4721,VND-003,Apparel,13/12/2025,20/12/2025,22/12/2025,Delivered,24,220,Central,5280,December,9,2,0,1,0,0,24,,,
ORD-4722,VND-015,Furniture,13/12/2025,17/12/2025,,In Transit,1,18000,West,18000,December,,,1,0,0,0,0,,,
ORD-4723,VND-015,Office Supplies,14/12/2025,19/12/2025,17/12/2025,Delivered,39,500,Central,19500,December,3,-2,0,0,0,1,39,,,
ORD-4724,VND-015,Electronics,14/12/2025,22/12/2025,,Cancelled,8,45000,South,360000,December,,,1,0,0,0,0,,,
ORD-4725,VND-004,Furniture,14/12/2025,22/12/2025,20/12/2025,Delivered,3,18000,West,54000,December,6,-2,0,0,0,1,3,,,
ORD-4726,VND-007,Electronics,14/12/2025,21/12/2025,,In Transit,1,8500,South,8500,December,,,1,0,0,0,0,,,
ORD-4727,VND-013,Electronics,14/12/2025,23/12/2025,24/12/2025,Delivered,9,3100,West,27900,December,10,1,0,1,0,0,9,,,
ORD-4728,VND-003,Electronics,14/12/2025,22/12/2025,,In Transit,7,1800,West,12600,December,,,1,0,0,0,0,,,
ORD-4729,VND-015,Furniture,14/12/2025,20/12/2025,20/12/2025,Delivered,1,12000,Central,12000,December,6,0,0,0,1,0,1,,,
ORD-4730,VND-009,Furniture,14/12/2025,21/12/2025,21/12/2025,Delivered,1,21000,Central,21000,December,7,0,0,0,1,0,1,,,
ORD-4731,VND-008,Electronics,14/12/2025,21/12/2025,20/12/2025,Delivered,1,3000,Central,3000,December,6,-1,0,0,0,1,1,,,
ORD-4732,VND-004,Office Supplies,14/12/2025,21/12/2025,,Cancelled,80,40,West,3200,December,,,1,0,0,0,0,,,
ORD-4733,VND-013,Electronics,14/12/2025,19/12/2025,22/12/2025,Delivered,1,45000,West,45000,December,8,3,0,1,0,0,1,,,
ORD-4734,VND-001,Office Supplies,15/12/2025,23/12/2025,23/12/2025,Delivered,60,45,South,2700,December,8,0,0,0,1,0,60,,,
ORD-4735,VND-001,Electronics,15/12/2025,24/12/2025,27/12/2025,Delivered,8,45000,East,360000,December,12,3,0,1,0,0,8,,,
ORD-4736,VND-001,Apparel,15/12/2025,23/12/2025,21/12/2025,Delivered,38,140,Central,5320,December,6,-2,0,0,0,1,38,,,
ORD-4737,VND-001,Electronics,15/12/2025,19/12/2025,,In Transit,10,3000,International,30000,December,,,1,0,0,0,0,,,
ORD-4738,VND-008,Electronics,15/12/2025,24/12/2025,27/12/2025,Delivered,9,1800,South,16200,December,12,3,0,1,0,0,9,,,
ORD-4739,VND-003,Furniture,15/12/2025,23/12/2025,24/12/2025,Delivered,1,7000,South,7000,December,9,1,0,1,0,0,1,,,
ORD-4740,VND-015,Office Supplies,15/12/2025,22/12/2025,,Cancelled,14,12,North,168,December,,,1,0,0,0,0,,,
ORD-4741,VND-006,Apparel,15/12/2025,21/12/2025,,In Transit,6,110,Central,660,December,,,1,0,0,0,0,,,
ORD-4742,VND-003,Office Supplies,15/12/2025,23/12/2025,,In Transit,24,150,South,3600,December,,,1,0,0,0,0,,,
ORD-4743,VND-011,Apparel,15/12/2025,19/12/2025,21/12/2025,Delivered,16,75,North,1200,December,6,2,0,1,0,0,16,,,
ORD-4744,VND-005,Electronics,15/12/2025,23/12/2025,23/12/2025,Delivered,5,3000,International,15000,December,8,0,0,0,1,0,5,,,
ORD-4745,VND-013,Furniture,15/12/2025,22/12/2025,25/12/2025,Delivered,2,4500,International,9000,December,10,3,0,1,0,0,2,,,
ORD-4746,VND-015,Furniture,15/12/2025,19/12/2025,19/12/2025,Delivered,1,15000,Central,15000,December,4,0,0,0,1,0,1,,,
ORD-4747,VND-014,Office Supplies,16/12/2025,20/12/2025,18/12/2025,Delivered,28,95,West,2660,December,2,-2,0,0,0,1,28,,,
ORD-4748,VND-013,Furniture,16/12/2025,23/12/2025,26/12/2025,Delivered,2,4500,North,9000,December,10,3,0,1,0,0,2,,,
ORD-4749,VND-015,Office Supplies,16/12/2025,25/12/2025,26/12/2025,Delivered,30,30,West,900,December,10,1,0,1,0,0,30,,,
ORD-4750,VND-007,Office Supplies,16/12/2025,22/12/2025,21/12/2025,Delivered,62,45,International,2790,December,5,-1,0,0,0,1,62,,,
ORD-4751,VND-002,Apparel,16/12/2025,22/12/2025,,In Transit,30,110,International,3300,December,,,1,0,0,0,0,,,
ORD-4752,VND-006,Office Supplies,16/12/2025,22/12/2025,21/12/2025,Delivered,73,40,East,2920,December,5,-1,0,0,0,1,73,,,
ORD-4753,VND-013,Apparel,16/12/2025,20/12/2025,22/12/2025,Delivered,11,180,East,1980,December,6,2,0,1,0,0,11,,,
ORD-4754,VND-006,Furniture,16/12/2025,21/12/2025,,Cancelled,3,16500,East,49500,December,,,1,0,0,0,0,,,
ORD-4755,VND-011,Office Supplies,16/12/2025,24/12/2025,22/12/2025,Delivered,94,500,East,47000,December,6,-2,0,0,0,1,94,,,
ORD-4756,VND-003,Office Supplies,16/12/2025,21/12/2025,22/12/2025,Delivered,36,50,South,1800,December,6,1,0,1,0,0,36,,,
ORD-4757,VND-006,Electronics,16/12/2025,22/12/2025,,Cancelled,8,1200,East,9600,December,,,1,0,0,0,0,,,
ORD-4758,VND-010,Office Supplies,16/12/2025,21/12/2025,,Cancelled,9,40,South,360,December,,,1,0,0,0,0,,,
ORD-4759,VND-010,Office Supplies,17/12/2025,22/12/2025,20/12/2025,Delivered,54,95,South,5130,December,3,-2,0,0,0,1,54,,,
ORD-4760,VND-014,Electronics,17/12/2025,24/12/2025,23/12/2025,Delivered,10,1800,Central,18000,December,6,-1,0,0,0,1,10,,,
ORD-4761,VND-005,Electronics,17/12/2025,24/12/2025,26/12/2025,Delivered,1,8500,South,8500,December,9,2,0,1,0,0,1,,,
ORD-4762,VND-012,Furniture,17/12/2025,22/12/2025,23/12/2025,Delivered,2,6500,South,13000,December,6,1,0,1,0,0,2,,,
ORD-4763,VND-002,Office Supplies,17/12/2025,23/12/2025,21/12/2025,Delivered,24,30,East,720,December,4,-2,0,0,0,1,24,,,
ORD-4764,VND-009,Furniture,17/12/2025,26/12/2025,27/12/2025,Delivered,2,3800,South,7600,December,10,1,0,1,0,0,2,,,
ORD-4765,VND-008,Furniture,17/12/2025,21/12/2025,24/12/2025,Delivered,3,12000,West,36000,December,7,3,0,1,0,0,3,,,
ORD-4766,VND-003,Electronics,17/12/2025,22/12/2025,21/12/2025,Delivered,1,13500,East,13500,December,4,-1,0,0,0,1,1,,,
ORD-4767,VND-008,Apparel,17/12/2025,25/12/2025,23/12/2025,Delivered,16,195,North,3120,December,6,-2,0,0,0,1,16,,,
ORD-4768,VND-014,Furniture,17/12/2025,23/12/2025,23/12/2025,Delivered,2,4500,East,9000,December,6,0,0,0,1,0,2,,,
ORD-4769,VND-009,Apparel,17/12/2025,24/12/2025,24/12/2025,Delivered,23,140,South,3220,December,7,0,0,0,1,0,23,,,
ORD-4770,VND-014,Office Supplies,17/12/2025,26/12/2025,24/12/2025,Delivered,10,350,West,3500,December,7,-2,0,0,0,1,10,,,
ORD-4771,VND-015,Electronics,17/12/2025,22/12/2025,20/12/2025,Delivered,3,3000,East,9000,December,3,-2,0,0,0,1,3,,,
ORD-4772,VND-003,Office Supplies,17/12/2025,21/12/2025,20/12/2025,Delivered,42,18,West,756,December,3,-1,0,0,0,1,42,,,
ORD-4773,VND-003,Office Supplies,17/12/2025,26/12/2025,24/12/2025,Delivered,34,25,North,850,December,7,-2,0,0,0,1,34,,,
ORD-4774,VND-002,Electronics,17/12/2025,23/12/2025,24/12/2025,Delivered,5,45000,International,225000,December,7,1,0,1,0,0,5,,,
ORD-4775,VND-008,Office Supplies,17/12/2025,24/12/2025,22/12/2025,Delivered,32,12,North,384,December,5,-2,0,0,0,1,32,,,
ORD-4776,VND-010,Electronics,17/12/2025,26/12/2025,25/12/2025,Delivered,1,29000,International,29000,December,8,-1,0,0,0,1,1,,,
ORD-4777,VND-001,Apparel,17/12/2025,25/12/2025,28/12/2025,Delivered,34,195,Central,6630,December,11,3,0,1,0,0,34,,,
ORD-4778,VND-008,Office Supplies,17/12/2025,21/12/2025,19/12/2025,Delivered,11,15,International,165,December,2,-2,0,0,0,1,11,,,
ORD-4779,VND-007,Electronics,18/12/2025,26/12/2025,27/12/2025,Delivered,9,3100,Central,27900,December,9,1,0,1,0,0,9,,,
ORD-4780,VND-014,Furniture,18/12/2025,27/12/2025,28/12/2025,Delivered,3,15000,East,45000,December,10,1,0,1,0,0,3,,,
ORD-4781,VND-007,Office Supplies,18/12/2025,26/12/2025,25/12/2025,Delivered,108,22,Central,2376,December,7,-1,0,0,0,1,108,,,
ORD-4782,VND-003,Apparel,18/12/2025,22/12/2025,22/12/2025,Delivered,9,180,West,1620,December,4,0,0,0,1,0,9,,,
ORD-4783,VND-001,Electronics,18/12/2025,25/12/2025,26/12/2025,Delivered,8,1200,Central,9600,December,8,1,0,1,0,0,8,,,
ORD-4784,VND-004,Office Supplies,18/12/2025,27/12/2025,,Cancelled,52,25,West,1300,December,,,1,0,0,0,0,,,
ORD-4785,VND-009,Office Supplies,18/12/2025,25/12/2025,24/12/2025,Delivered,65,45,International,2925,December,6,-1,0,0,0,1,65,,,
ORD-4786,VND-005,Office Supplies,18/12/2025,26/12/2025,25/12/2025,Delivered,90,40,International,3600,December,7,-1,0,0,0,1,90,,,
ORD-4787,VND-001,Apparel,19/12/2025,26/12/2025,,Cancelled,39,130,International,5070,December,,,1,0,0,0,0,,,
ORD-4788,VND-015,Electronics,19/12/2025,28/12/2025,,In Transit,2,3100,Central,6200,December,,,1,0,0,0,0,,,
ORD-4789,VND-005,Furniture,19/12/2025,23/12/2025,24/12/2025,Delivered,2,14000,International,28000,December,5,1,0,1,0,0,2,,,
ORD-4790,VND-013,Furniture,19/12/2025,23/12/2025,26/12/2025,Delivered,1,3800,Central,3800,December,7,3,0,1,0,0,1,,,
ORD-4791,VND-008,Furniture,19/12/2025,23/12/2025,24/12/2025,Delivered,3,14000,Central,42000,December,5,1,0,1,0,0,3,,,
ORD-4792,VND-008,Electronics,19/12/2025,26/12/2025,24/12/2025,Delivered,9,1100,South,9900,December,5,-2,0,0,0,1,9,,,
ORD-4793,VND-005,Furniture,19/12/2025,24/12/2025,23/12/2025,Delivered,1,21000,South,21000,December,4,-1,0,0,0,1,1,,,
ORD-4794,VND-012,Apparel,19/12/2025,28/12/2025,27/12/2025,Delivered,42,90,Central,3780,December,8,-1,0,0,0,1,42,,,
ORD-4795,VND-009,Electronics,19/12/2025,25/12/2025,23/12/2025,Delivered,2,3000,West,6000,December,4,-2,0,0,0,1,2,,,
ORD-4796,VND-015,Office Supplies,19/12/2025,25/12/2025,25/12/2025,Delivered,101,500,East,50500,December,6,0,0,0,1,0,101,,,
ORD-4797,VND-001,Apparel,19/12/2025,23/12/2025,23/12/2025,Delivered,8,140,North,1120,December,4,0,0,0,1,0,8,,,
ORD-4798,VND-004,Office Supplies,19/12/2025,28/12/2025,,In Transit,109,18,South,1962,December,,,1,0,0,0,0,,,
ORD-4799,VND-003,Furniture,19/12/2025,28/12/2025,,In Transit,1,7000,Central,7000,December,,,1,0,0,0,0,,,
ORD-4800,VND-002,Apparel,20/12/2025,24/12/2025,26/12/2025,Delivered,15,110,North,1650,December,6,2,0,1,0,0,15,,,
ORD-4801,VND-015,Electronics,20/12/2025,28/12/2025,26/12/2025,Delivered,3,7200,South,21600,December,6,-2,0,0,0,1,3,,,
ORD-4802,VND-008,Apparel,20/12/2025,24/12/2025,22/12/2025,Delivered,11,250,East,2750,December,2,-2,0,0,0,1,11,,,
ORD-4803,VND-007,Office Supplies,20/12/2025,25/12/2025,23/12/2025,Delivered,70,40,West,2800,December,3,-2,0,0,0,1,70,,,
ORD-4804,VND-009,Electronics,20/12/2025,29/12/2025,,Cancelled,8,5000,Central,40000,December,,,1,0,0,0,0,,,
ORD-4805,VND-002,Apparel,20/12/2025,29/12/2025,,In Transit,7,75,East,525,December,,,1,0,0,0,0,,,
ORD-4806,VND-014,Apparel,20/12/2025,27/12/2025,29/12/2025,Delivered,22,45,South,990,December,9,2,0,1,0,0,22,,,
ORD-4807,VND-014,Apparel,20/12/2025,28/12/2025,26/12/2025,Delivered,41,320,Central,13120,December,6,-2,0,0,0,1,41,,,
ORD-4808,VND-004,Apparel,20/12/2025,28/12/2025,26/12/2025,Delivered,40,250,North,10000,December,6,-2,0,0,0,1,40,,,
ORD-4809,VND-014,Electronics,20/12/2025,24/12/2025,26/12/2025,Delivered,2,1100,International,2200,December,6,2,0,1,0,0,2,,,
ORD-4810,VND-015,Office Supplies,21/12/2025,29/12/2025,30/12/2025,Delivered,53,18,West,954,December,9,1,0,1,0,0,53,,,
ORD-4811,VND-006,Apparel,21/12/2025,27/12/2025,28/12/2025,Delivered,33,130,South,4290,December,7,1,0,1,0,0,33,,,
ORD-4812,VND-011,Electronics,21/12/2025,28/12/2025,30/12/2025,Delivered,2,13500,West,27000,December,9,2,0,1,0,0,2,,,
ORD-4813,VND-003,Office Supplies,21/12/2025,30/12/2025,31/12/2025,Delivered,62,95,Central,5890,December,10,1,0,1,0,0,62,,,
ORD-4814,VND-008,Apparel,21/12/2025,25/12/2025,30/12/2025,Delivered,11,250,International,2750,December,9,5,0,1,0,0,11,,,
ORD-4815,VND-003,Office Supplies,21/12/2025,26/12/2025,,Cancelled,90,500,East,45000,December,,,1,0,0,0,0,,,
ORD-4816,VND-014,Office Supplies,21/12/2025,25/12/2025,25/12/2025,Delivered,88,50,West,4400,December,4,0,0,0,1,0,88,,,
ORD-4817,VND-012,Electronics,21/12/2025,30/12/2025,29/12/2025,Delivered,5,1200,North,6000,December,8,-1,0,0,0,1,5,,,
ORD-4818,VND-013,Office Supplies,21/12/2025,30/12/2025,28/12/2025,Delivered,63,150,South,9450,December,7,-2,0,0,0,1,63,,,
ORD-4819,VND-013,Electronics,21/12/2025,25/12/2025,25/12/2025,Delivered,10,13500,North,135000,December,4,0,0,0,1,0,10,,,
ORD-4820,VND-002,Apparel,21/12/2025,28/12/2025,26/12/2025,Delivered,15,220,West,3300,December,5,-2,0,0,0,1,15,,,
ORD-4821,VND-013,Office Supplies,21/12/2025,27/12/2025,30/12/2025,Delivered,35,40,International,1400,December,9,3,0,1,0,0,35,,,
ORD-4822,VND-013,Office Supplies,21/12/2025,30/12/2025,,In Transit,21,350,East,7350,December,,,1,0,0,0,0,,,
ORD-4823,VND-003,Furniture,21/12/2025,30/12/2025,31/12/2025,Delivered,1,6500,East,6500,December,10,1,0,1,0,0,1,,,
ORD-4824,VND-011,Apparel,21/12/2025,30/12/2025,31/12/2025,Delivered,46,180,North,8280,December,10,1,0,1,0,0,46,,,
ORD-4825,VND-006,Apparel,21/12/2025,25/12/2025,23/12/2025,Delivered,54,45,Central,2430,December,2,-2,0,0,0,1,54,,,
ORD-4826,VND-002,Furniture,21/12/2025,28/12/2025,,Cancelled,1,18000,Central,18000,December,,,1,0,0,0,0,,,
ORD-4827,VND-008,Furniture,21/12/2025,28/12/2025,,Cancelled,3,16500,International,49500,December,,,1,0,0,0,0,,,
ORD-4828,VND-001,Electronics,21/12/2025,29/12/2025,27/12/2025,Delivered,7,8500,East,59500,December,6,-2,0,0,0,1,7,,,
ORD-4829,VND-007,Electronics,21/12/2025,28/12/2025,28/12/2025,Delivered,6,29000,North,174000,December,7,0,0,0,1,0,6,,,
ORD-4830,VND-002,Office Supplies,21/12/2025,30/12/2025,,Cancelled,24,45,North,1080,December,,,1,0,0,0,0,,,
ORD-4831,VND-010,Office Supplies,22/12/2025,26/12/2025,29/12/2025,Delivered,73,22,North,1606,December,7,3,0,1,0,0,73,,,
ORD-4832,VND-012,Office Supplies,22/12/2025,31/12/2025,31/12/2025,Delivered,90,30,West,2700,December,9,0,0,0,1,0,90,,,
ORD-4833,VND-006,Office Supplies,22/12/2025,27/12/2025,29/12/2025,Delivered,92,95,International,8740,December,7,2,0,1,0,0,92,,,
ORD-4834,VND-012,Electronics,22/12/2025,29/12/2025,28/12/2025,Delivered,9,1800,Central,16200,December,6,-1,0,0,0,1,9,,,
ORD-4835,VND-002,Apparel,22/12/2025,29/12/2025,28/12/2025,Delivered,38,60,Central,2280,December,6,-1,0,0,0,1,38,,,
ORD-4836,VND-002,Office Supplies,22/12/2025,31/12/2025,31/12/2025,Delivered,86,50,West,4300,December,9,0,0,0,1,0,86,,,
ORD-4837,VND-010,Apparel,22/12/2025,30/12/2025,,In Transit,54,75,South,4050,December,,,1,0,0,0,0,,,
ORD-4838,VND-013,Office Supplies,22/12/2025,26/12/2025,26/12/2025,Delivered,86,500,West,43000,December,4,0,0,0,1,0,86,,,
ORD-4839,VND-008,Furniture,22/12/2025,27/12/2025,27/12/2025,Delivered,1,4500,International,4500,December,5,0,0,0,1,0,1,,,
ORD-4840,VND-015,Office Supplies,22/12/2025,28/12/2025,29/12/2025,Delivered,102,15,North,1530,December,7,1,0,1,0,0,102,,,
ORD-4841,VND-015,Office Supplies,22/12/2025,26/12/2025,27/12/2025,Delivered,114,15,West,1710,December,5,1,0,1,0,0,114,,,
ORD-4842,VND-012,Office Supplies,22/12/2025,28/12/2025,31/12/2025,Delivered,106,350,North,37100,December,9,3,0,1,0,0,106,,,
ORD-4843,VND-002,Electronics,22/12/2025,30/12/2025,28/12/2025,Delivered,4,1200,International,4800,December,6,-2,0,0,0,1,4,,,
ORD-4844,VND-007,Furniture,22/12/2025,26/12/2025,29/12/2025,Delivered,1,15000,International,15000,December,7,3,0,1,0,0,1,,,
ORD-4845,VND-003,Office Supplies,22/12/2025,28/12/2025,29/12/2025,Delivered,51,50,East,2550,December,7,1,0,1,0,0,51,,,
ORD-4846,VND-008,Office Supplies,22/12/2025,31/12/2025,,Cancelled,46,150,North,6900,December,,,1,0,0,0,0,,,
ORD-4847,VND-007,Apparel,23/12/2025,28/12/2025,29/12/2025,Delivered,44,110,Central,4840,December,6,1,0,1,0,0,44,,,
ORD-4848,VND-014,Furniture,23/12/2025,27/12/2025,,Cancelled,1,21000,West,21000,December,,,1,0,0,0,0,,,
ORD-4849,VND-008,Office Supplies,23/12/2025,01/01/2026,,Cancelled,42,30,International,1260,December,,,1,0,0,0,0,,,
ORD-4850,VND-014,Apparel,23/12/2025,28/12/2025,30/12/2025,Delivered,5,75,North,375,December,7,2,0,1,0,0,5,,,
ORD-4851,VND-007,Apparel,23/12/2025,01/01/2026,28/12/2025,Delivered,47,60,South,2820,December,5,-4,0,0,0,1,47,,,
ORD-4852,VND-011,Electronics,23/12/2025,28/12/2025,,In Transit,7,8500,East,59500,December,,,1,0,0,0,0,,,
ORD-4853,VND-006,Apparel,23/12/2025,28/12/2025,28/12/2025,Delivered,40,140,South,5600,December,5,0,0,0,1,0,40,,,
ORD-4854,VND-013,Office Supplies,23/12/2025,27/12/2025,27/12/2025,Delivered,95,80,International,7600,December,4,0,0,0,1,0,95,,,
ORD-4855,VND-007,Electronics,23/12/2025,30/12/2025,,In Transit,2,5000,South,10000,December,,,1,0,0,0,0,,,
ORD-4856,VND-005,Electronics,23/12/2025,28/12/2025,28/12/2025,Delivered,3,7200,South,21600,December,5,0,0,0,1,0,3,,,
ORD-4857,VND-007,Office Supplies,23/12/2025,27/12/2025,25/12/2025,Delivered,93,18,East,1674,December,2,-2,0,0,0,1,93,,,
ORD-4858,VND-001,Furniture,23/12/2025,28/12/2025,31/12/2025,Delivered,3,6500,East,19500,December,8,3,0,1,0,0,3,,,
ORD-4859,VND-001,Apparel,23/12/2025,29/12/2025,,In Transit,13,250,East,3250,December,,,1,0,0,0,0,,,
ORD-4860,VND-009,Electronics,23/12/2025,31/12/2025,30/12/2025,Delivered,3,1100,East,3300,December,7,-1,0,0,0,1,3,,,
ORD-4861,VND-014,Furniture,23/12/2025,30/12/2025,30/12/2025,Delivered,1,4500,South,4500,December,7,0,0,0,1,0,1,,,
ORD-4862,VND-005,Office Supplies,23/12/2025,29/12/2025,28/12/2025,Delivered,43,350,Central,15050,December,5,-1,0,0,0,1,43,,,
ORD-4863,VND-013,Apparel,23/12/2025,01/01/2026,31/12/2025,Delivered,15,60,Central,900,December,8,-1,0,0,0,1,15,,,
ORD-4864,VND-005,Apparel,23/12/2025,29/12/2025,30/12/2025,Delivered,8,90,East,720,December,7,1,0,1,0,0,8,,,
ORD-4865,VND-003,Electronics,23/12/2025,01/01/2026,27/12/2025,Delivered,4,1100,West,4400,December,4,-5,0,0,0,1,4,,,
ORD-4866,VND-005,Apparel,23/12/2025,31/12/2025,31/12/2025,Delivered,29,220,North,6380,December,8,0,0,0,1,0,29,,,
ORD-4867,VND-003,Apparel,23/12/2025,31/12/2025,31/12/2025,Delivered,15,140,International,2100,December,8,0,0,0,1,0,15,,,
ORD-4868,VND-009,Apparel,23/12/2025,31/12/2025,31/12/2025,Delivered,6,75,West,450,December,8,0,0,0,1,0,6,,,
ORD-4869,VND-009,Apparel,23/12/2025,30/12/2025,,Cancelled,33,180,International,5940,December,,,1,0,0,0,0,,,
ORD-4870,VND-006,Office Supplies,23/12/2025,30/12/2025,29/12/2025,Delivered,11,50,West,550,December,6,-1,0,0,0,1,11,,,
ORD-4871,VND-015,Furniture,23/12/2025,30/12/2025,,In Transit,3,8000,West,24000,December,,,1,0,0,0,0,,,
ORD-4872,VND-001,Office Supplies,23/12/2025,31/12/2025,30/12/2025,Delivered,68,95,Central,6460,December,7,-1,0,0,0,1,68,,,
ORD-4873,VND-007,Office Supplies,24/12/2025,01/01/2026,,Cancelled,12,40,North,480,December,,,1,0,0,0,0,,,
ORD-4874,VND-007,Electronics,24/12/2025,31/12/2025,31/12/2025,Delivered,1,1800,West,1800,December,7,0,0,0,1,0,1,,,
ORD-4875,VND-014,Apparel,24/12/2025,02/01/2026,,Cancelled,22,250,East,5500,December,,,1,0,0,0,0,,,
ORD-4876,VND-010,Office Supplies,24/12/2025,02/01/2026,31/12/2025,Delivered,33,30,International,990,December,7,-2,0,0,0,1,33,,,
ORD-4877,VND-010,Apparel,24/12/2025,30/12/2025,,In Transit,48,130,Central,6240,December,,,1,0,0,0,0,,,
ORD-4878,VND-004,Office Supplies,24/12/2025,29/12/2025,28/12/2025,Delivered,65,12,International,780,December,4,-1,0,0,0,1,65,,,
ORD-4879,VND-008,Office Supplies,24/12/2025,02/01/2026,31/12/2025,Delivered,53,30,East,1590,December,7,-2,0,0,0,1,53,,,
ORD-4880,VND-006,Electronics,24/12/2025,29/12/2025,31/12/2025,Delivered,10,1200,East,12000,December,7,2,0,1,0,0,10,,,
ORD-4881,VND-004,Furniture,24/12/2025,31/12/2025,30/12/2025,Delivered,3,7000,West,21000,December,6,-1,0,0,0,1,3,,,
ORD-4882,VND-004,Furniture,24/12/2025,28/12/2025,27/12/2025,Delivered,2,6500,East,13000,December,3,-1,0,0,0,1,2,,,
ORD-4883,VND-002,Office Supplies,24/12/2025,02/01/2026,31/12/2025,Delivered,42,150,North,6300,December,7,-2,0,0,0,1,42,,,
ORD-4884,VND-014,Electronics,24/12/2025,29/12/2025,29/12/2025,Delivered,3,2400,East,7200,December,5,0,0,0,1,0,3,,,
ORD-4885,VND-002,Apparel,24/12/2025,02/01/2026,27/12/2025,Delivered,49,90,West,4410,December,3,-6,0,0,0,1,49,,,
ORD-4886,VND-012,Apparel,24/12/2025,31/12/2025,,In Transit,8,140,International,1120,December,,,1,0,0,0,0,,,
ORD-4887,VND-014,Office Supplies,24/12/2025,30/12/2025,,In Transit,28,150,East,4200,December,,,1,0,0,0,0,,,
ORD-4888,VND-004,Furniture,24/12/2025,01/01/2026,30/12/2025,Delivered,2,12000,Central,24000,December,6,-2,0,0,0,1,2,,,
ORD-4889,VND-005,Electronics,24/12/2025,28/12/2025,,In Transit,3,29000,Central,87000,December,,,1,0,0,0,0,,,
ORD-4890,VND-008,Furniture,24/12/2025,31/12/2025,31/12/2025,Delivered,1,15000,Central,15000,December,7,0,0,0,1,0,1,,,
ORD-4891,VND-015,Apparel,24/12/2025,30/12/2025,30/12/2025,Delivered,41,220,International,9020,December,6,0,0,0,1,0,41,,,
ORD-4892,VND-006,Furniture,24/12/2025,30/12/2025,30/12/2025,Delivered,1,18000,South,18000,December,6,0,0,0,1,0,1,,,
ORD-4893,VND-014,Apparel,24/12/2025,01/01/2026,30/12/2025,Delivered,37,45,Central,1665,December,6,-2,0,0,0,1,37,,,
ORD-4894,VND-015,Electronics,25/12/2025,02/01/2026,31/12/2025,Delivered,9,7200,Central,64800,December,6,-2,0,0,0,1,9,,,
ORD-4895,VND-004,Electronics,25/12/2025,02/01/2026,,In Transit,6,13500,South,81000,December,,,1,0,0,0,0,,,
ORD-4896,VND-013,Office Supplies,25/12/2025,29/12/2025,,Cancelled,70,30,International,2100,December,,,1,0,0,0,0,,,
ORD-4897,VND-011,Office Supplies,25/12/2025,03/01/2026,29/12/2025,Delivered,13,22,Central,286,December,4,-5,0,0,0,1,13,,,
ORD-4898,VND-007,Furniture,25/12/2025,02/01/2026,,In Transit,1,16500,West,16500,December,,,1,0,0,0,0,,,
ORD-4899,VND-008,Electronics,25/12/2025,30/12/2025,31/12/2025,Delivered,3,1800,International,5400,December,6,1,0,1,0,0,3,,,
ORD-4900,VND-002,Electronics,25/12/2025,31/12/2025,28/12/2025,Delivered,10,5000,Central,50000,December,3,-3,0,0,0,1,10,,,
ORD-4901,VND-012,Office Supplies,25/12/2025,30/12/2025,28/12/2025,Delivered,44,45,Central,1980,December,3,-2,0,0,0,1,44,,,
ORD-4902,VND-007,Apparel,25/12/2025,03/01/2026,30/12/2025,Delivered,9,320,South,2880,December,5,-4,0,0,0,1,9,,,
ORD-4903,VND-015,Furniture,25/12/2025,03/01/2026,31/12/2025,Delivered,2,6500,West,13000,December,6,-3,0,0,0,1,2,,,
ORD-4904,VND-014,Furniture,25/12/2025,02/01/2026,31/12/2025,Delivered,2,6500,International,13000,December,6,-2,0,0,0,1,2,,,
ORD-4905,VND-002,Office Supplies,25/12/2025,01/01/2026,30/12/2025,Delivered,110,45,East,4950,December,5,-2,0,0,0,1,110,,,
ORD-4906,VND-002,Electronics,25/12/2025,02/01/2026,30/12/2025,Delivered,5,29000,North,145000,December,5,-3,0,0,0,1,5,,,
ORD-4907,VND-008,Office Supplies,25/12/2025,02/01/2026,31/12/2025,Delivered,56,18,West,1008,December,6,-2,0,0,0,1,56,,,
ORD-4908,VND-002,Office Supplies,25/12/2025,29/12/2025,28/12/2025,Delivered,43,80,East,3440,December,3,-1,0,0,0,1,43,,,
ORD-4909,VND-015,Office Supplies,25/12/2025,01/01/2026,30/12/2025,Delivered,52,350,West,18200,December,5,-2,0,0,0,1,52,,,
ORD-4910,VND-011,Office Supplies,26/12/2025,31/12/2025,29/12/2025,Delivered,51,22,East,1122,December,3,-2,0,0,0,1,51,,,
ORD-4911,VND-009,Apparel,26/12/2025,01/01/2026,,Cancelled,16,45,East,720,December,,,1,0,0,0,0,,,
ORD-4912,VND-012,Apparel,26/12/2025,04/01/2026,,In Transit,45,320,West,14400,December,,,1,0,0,0,0,,,
ORD-4913,VND-001,Electronics,26/12/2025,01/01/2026,31/12/2025,Delivered,10,2400,South,24000,December,5,-1,0,0,0,1,10,,,
ORD-4914,VND-015,Office Supplies,26/12/2025,30/12/2025,30/12/2025,Delivered,105,350,West,36750,December,4,0,0,0,1,0,105,,,
ORD-4915,VND-009,Apparel,26/12/2025,03/01/2026,,Cancelled,13,90,West,1170,December,,,1,0,0,0,0,,,
ORD-4916,VND-015,Electronics,26/12/2025,02/01/2026,,Cancelled,4,29000,East,116000,December,,,1,0,0,0,0,,,
ORD-4917,VND-001,Office Supplies,26/12/2025,31/12/2025,31/12/2025,Delivered,109,45,North,4905,December,5,0,0,0,1,0,109,,,
ORD-4918,VND-010,Furniture,26/12/2025,04/01/2026,30/12/2025,Delivered,1,21000,East,21000,December,4,-5,0,0,0,1,1,,,
ORD-4919,VND-013,Apparel,26/12/2025,31/12/2025,,Cancelled,28,45,Central,1260,December,,,1,0,0,0,0,,,
ORD-4920,VND-010,Electronics,26/12/2025,01/01/2026,31/12/2025,Delivered,4,1100,West,4400,December,5,-1,0,0,0,1,4,,,
ORD-4921,VND-002,Furniture,26/12/2025,02/01/2026,31/12/2025,Delivered,3,18000,International,54000,December,5,-2,0,0,0,1,3,,,
ORD-4922,VND-006,Office Supplies,26/12/2025,01/01/2026,31/12/2025,Delivered,62,12,West,744,December,5,-1,0,0,0,1,62,,,
ORD-4923,VND-006,Office Supplies,27/12/2025,05/01/2026,,Cancelled,28,12,South,336,December,,,1,0,0,0,0,,,
ORD-4924,VND-001,Office Supplies,27/12/2025,31/12/2025,,Cancelled,29,50,International,1450,December,,,1,0,0,0,0,,,
ORD-4925,VND-007,Apparel,27/12/2025,05/01/2026,31/12/2025,Delivered,7,250,East,1750,December,4,-5,0,0,0,1,7,,,
ORD-4926,VND-008,Electronics,27/12/2025,02/01/2026,,In Transit,6,2400,South,14400,December,,,1,0,0,0,0,,,
ORD-4927,VND-002,Furniture,27/12/2025,04/01/2026,,Cancelled,2,4500,West,9000,December,,,1,0,0,0,0,,,
ORD-4928,VND-008,Electronics,27/12/2025,03/01/2026,,In Transit,4,5000,East,20000,December,,,1,0,0,0,0,,,
ORD-4929,VND-009,Apparel,27/12/2025,05/01/2026,,Cancelled,36,250,East,9000,December,,,1,0,0,0,0,,,
ORD-4930,VND-006,Electronics,27/12/2025,01/01/2026,,Cancelled,6,8500,Central,51000,December,,,1,0,0,0,0,,,
ORD-4931,VND-005,Apparel,27/12/2025,02/01/2026,,Cancelled,31,140,Central,4340,December,,,1,0,0,0,0,,,
ORD-4932,VND-012,Office Supplies,27/12/2025,02/01/2026,,Cancelled,24,30,North,720,December,,,1,0,0,0,0,,,
ORD-4933,VND-009,Furniture,27/12/2025,02/01/2026,,Cancelled,3,6500,Central,19500,December,,,1,0,0,0,0,,,
ORD-4934,VND-013,Office Supplies,27/12/2025,04/01/2026,,Cancelled,87,45,International,3915,December,,,1,0,0,0,0,,,
ORD-4935,VND-012,Electronics,28/12/2025,02/01/2026,,Cancelled,1,13500,East,13500,December,,,1,0,0,0,0,,,
ORD-4936,VND-011,Office Supplies,28/12/2025,04/01/2026,,Cancelled,105,18,Central,1890,December,,,1,0,0,0,0,,,
ORD-4937,VND-009,Furniture,28/12/2025,02/01/2026,,In Transit,2,6500,North,13000,December,,,1,0,0,0,0,,,
ORD-4938,VND-001,Office Supplies,28/12/2025,05/01/2026,31/12/2025,Delivered,62,350,West,21700,December,3,-5,0,0,0,1,62,,,
ORD-4939,VND-011,Furniture,28/12/2025,04/01/2026,,Cancelled,3,15000,International,45000,December,,,1,0,0,0,0,,,
ORD-4940,VND-003,Furniture,28/12/2025,02/01/2026,31/12/2025,Delivered,3,14000,Central,42000,December,3,-2,0,0,0,1,3,,,
ORD-4941,VND-009,Office Supplies,28/12/2025,02/01/2026,,In Transit,18,30,East,540,December,,,1,0,0,0,0,,,
ORD-4942,VND-011,Apparel,28/12/2025,04/01/2026,31/12/2025,Delivered,38,45,West,1710,December,3,-4,0,0,0,1,38,,,
ORD-4943,VND-002,Electronics,28/12/2025,05/01/2026,,In Transit,3,8500,East,25500,December,,,1,0,0,0,0,,,
ORD-4944,VND-012,Apparel,28/12/2025,03/01/2026,,In Transit,33,140,West,4620,December,,,1,0,0,0,0,,,
ORD-4945,VND-004,Apparel,28/12/2025,03/01/2026,,Cancelled,22,45,International,990,December,,,1,0,0,0,0,,,
ORD-4946,VND-004,Office Supplies,28/12/2025,02/01/2026,,In Transit,73,18,East,1314,December,,,1,0,0,0,0,,,
ORD-4947,VND-002,Electronics,28/12/2025,05/01/2026,,Cancelled,6,45000,Central,270000,December,,,1,0,0,0,0,,,
ORD-4948,VND-015,Electronics,28/12/2025,02/01/2026,31/12/2025,Delivered,9,7200,Central,64800,December,3,-2,0,0,0,1,9,,,
ORD-4949,VND-003,Apparel,28/12/2025,02/01/2026,,Cancelled,46,195,North,8970,December,,,1,0,0,0,0,,,
ORD-4950,VND-013,Office Supplies,28/12/2025,02/01/2026,,Cancelled,66,95,West,6270,December,,,1,0,0,0,0,,,
ORD-4951,VND-003,Electronics,28/12/2025,05/01/2026,,In Transit,8,5000,North,40000,December,,,1,0,0,0,0,,,
ORD-4952,VND-001,Apparel,28/12/2025,04/01/2026,31/12/2025,Delivered,26,180,South,4680,December,3,-4,0,0,0,1,26,,,
ORD-4953,VND-006,Electronics,29/12/2025,06/01/2026,,In Transit,6,1200,Central,7200,December,,,1,0,0,0,0,,,
ORD-4954,VND-008,Office Supplies,29/12/2025,05/01/2026,,Cancelled,48,50,West,2400,December,,,1,0,0,0,0,,,
ORD-4955,VND-012,Office Supplies,29/12/2025,03/01/2026,,Cancelled,26,50,International,1300,December,,,1,0,0,0,0,,,
ORD-4956,VND-003,Office Supplies,29/12/2025,05/01/2026,,In Transit,9,150,North,1350,December,,,1,0,0,0,0,,,
ORD-4957,VND-005,Electronics,29/12/2025,05/01/2026,,In Transit,3,3100,International,9300,December,,,1,0,0,0,0,,,
ORD-4958,VND-001,Furniture,29/12/2025,03/01/2026,,In Transit,2,7000,International,14000,December,,,1,0,0,0,0,,,
ORD-4959,VND-010,Electronics,29/12/2025,02/01/2026,,In Transit,8,1100,International,8800,December,,,1,0,0,0,0,,,
ORD-4960,VND-007,Furniture,29/12/2025,07/01/2026,,In Transit,1,9500,North,9500,December,,,1,0,0,0,0,,,
ORD-4961,VND-010,Office Supplies,29/12/2025,04/01/2026,,Cancelled,73,30,South,2190,December,,,1,0,0,0,0,,,
ORD-4962,VND-013,Apparel,29/12/2025,04/01/2026,31/12/2025,Delivered,50,45,North,2250,December,2,-4,0,0,0,1,50,,,
ORD-4963,VND-001,Furniture,29/12/2025,02/01/2026,31/12/2025,Delivered,3,4500,East,13500,December,2,-2,0,0,0,1,3,,,
ORD-4964,VND-012,Office Supplies,29/12/2025,07/01/2026,,In Transit,112,30,Central,3360,December,,,1,0,0,0,0,,,
ORD-4965,VND-011,Office Supplies,29/12/2025,03/01/2026,,Cancelled,47,40,North,1880,December,,,1,0,0,0,0,,,
ORD-4966,VND-009,Furniture,29/12/2025,03/01/2026,31/12/2025,Delivered,1,15000,North,15000,December,2,-3,0,0,0,1,1,,,
ORD-4967,VND-008,Apparel,30/12/2025,04/01/2026,,In Transit,15,90,South,1350,December,,,1,0,0,0,0,,,
ORD-4968,VND-007,Office Supplies,30/12/2025,06/01/2026,,In Transit,14,25,East,350,December,,,1,0,0,0,0,,,
ORD-4969,VND-010,Furniture,30/12/2025,06/01/2026,,In Transit,3,7000,North,21000,December,,,1,0,0,0,0,,,
ORD-4970,VND-015,Apparel,30/12/2025,04/01/2026,,Cancelled,16,220,Central,3520,December,,,1,0,0,0,0,,,
ORD-4971,VND-007,Apparel,30/12/2025,08/01/2026,,In Transit,31,250,Central,7750,December,,,1,0,0,0,0,,,
ORD-4972,VND-005,Office Supplies,30/12/2025,04/01/2026,,Cancelled,88,22,North,1936,December,,,1,0,0,0,0,,,
ORD-4973,VND-005,Electronics,30/12/2025,06/01/2026,,Cancelled,10,1800,International,18000,December,,,1,0,0,0,0,,,
ORD-4974,VND-011,Electronics,30/12/2025,07/01/2026,,In Transit,9,3000,International,27000,December,,,1,0,0,0,0,,,
ORD-4975,VND-013,Office Supplies,30/12/2025,05/01/2026,,In Transit,59,45,East,2655,December,,,1,0,0,0,0,,,
ORD-4976,VND-005,Apparel,30/12/2025,05/01/2026,,Cancelled,25,75,Central,1875,December,,,1,0,0,0,0,,,
ORD-4977,VND-001,Office Supplies,30/12/2025,06/01/2026,,Cancelled,23,15,International,345,December,,,1,0,0,0,0,,,
ORD-4978,VND-008,Furniture,30/12/2025,05/01/2026,,In Transit,3,14000,Central,42000,December,,,1,0,0,0,0,,,
ORD-4979,VND-012,Electronics,30/12/2025,07/01/2026,,In Transit,2,7200,East,14400,December,,,1,0,0,0,0,,,
ORD-4980,VND-011,Furniture,30/12/2025,05/01/2026,,Cancelled,1,14000,East,14000,December,,,1,0,0,0,0,,,
ORD-4981,VND-001,Office Supplies,31/12/2025,09/01/2026,,Cancelled,23,25,International,575,December,,,1,0,0,0,0,,,
ORD-4982,VND-004,Office Supplies,31/12/2025,05/01/2026,,Cancelled,72,150,North,10800,December,,,1,0,0,0,0,,,
ORD-4983,VND-015,Apparel,31/12/2025,08/01/2026,,Cancelled,15,250,West,3750,December,,,1,0,0,0,0,,,
ORD-4984,VND-009,Apparel,31/12/2025,09/01/2026,,Cancelled,6,130,South,780,December,,,1,0,0,0,0,,,
ORD-4985,VND-014,Apparel,31/12/2025,09/01/2026,,Cancelled,23,180,West,4140,December,,,1,0,0,0,0,,,
ORD-4986,VND-009,Furniture,31/12/2025,06/01/2026,,In Transit,1,6500,West,6500,December,,,1,0,0,0,0,,,
ORD-4987,VND-005,Apparel,31/12/2025,04/01/2026,,Cancelled,32,220,Central,7040,December,,,1,0,0,0,0,,,
ORD-4988,VND-004,Office Supplies,31/12/2025,09/01/2026,,In Transit,94,500,East,47000,December,,,1,0,0,0,0,,,
ORD-4989,VND-003,Apparel,31/12/2025,08/01/2026,,In Transit,12,90,Central,1080,December,,,1,0,0,0,0,,,
ORD-4990,VND-003,Electronics,31/12/2025,09/01/2026,,Cancelled,9,3100,International,27900,December,,,1,0,0,0,0,,,
ORD-4991,VND-012,Apparel,31/12/2025,09/01/2026,,In Transit,50,45,South,2250,December,,,1,0,0,0,0,,,
ORD-4992,VND-005,Furniture,31/12/2025,09/01/2026,,In Transit,1,8000,International,8000,December,,,1,0,0,0,0,,,
ORD-4993,VND-010,Electronics,31/12/2025,06/01/2026,,Cancelled,7,5000,North,35000,December,,,1,0,0,0,0,,,
ORD-4994,VND-001,Electronics,31/12/2025,05/01/2026,,Cancelled,6,7200,South,43200,December,,,1,0,0,0,0,,,
ORD-4995,VND-005,Electronics,31/12/2025,05/01/2026,,Cancelled,2,5000,Central,10000,December,,,1,0,0,0,0,,,
ORD-4996,VND-006,Furniture,31/12/2025,09/01/2026,,Cancelled,2,12000,Central,24000,December,,,1,0,0,0,0,,,
ORD-4997,VND-007,Office Supplies,31/12/2025,06/01/2026,,In Transit,11,150,International,1650,December,,,1,0,0,0,0,,,
ORD-4998,VND-012,Apparel,31/12/2025,06/01/2026,,In Transit,46,60,Central,2760,December,,,1,0,0,0,0,,,
ORD-4999,VND-009,Electronics,31/12/2025,09/01/2026,,Cancelled,4,2400,Central,9600,December,,,1,0,0,0,0,,,
ORD-5000,VND-003,Electronics,31/12/2025,06/01/2026,,In Transit,6,5000,West,30000,December,,,1,0,0,0,0,,,
